search_space_enz_62,0.4096878965471833,0.22712053110012748,0.14010548522357072,-0.049763699790724474,-0.4170038131997411,0.2577167318229252,0.285675210716811,-0.05085034334920564,0.039670238505130906,-0.2848772961470222,-0.29824279562322153,0.2499937947765413,-0.04488482915427947,-0.3267804931568568,-0.09127213287127806,0.4779693087194066,0.3128966008099285,-0.6109669817034256,-0.10967983351846293,-0.11651357970740632,1.5296667248608335,2.752493210526217,1.7008683226386039,2.0007347371780253,2.0577117235703937,0.9660436678827646,1.8463672613448587,2.4178892320783585,1.2656433573083063,1.348941010408971,1.34420060896323,1.4135998422280331,0.5333378466993107,2.231287671565146,2.427162566151493,1.4472256103103602,1.368398897017413,2.211006263939359,2.1217290502602615,1.2626149786794332
search_space_enz_14,0.2020085653578409,0.12794002554052783,0.07760636107646594,0.06365876122489718,-0.5688314920568972,0.19097453943622222,0.3130660503238532,-0.23043891007700099,-0.10355510627910819,0.04949512021554801,0.046269036329707865,0.28613846018972927,0.049738461980949736,-0.18376951214410914,-0.18368809004343956,0.26890449790927984,0.21998319007961664,-0.6160171566248488,-0.0400194110284232,0.030536608589188184,1.0721735912394996,1.7557972169752254,1.728835687977634,2.2403669562077546,1.7143147476858482,1.1534668231471479,1.7660088613287468,2.432691007394286,1.895079398067898,2.371595429029403,2.220782324598317,1.3869121095310355,1.3334214845842118,2.5979474647314653,2.7479833837017678,1.0406622897845859,1.0047276103226261,2.789427367922926,2.287933198470553,1.615793782361735
search_space_enz_8,0.1315450654272294,0.0664695741766803,0.009886508890663536,0.05629358624345531,-0.23880178210413558,0.2740598391527517,0.24145128250784584,-0.3459019557825533,0.16912663409190748,-0.08329023776212732,-0.1429867289536893,0.1769113689979378,0.16324447933670022,-0.257289987625631,-0.0128389774919263,0.23692366046366778,0.21785848777778735,-0.6859193239895827,-0.013971052610787018,0.03722955925380706,1.0878756062202208,1.3456624693485324,1.2878834859211972,2.1315723013355043,3.082679831744055,1.222420143633563,1.5194214292372428,2.22016362793114,2.0507291213087493,2.0568504931086324,1.8449019914658653,1.01867649218773,1.8085908097320258,2.427715302080728,2.256415646041572,0.9997475302279788,0.7928022673703471,3.6478032238811005,1.6511173630760525,1.6106764430056402
search_space_enz_32,0.470832001972887,0.20619348863305814,-0.08377792705523802,-0.0019943136300858287,-0.429564967351948,0.20879883116230577,0.23842651794304123,-0.15268736806248726,-0.036056840556859454,0.08856883362185797,0.11966158605104019,0.19115435532547193,-0.007321817827965755,-0.29309740677707696,-0.23605087444043096,0.2500876356036615,0.22294257672404452,-0.7318230064153204,-0.19446584802226607,0.1701745431023101,1.324953027915229,1.929460232812915,1.3599887568150832,1.9835160797423896,1.4987080508717756,1.135953470854453,1.5485190112104459,2.5712370080795184,1.6592804603005908,2.2782162398804133,2.564952833229599,1.2192174295363931,1.297700936411875,2.0382506214844547,2.2713133110700436,1.0484040086408295,0.9739604326293361,2.025772225847158,1.3224605654590191,2.0101897245649787
search_space_enz_28,0.41343191519160954,0.22498794003278644,0.018949933186624884,0.055209924899725184,-0.4925532345536671,0.3333827832349227,0.28274966287959635,-0.2479182200963169,-0.05736177850963717,0.035088655560936266,0.07159357746940943,0.19309706383702202,0.044073034947620944,-0.28541328408654726,-0.18773748492632353,0.30118903967936916,0.19373240826558577,-0.6999485309030558,-0.25332806659825874,0.05677466048859602,1.5266853950312418,2.2387035933306683,1.5133490175427624,2.122889355644657,1.9626569335149644,1.3920561718779556,1.6404953748377251,1.9857021915488964,1.2463683469170168,2.522259161422472,2.5338607264429305,1.2594733035478587,1.0862183055967127,2.375648184859157,1.8856145318108453,1.0876838334174794,0.6021287598529229,2.3645313287925362,1.3033554281548143,1.943953696558862
search_space_enz_37,0.4782707506904884,0.19273935716795063,-0.01051589691982565,0.045926839300625966,-0.49523172806079485,0.2400359401716059,0.25630984857387784,-0.15043121752193064,-0.027611181732662273,0.026623554015405188,0.07716669587364998,0.17830419376203463,-0.028940753527900563,-0.3190485073738644,-0.15450673880198618,0.2763959743164587,0.2653526473217659,-0.7558781647180961,-0.19851560514572708,0.10355399260892535,1.495447579285207,1.883514910099343,1.5561820667637436,2.001256534220548,1.396944823125745,1.196197471612355,1.5903041896395758,2.4676329538288777,1.5881511164450257,2.1991604017720543,2.5063960518018966,1.1325555370076974,1.2138580774112517,1.9942002256996592,2.498065416288696,1.042448341965246,1.0933286739651722,1.6711684990614728,1.3344169284007064,1.8645770448988357
search_space_enz_23,0.43809828261551576,0.06047044146405711,0.014234789242758668,-0.032175738899065096,-0.311332321729003,0.25823555709478996,0.21328276204217578,-0.1634252370023383,-0.13760430343145896,-0.09373699447897521,-0.0436733504784428,0.18240868364944499,0.10570975672276543,-0.3390640090978649,-0.08671908597358366,0.3824841070212112,0.3603070135305595,-0.6960491637776195,-0.18657501757197797,0.07512382905705076,1.2081960656519668,1.6807363700790119,1.5428863159365729,2.5463602057231967,2.239150315777517,1.3046645164455872,1.686943270176104,2.6418971293342435,1.2633344919740905,2.0851593881084316,2.5227937047972717,1.3154847219538524,1.3642015944607413,2.28227030929821,2.5812499145091428,1.1742054551602024,1.1080382617907816,1.9095589362930225,1.683114005771579,1.8599058009450173
search_space_enz_59,0.2931421756456207,-0.2983571110691455,-0.09472954019360928,-0.41752822588806987,-0.18857488524623275,-0.14332619203697922,-0.2961263393520798,-0.03827380066516376,-0.22119854739816824,0.3302848442375135,0.23995761531042872,-0.17552991788126363,0.2994319278591366,0.29233719609344744,-0.23859998451161854,0.37966577279736446,0.3313619563898792,-0.38695049462540343,0.019761345923817685,0.31325220461052683,0.9132525301560483,1.0101065719842632,1.5221564713746008,1.27951136620623,1.8822325356225378,0.9433712204481087,0.8655838258320975,2.1275914249761656,1.3878787815751914,1.7550928101921461,1.6954743603567666,0.8489211053983268,1.4853938053949145,2.2664593065687826,2.1778730619949775,1.2079898210621496,0.8831332856563266,2.885341399047677,1.9785735464346113,1.3404834685564242
search_space_enz_43,0.4774274861061424,0.1956384743434054,-0.07220832444227199,-0.008363326376296443,-0.44201966336290127,0.20733273072875139,0.23434478214609414,-0.16510202332673615,-0.0014859294853273419,0.09075206314587732,0.11679141012988664,0.17275233165002923,-0.006607267965341091,-0.2697919781447221,-0.22826643987166687,0.23701098339877458,0.2398207972133002,-0.7550200934345136,-0.190693495996677,0.16768748354419202,1.3422018044720425,1.876382454918072,1.3765711522880142,2.0495055041322625,1.5510004054070523,1.1107617555922573,1.6219069534701298,2.610965085072819,1.5991241072691749,2.412911120113644,2.573132366127352,1.2530019402574066,1.3521398021523432,1.9106605906995697,2.3397026426393777,1.062002147385231,1.0093682157977364,1.7232933112269035,1.308031099467769,2.0259118608969193
search_space_enz_44,0.4702247938718554,0.20853580765980823,-0.07947310385573286,0.007392817385306243,-0.4352775725892377,0.19724611681506712,0.22909927185707155,-0.1818525737419639,-0.027594135507423748,0.08005331919646447,0.11680839717726996,0.1839465953142945,0.014172158541534531,-0.2867370221907124,-0.2564302112342256,0.24340663095007856,0.24798872674280845,-0.7247111751491184,-0.16647335843398922,0.15967451719084527,1.363001841633352,1.881488815215136,1.466808112050029,2.006383725316895,1.5006156874288497,1.110146395631276,1.6147599127442094,2.6217615920866444,1.5926407557770994,2.439642573485666,2.5323721621007804,1.2082323112736941,1.2050207125938144,2.0785150304754763,2.2500118194202954,1.0762780411373283,1.015309304149565,1.7898663557318386,1.4436223047337486,2.050974966730076
search_space_enz_90,0.4482158615221577,0.1777343807146515,-0.04840912398132745,-0.042977538921049455,-0.4577712817313818,0.20410221000435227,0.13629877440105195,-0.0067031811814843795,0.09414476837658764,-0.12782652572822809,0.012463699899809721,0.081949673821408,-0.002433608846485531,-0.21978752959636186,-0.07565664006968534,0.20251803167975788,0.21760425722454108,-0.46822557024503164,-0.1694849280426804,0.04424427069939787,1.3126329718120169,1.8025047171189044,1.3885088910892396,2.170479003774099,1.8700885472076647,1.1585340404839275,1.6325243148198023,3.146917728747358,1.7071173886292195,2.051442041811502,2.2010721789591523,1.2371740134200724,1.4930394788329246,2.1064910997498005,2.632538221511345,0.9443774234866568,1.019394377002754,2.697139143238461,1.747634722779789,1.8348088999919614
search_space_enz_36,0.48270064044392286,0.2458008286128229,-0.06297278041307422,-0.04778197648647836,-0.47230473652213784,0.23506300732356938,0.26959629268352,-0.17330559833050588,-0.10748379619409736,0.008334111653891247,0.09340669541925634,0.18075652267694506,0.02176931038754096,-0.31130933880265405,-0.1745118124560942,0.3178090855226091,0.2859002426388892,-0.7162321803762581,-0.1827333211958952,0.10749880341422725,1.1439279826267401,1.9108457070265303,1.2194007920378163,1.7044053009779594,1.2795688651336055,1.1980162686775888,1.384859992731224,2.6038951709714295,1.844283509287927,2.1643800288853097,2.3764789301367757,1.0571847940593389,1.4590163763511221,1.885682196026093,2.3496113487364476,0.912664495789809,1.2776578069291025,1.8168433973720066,1.5082106818967218,1.9140804878101496
search_space_enz_22,0.291511962255272,0.2260346304279946,0.13347011962393365,0.12592785091487177,-0.5440812459641934,0.3397360575344927,0.5524696112133761,-0.12045986525600053,-0.13487624681702526,-0.2739813495177562,-0.25556720826262985,0.4903792053478296,-0.09014202055189173,-0.5155598177730552,0.25353872702693736,0.4732691665471896,0.2817637835801441,-0.8346697753261423,-0.3216618283897203,-0.0771017566136267,0.9877423623162721,1.6702192709558759,1.398877893354067,1.8774354836850304,1.9879413637821934,1.1055045624974136,1.6792390866793059,2.351475338273612,1.319133272356678,1.7322653405627308,1.498427569533932,1.3246094207178327,1.1929891590898987,1.8829001109999761,3.2714755553135544,0.9817482752109482,0.853277557220646,2.008808242726433,1.378889520104531,1.475627949597619
search_space_enz_79,0.44481489832302196,0.19327088637209824,-0.05718562260348337,-0.05836875030711868,-0.45216517264441675,0.19808917309718035,0.14386051286396537,-0.020982147536987565,0.06820139391524047,-0.12042155283279607,-0.00047136121218418716,0.07775183299850771,-0.016127778732221362,-0.19735819860163184,-0.0872832251321913,0.1891833651728962,0.21160320051926118,-0.44672667515760905,-0.13778948591504617,0.06810470741351587,1.326641883335676,1.8418478108864842,1.3915318658217772,2.1419095606068206,1.749314980904053,1.1114834900234962,1.644729367277575,3.073482723736553,1.7467170216122139,2.006703584383037,2.226832385815227,1.2203702713840765,1.4624680333739437,2.0928058463680794,2.6313245985021827,0.9769666253144141,0.9714097464978507,2.8477907964435993,1.7019298829328904,1.7663499487704772
search_space_enz_47,0.465954059386046,0.21604881657243902,-0.08276072110795925,-0.011058208322237483,-0.42476864461433855,0.20168348013691692,0.21146318414357537,-0.17578431939862543,-0.01843045924601697,0.1103683197000222,0.14043109098322404,0.16658808042929957,0.025794446121003383,-0.2637494904213992,-0.23848945415208908,0.20977245784612397,0.21460733298744883,-0.7466461163782766,-0.17318670004592776,0.17216284538077029,1.3270407705564449,1.9354436616843511,1.3807191274205992,2.0160729127049497,1.5657778230264163,1.1597938502412852,1.6362710041226722,2.6288072159105225,1.6249370775656744,2.42808613663556,2.5959904300829755,1.2686723345824389,1.3307060426187576,2.0889709738317555,2.2927900838290984,1.0352181405442906,1.0041034877598862,1.815273843563995,1.2734304645756336,1.9732368098149737
search_space_enz_71,0.2813321172649358,-0.3272359706944414,-0.1377061986458996,-0.4458465834715266,-0.19670985905741445,-0.164865598371392,-0.3322032280338074,-0.029878142162802476,-0.25067364693334987,0.33807090228829706,0.2732293460858567,-0.1808468323656962,0.29982438859022154,0.31172530058886844,-0.20060648328918215,0.40307578197268923,0.32931132685135867,-0.35818688806283744,0.04874465879553516,0.33944560865058704,0.8988555638054606,1.016300517252913,1.4936409006096638,1.3185772214811329,1.9120771408715052,0.9984992897158264,0.8337946236162636,2.2614354226332476,1.3157930504742745,1.821502507721714,1.6916075778496604,0.9274036037752948,1.4926272358080939,2.386528629599235,2.053694241574237,1.1708197001637997,0.8775700123715527,2.7924079129792005,1.8869212424794841,1.4252277335378083
search_space_enz_86,0.4556734327341769,0.14956728521372673,-0.08277041128078019,-0.0024586102485486677,-0.40698264158596414,0.19269299029150405,0.07957920983337904,-0.026068926504624914,0.22942455961584268,-0.03972884295114786,0.08449303471797492,-0.08417674932890931,-0.0269448678323605,-0.16786004026586385,-0.12994848289564137,0.1265476759980073,0.14686229501199533,-0.42986176677029264,-0.09705389109003255,0.02901474733755988,1.1378377681175618,1.7643434137602354,1.305655094826211,2.0277043099880356,2.6187659433668333,1.1770471106188525,1.3144347070650875,2.5217994428568566,1.807561857514513,1.7681983732041522,1.9228321286836518,0.9617103369271891,1.5096392266226564,1.8747805563349258,2.7246409505131743,0.8525595156104996,0.943426523416897,3.8598710037452673,1.7649762606192492,1.5249255730933238
search_space_enz_39,0.48492645694003333,0.19274306443941358,-0.09153685691455614,-0.014079470298134745,-0.42484300157649046,0.22458809426324522,0.22640922279086445,-0.1767876784189045,-0.011057500953095862,0.08082956576621853,0.1342439562804088,0.18074850781931565,0.03214677838795538,-0.3050696121740271,-0.21721700322495402,0.23620637419307441,0.23640215458362343,-0.7480683012506271,-0.20322388956869705,0.16263913891533416,1.3320695711864383,1.9500709098573181,1.3934987314797194,2.017009999876515,1.4300990656085197,1.149528854858696,1.6315720391719128,2.5998519199148866,1.5701957308517926,2.394122458649336,2.504016019688783,1.2329834962963704,1.3342000367638553,1.9806905338131768,2.3701763245810232,1.0923986327938133,1.0723517934570037,1.7545079789492621,1.4031359515865853,1.9988869116596342
search_space_enz_27,0.4650005025813311,0.2165912425046444,-0.09067637042245336,-0.0008545300298820339,-0.44440507271231316,0.21223984370852927,0.22778840518954985,-0.14788695799453602,-0.05137400459264785,0.09429404225001121,0.14762638395055155,0.1872209245718494,0.01853891372174028,-0.27820271548096903,-0.2630743077063816,0.2257615005412942,0.23544275196184936,-0.7412088383101497,-0.18462564139923823,0.17180392766721936,1.2971224394386587,1.9071667664803422,1.3915382765108442,1.9853164864504864,1.458280997999739,1.0787479424756605,1.5079163914491815,2.6030465048496745,1.6702470995481067,2.447496121170252,2.5306256803978164,1.2012212480654214,1.2902648063607143,2.0042315226560676,2.2393567804294547,1.065134097548035,0.9903290555622725,1.8375054903526649,1.3370586899956642,2.047308556059539
search_space_enz_46,0.4949463716384156,0.21377256127103236,-0.057101124479427424,0.01655959764549581,-0.4772882090064616,0.263444701214393,0.2503119111650381,-0.14699349905049924,-0.023483879859032174,0.05983167723392894,0.1124746803403295,0.1899932914860732,-0.02983803302644593,-0.2965381250817333,-0.26208387311636605,0.25026609067623307,0.23801324341573432,-0.7435917912673565,-0.2088255996318706,0.15613000843251884,1.2674124584918596,1.88348788580204,1.419927253777997,1.904817125248085,1.4696327597031773,1.2107958776763605,1.4889604214469534,2.5878976691599855,1.6662712347857258,2.2546213949942664,2.5480590216167123,1.1620065527803705,1.2142098237548462,1.9269394087964673,2.273212365590526,1.0559303619780627,1.027077086909403,1.9825453034489509,1.2639435599165723,1.9508813051183815
search_space_enz_60,0.7383125886601849,-0.03387365780170724,-0.06107436274451089,-0.18680208737790774,-0.35976209106744295,0.22449738936987568,0.2189448793212086,-0.03131118171964262,-0.22866603759468787,-0.0045962164667633825,0.04454928869094445,0.05809283146004269,0.13265254494954412,-0.40806403537996144,-0.1729324175095719,0.5011537430836314,0.4972359860796627,-0.8357615802963401,-0.3218763964400859,0.2292808127835285,2.272630657673868,1.4465941765219097,1.262790175745414,1.6794889518540868,0.6846832066432729,1.272447747467218,2.1061721011430596,3.9069952183841266,1.4294167951286654,2.6468395231216064,2.9113381371707243,0.7902389996491612,1.3933837812214984,1.6688303547939385,2.2478505338704333,1.4398352544589719,1.6901800734238948,1.3038788297883865,0.8864686016357816,2.190299462901289
search_space_enz_51,0.3517710762001716,0.204007542809547,-0.016314935757939308,0.056932371045611024,-0.5617592595374332,0.17967502499970595,0.2689213820336485,-0.21043534995120824,0.10338049004542035,-0.10569258801610615,0.05706337794068716,0.0655047223773024,-0.005694994914325757,0.008115958343973084,-0.2237836897477937,0.10450551332091726,0.09865297120900593,-0.4207860930374884,-0.004146726449123011,0.05008320708542762,1.1016607260061135,1.74170416461635,1.609681139164995,2.8956627772465446,1.6861091003688153,1.0408340075758025,1.8673870480112689,2.4652936629487066,2.1006153187047345,2.083945758749056,2.0602016353657437,1.1740681132908515,1.589029579200813,2.5137724267714057,2.4473777006223494,0.9835572995363321,1.183343811517003,3.1372066560986207,2.1405472204770506,1.7701845251815633
search_space_enz_10,0.3138792033751882,0.0004214431783174899,0.0045903639934176555,0.1368364026539212,-0.5696162195031713,0.195855736774643,0.24881562783988587,-0.17286191578050306,0.012331518521300636,-0.030553628399408176,0.015933961507337724,0.11750722527075383,0.0828432199435809,-0.20211292946017664,-0.052877018551448655,0.22361935189243448,0.24897815879694457,-0.6461414527844227,0.0005511188021022558,0.07199983192930315,1.1155808624653478,1.3165408950477624,1.438595806749182,2.687428509483453,1.7604714001584176,1.119772206672556,1.885236327543373,2.844870667930259,1.7262661760616187,2.127207284060429,1.9403838297793004,1.2153268979144254,1.6569830072543974,2.392007754813044,2.4783265774018104,0.7367889892124722,1.05509155164316,2.5008395383589,2.268200500042007,1.7086020664057848
search_space_enz_77,0.2933005849570535,0.1651876944539706,-0.03797553202258849,0.06955058052706267,-0.5609655073130462,0.2434780505237531,0.27392214082018385,-0.18023315761180983,0.1291402180875505,-0.12679593924385776,-0.006862118721184383,0.07132925147846397,0.012754478842557673,-0.03053430683622075,-0.18341362545148426,0.14520684299308562,0.10073663750053753,-0.43770962642185424,0.008196820898834107,0.0516865125389929,1.0926458353255162,1.9769282794717014,1.4664551654047078,3.0306741515328,1.8972478298266977,1.0538591753926896,1.88547882921157,2.4168255254277216,2.0338803451550396,1.6779201680949756,1.7400003927712855,1.260072683572662,1.482543793524882,2.7883642548796352,2.2068563651335324,1.0460343154382856,1.1977904175850234,3.2988965305303424,2.185738324062757,1.5965440295282818
search_space_enz_53,0.4751327477086171,0.11861710812753745,-0.06105906432443919,-0.02433408567222818,-0.3832573153612123,0.18738398151811167,0.09762389063554065,-0.034484393743057694,0.20195313493680933,-0.044607770888216255,0.08552444897448241,-0.05750227177858405,-0.006765109480005858,-0.2081275794414685,-0.14474994039838646,0.15437334913616604,0.16253297643765027,-0.45827726504315275,-0.10339168289003559,0.043414841545872156,0.9987065636202591,1.6676682747544276,1.2876277884621055,2.188071367475749,2.401292291335081,1.0938657489639239,1.3552065687591477,2.5880626105359625,1.6928183451403813,1.8132097833644203,1.817976649161007,1.0116089210246384,1.6522026224307946,2.1078766340538526,3.1182199283070453,0.8649036114505453,0.9774216273769555,3.4018119298685954,1.8352714659999085,1.528931470152785
search_space_enz_2,0.45448568826182795,0.0588093946736055,-0.007517626025843845,-0.06582179930738294,-0.29756677827934186,0.2738288387735701,0.21181000260880628,-0.16343201573324445,-0.1455957747245583,-0.08897557798091561,-0.015236392070141179,0.16181018610527212,0.11444325381462774,-0.3337824212596056,-0.09588667124679447,0.3965142347262096,0.3600380300494443,-0.6976491440886372,-0.19346584495294353,0.07319041665604532,1.3141004666411873,1.7849089968478602,1.3517191929585373,2.61368255074371,2.16247521545014,1.4193289852629984,1.792384525256266,2.637612286210998,1.2146952280711159,2.093007830695833,2.637467038336739,1.3098825154831488,1.4287915646756164,2.2573901981881157,2.458668793766787,1.1357138368774697,0.9659282724890375,1.911240679122385,1.5810609933692883,1.8430677014984818
search_space_enz_66,0.30304115753181887,0.1285946165442944,0.027265195686678137,0.15475402827307166,-0.5655370670973404,0.25873992077375163,0.2757159968005097,-0.30472583459809466,0.10928261496021292,-0.08789160978073926,-0.03572386189078107,0.12038543683183336,0.0074742248343491,-0.01730180478889598,-0.2798331764404936,0.1937455234464332,0.10558925012063579,-0.4638744231010603,0.02034875083917363,0.04995106105464361,1.2154943156297568,1.9332876270629265,1.6735364555781524,2.940155762346213,1.389668993797329,1.2389962738267295,1.7532477726252422,2.2174106357458743,1.9593442111955701,2.275160606700227,1.8933354312654835,1.1907184132001878,1.8664473123676082,3.0002850815785056,2.1598106390777,1.1733885641602966,0.9084734706436097,2.2994948515552127,2.2114799729793493,1.8735511559872455
search_space_enz_13,0.30596403162262936,0.18641224859772854,0.04796134909117369,0.15175752703758327,-0.6228643639108122,0.3051154537821227,0.3559985199914696,-0.2910400263982428,0.1426274929612036,-0.15967499615041722,0.018446368197847736,0.15935968869436626,0.051319174008367156,-0.1177844795279779,-0.23937843095326705,0.23315736428509565,0.11705256235794197,-0.5126784145747105,-0.07549726303176392,-0.05625380608033775,1.0698307031181942,1.7991564873236703,1.5296662971986146,2.2335424270374578,1.786509480683887,1.1559247347939001,1.6483023588693018,2.0830081665226867,1.880195431769465,1.6457728426519542,1.7273259152663056,1.3625089767065441,1.6726859767244342,2.496529119195932,2.2201822315831534,1.0332170347784537,0.8332034750827771,3.30404667047618,1.6415789620128363,1.5400905229154385
search_space_enz_76,0.4829721743474832,0.1201067330811924,-0.06589243885211392,0.0046991839931129036,-0.39547822416541717,0.2137697820585289,0.08110056974346284,0.023071932790011265,0.2074641151612604,-0.05026994833734544,0.04891101081085096,-0.07311244959976641,-0.058579150810848434,-0.19142157211040656,-0.1425145325648374,0.1462089893421522,0.18791860207403954,-0.4548937794383976,-0.1379967125009457,0.05393571497798399,1.059245190408477,1.6166613985626335,1.2741607803166752,2.0845033327023845,2.6189787113727423,0.9995139224790341,1.418021875926356,2.5753600963244567,1.7798339523023625,1.9114089890697006,2.1151475303651317,0.9977937841561704,1.6162024136794444,1.8488297446108097,2.8439520292788583,0.7932265552153047,0.9356748074868443,3.640371053134697,1.7463744430950516,1.5009995477349813
search_space_enz_85,0.5579361026216811,0.24133231568420005,0.12885279555904458,-0.1058524520616116,-0.35814721121238263,0.22756618162045092,0.22290727283073528,-0.08990149301073419,0.05042109964591241,-0.2916129386042671,-0.2965020670740344,0.24692735072286623,-0.03732685222431622,-0.3378042351093929,-0.1517099547491087,0.5075982709455706,0.26411000000127893,-0.6115217148646059,-0.09949682339319156,-0.06777564732809456,2.4793949252761447,2.901218761375075,1.587767247806026,1.9517407600600107,2.2774838316664963,0.8745078109817058,1.791860252196456,2.0165606612165905,1.427564389181163,1.3888181341812733,1.2660427576444275,1.3305478086085325,0.5945761155195898,2.194263187051792,2.2990862685810325,1.3485226756676085,1.1769156059586963,2.3299198539126444,2.1942201492154503,1.2431099576674272
search_space_enz_6,0.31572005166791717,0.2878047853163335,0.02744950887823552,0.0587967360401289,-0.6663012072622855,0.3133028570498199,0.3412195736189283,-0.15908662623946163,-0.048879397313248946,-0.02343833906506439,0.022724478111493533,0.25530697739782837,0.050171980154749427,-0.34602984358608024,-0.09758962110969037,0.2871996063452925,0.27665491817181875,-0.7795054446444046,-0.23524627993879466,0.11972528640648385,1.1916868532086728,1.979861758459638,1.231697685347986,2.3399700743596297,1.1371443745567387,1.3216949968189116,2.100750815192787,2.7575941672459674,1.654456604986225,2.2932314510871934,2.056238628660038,1.479733396850284,1.287720031343135,2.212669466527015,2.5090793952921757,1.077059229348058,1.231860483783216,2.283755332369225,1.8099751698643551,2.017131397281467
search_space_enz_91,0.7817302381295128,-0.030700791219212067,-0.09114065431517895,-0.24991970844760217,-0.2603144150115089,0.15057675570027743,0.10563175395784445,-0.02739554485726434,-0.30175449135118076,0.007445280415347188,0.04440881487922663,0.03500202977850978,0.18306079932229036,-0.3800942731919493,-0.11801623276946148,0.5303917464571004,0.45190424170342175,-0.790944454664259,-0.32826839766746113,0.28839730315154616,3.1365379636381374,1.1699370938401175,1.3666164345522822,1.5974146134226144,0.8803878657263813,1.1033893980873168,1.8385914156411367,3.9360682749066087,1.2986800154842617,2.596158487353593,2.7751850887314937,0.5808014650531906,1.3064226942303725,1.5147959088998972,2.473461105095287,1.6316361305988034,1.6391771098228014,1.4170077838678612,0.7865659406254114,2.1390496340047456
search_space_enz_42,0.5113839941056515,0.19721501242510414,-0.042653520128420115,-0.0047130761626741815,-0.4462389441597342,0.3045877579235077,0.1810811362198501,-0.1678082330523562,-0.03814708458196234,0.035857482276651705,0.07024693865228539,0.17075748679084793,0.0009149672614133657,-0.2847203633583512,-0.22194967797013673,0.33351231493849937,0.21210798049708537,-0.664935180691066,-0.2618310111326755,0.11533202014648034,1.767735480303129,1.91757771575218,1.4994767448798718,1.8043408218232537,1.3725704575649276,1.2113396339278866,1.5519446720515975,1.9442730581040415,1.2680114107647176,2.302705449338452,2.4828943870839986,1.3149696958147323,1.0175593147680078,2.0153691091915293,2.296361030144648,1.2462840348757072,0.7363072108854573,1.7328866929512408,1.1791802866314967,1.9472828740965848
search_space_enz_54,0.45364880744800373,0.1547190701934874,-0.049028650060673716,-0.013857570033104519,-0.3798316960598204,0.23916779948642478,0.09838387849228511,-0.06937967135290754,0.20396919138407252,-0.08677285744886169,0.07228066183757914,-0.11082473831835718,-0.007961608828647639,-0.1700147591144335,-0.12639010297500705,0.13741187516760994,0.1899274789471645,-0.4369460044285444,-0.12461270560923238,0.026111601272962304,1.0843674859595727,1.7623668442844478,1.1401177954077553,2.074684060268448,2.4897693593203862,1.1181894499271408,1.2890124072185638,2.77518227209231,1.9349643118017157,1.898048947900278,2.215571921849122,1.0367917016380355,1.4741421107135768,2.1654490135850217,2.6209032997161037,0.850133678779525,0.9491519484636348,3.5105240597258014,1.8528693562256733,1.5145030050880497
search_space_enz_69,0.3192682015678964,-0.3574123868603208,-0.10733024897581459,-0.4463454567045203,-0.20662038871328736,-0.1741626070652833,-0.3392711080777369,-0.029836581027792086,-0.24947653974593784,0.34389737447933455,0.2766530570978033,-0.19574808287952775,0.30486882068035315,0.3209341351307395,-0.21648913129002675,0.3826228086586946,0.34053174179723295,-0.32210129070506605,0.030214102198073037,0.32580358043518814,0.9832631137436062,0.9853521045723191,1.4619086859710388,1.4004985841815594,1.9929571192123143,0.970559148395947,0.8419233213778898,2.2345049825606536,1.359317249300553,1.7706573694252152,1.6808532246024404,0.8644203515126074,1.3628464511755196,2.4444922532610973,2.0207800987495714,1.171599025814231,1.0153893446604774,3.1900608849862566,2.025263767743859,1.3501133427147607
search_space_enz_15,0.19854077448368618,-0.036437473962603294,0.051523103038853775,0.09443760354318917,-0.316124066020747,0.10161695884870788,0.27591069078776004,-0.33248133571031496,0.03619850685207463,0.11764512516212002,0.1970423420427316,0.19815910863733183,0.14709666140329902,-0.04369956823956408,-0.2893024955878353,0.16089701661441785,0.1391629989810505,-0.6913082536280186,-0.1080121645324365,0.0991344672862973,1.0670967493630663,1.2535494193150398,1.7213174333644965,2.5634989120486873,2.677707272616565,1.002501034596408,1.7369775713097755,2.026437620577755,1.5728472110935632,2.052239340877566,2.2646491960527024,1.443825433454335,1.5170827750265552,2.052080397887136,1.912057869623798,1.0431780610190926,0.8820670637035799,2.7536841137627843,1.6858824906686651,1.8609538689885425
search_space_enz_81,0.7817302381295128,-0.030700791219212067,-0.09114065431517895,-0.24991970844760217,-0.2603144150115089,0.15057675570027743,0.10563175395784445,-0.02739554485726434,-0.30175449135118076,0.007445280415347188,0.04440881487922663,0.03500202977850978,0.18306079932229036,-0.3800942731919493,-0.11801623276946148,0.5303917464571004,0.45190424170342175,-0.790944454664259,-0.32826839766746113,0.28839730315154616,3.1365379636381374,1.1699370938401175,1.3666164345522822,1.5974146134226144,0.8803878657263813,1.1033893980873168,1.8385914156411367,3.9360682749066087,1.2986800154842617,2.596158487353593,2.7751850887314937,0.5808014650531906,1.3064226942303725,1.5147959088998972,2.473461105095287,1.6316361305988034,1.6391771098228014,1.4170077838678612,0.7865659406254114,2.1390496340047456
search_space_enz_93,0.3950651739713223,0.20936976965165247,0.149820285841186,-0.03378511818278272,-0.399075537582857,0.26766298876023287,0.2747128724653021,-0.0893166226675587,0.03372260593709377,-0.3025217811551054,-0.2916103826559638,0.2373423737504662,-0.023893621129938047,-0.32849960660875643,-0.06652274939678206,0.443920834704705,0.31111659188305063,-0.6020893337575414,-0.083969307880764,-0.10144943594696089,1.5753063165717203,2.513769664925792,1.6731698957846768,2.1719184030171323,2.0017875508731633,1.054586036607716,1.923606546191462,2.2126997082333313,1.2833190625172484,1.3536089044686765,1.316608729672304,1.381644399189653,0.5653213921704924,2.213463046719303,2.7615145894359325,1.2716401237340516,1.4854922066872231,2.19046675176432,2.1274927470052343,1.2047047204015071
search_space_enz_74,0.35686792327585415,0.1783552867108129,-0.031864640380166356,0.1489414459092762,-0.6062803803081983,0.1957359634924906,0.2936817618874522,-0.23370288027108618,0.15110198512903616,-0.1415379126850611,-0.006110114519560516,0.05771839729193373,0.03691625711598652,-0.060357324067517,-0.1959904981714104,0.16377923556044705,0.10230387222746584,-0.44994438858654223,0.0015604822117525833,0.03882552817703395,1.124913264336477,1.9206096001223998,1.530233696974035,2.8788360282782928,1.665249538890318,1.0867354408254981,1.8564886870922495,2.349628670456689,1.834074278869578,1.9053921228632777,1.807971292721387,1.1326329049848034,1.3354549736518104,2.7005454841574243,2.1841077075768993,1.043951815954598,0.8720752335685865,2.8894376003702633,2.217659116737291,1.8081126306475448
search_space_enz_78,0.4210292616141818,0.18673291254217483,-0.045569501931467034,-0.01802668195581591,-0.46875299475539844,0.18898280682275143,0.1357740333569143,-0.033347677244809554,0.12104001354869744,-0.12606586852040189,-0.007708017229833284,0.07335648058556088,0.014982186221880077,-0.22428004334752646,-0.06037888129358511,0.1622893965108032,0.20035224304115115,-0.4341149626531928,-0.13233915015322742,0.046044444841142944,1.2493671143503,1.8005044949932953,1.318543737327311,2.186764772608818,1.8103421710719578,1.125407892319866,1.7448659053762798,3.2150224023209617,1.6811029455583761,2.012147112169916,2.101821285572454,1.2758776296368313,1.4684210487914617,2.1745411071090266,2.5404048666194163,0.9633399656126183,0.9767156429152016,3.0422516079800483,1.7931725169912707,1.8350157942677336
search_space_enz_82,0.5921301311912684,0.07550145690242635,0.054199903914324124,-0.07465291929698205,-0.531447196918222,0.09098614180308322,0.1253469599333145,-0.004204034694067134,-0.16829760844950098,0.15604838712638205,0.10389333615871706,0.29300838458080125,0.17539599069890324,-0.249129970248923,-0.3179452997354738,0.34746111467961394,0.2278963959660315,-0.841198121908994,-0.3107078795523959,0.2557148278496928,1.937902348678264,1.5588496814726167,1.8753691691560685,2.233431238443904,1.0359216313494115,0.9830867234899955,1.7745380306990979,3.6567635916520196,1.144223030644988,2.6465782374163753,2.248627155708235,1.806561557355251,1.6921588374516963,1.9987997456420004,1.606031097202356,0.9310621806658984,1.0596497282154405,0.9271400614752244,1.1442101263164794,2.2324823893122203
search_space_enz_70,0.3513265948616241,-0.1446469839729509,-0.053078913891637894,-0.3539180940401107,-0.3343833835002245,-0.002438247684821787,-0.1794018498923735,-0.031273022601432866,-0.2831605130833801,0.22733193937157795,0.23390059342871553,-0.05229202382475942,0.27073395863350597,0.14251374298458594,-0.16668341347303975,0.3408975612500432,0.2955551843349076,-0.43764895654467023,-0.0789775124295472,0.2556433400739876,1.2084873331899966,1.1608788578808023,1.3740528243161716,1.2120671341110143,1.7294019744977147,1.1120254719111595,0.9006634471125651,2.4902173065313877,1.1749077840038853,1.9384522345101902,1.8141199008715003,0.8853062834533375,1.4805782580917835,2.526126794736497,2.334592206593991,1.1796048205294458,0.9345175460101602,2.952743910540416,1.6811899248647957,1.4209209213047544
search_space_enz_9,0.395519440291279,0.20139216778503846,0.050047213108861344,0.05887632763505734,-0.5528729345781797,0.24951040259093624,0.24526640339384506,-0.13574832650991814,-0.09905061568726639,0.08004055386821203,0.05823829405462093,0.3244606671311316,0.09638386647484894,-0.24265654873304016,-0.2057417139085514,0.24942909599802324,0.16601084525769147,-0.8489072704217451,-0.3085654912631465,0.21836762351230146,1.3648898171801844,2.094867017468325,1.5220492133168793,2.7070110120242576,1.5018885014554249,1.1997616139805725,1.4994561600901315,3.1861155372593783,1.6230129757047091,2.0869039987465277,2.2462958589818856,1.3644148929602309,1.5205213926749035,2.202902895115243,1.9609104178574481,1.1437672624019704,0.6166852509805664,2.014612289461029,1.3023794407832605,1.960681791990763
search_space_enz_0,0.17194285870435355,0.2621025121012291,0.21933767465365797,0.1153718687531465,-0.3513493923212411,0.2194290994743977,0.24943481183112973,-0.14814344863692308,-0.05850241097235764,-0.18038849178447403,-0.16844177610319724,0.34683274160347877,0.005323741940566568,-0.30291990355806797,-0.02531596559847853,0.3472111609077394,0.2288930751425461,-0.74880640698005,-0.1264741545831245,-0.05553759457433184,0.99550135945996,1.6769821712434652,1.6614577728421287,2.0265446102053954,2.4737716662528233,1.085721747485128,1.5597036320652236,2.9706242333060042,1.5595357539551424,1.969119929476534,1.6038311518878163,1.233910137765616,1.3167768929935624,2.041893488017603,2.564578563778117,0.971452948111371,1.0194755820823662,2.2693028074661017,1.9278050238920685,1.6174284473638452
search_space_enz_94,0.49924230535863673,0.18537789090165357,-0.12387501440950582,-0.032042884904977705,-0.42242210991566514,0.1876528911161316,0.07085664214993906,-0.03321162559578807,0.24942207201383712,-0.08823669351891245,0.06286157189780146,-0.048316059799856495,-0.02998884364765351,-0.21342235419186398,-0.047234917014082244,0.13124141389879654,0.14140542883421914,-0.3753183388210196,-0.14807378675217622,0.03408241240048559,1.1635946776112704,1.7596056954026222,1.3055163467453599,1.998560849601074,2.4036290842629895,1.1663694803397784,1.468865341342949,2.7274138518330577,1.8143733036588108,1.9250514852567373,2.0578652962956543,0.9611917708792648,1.4170925990341958,2.1301622535281806,2.430039384445481,0.8427985333162691,0.9958819835307015,3.2728443491316956,1.776052270039735,1.703874599392671
search_space_enz_58,0.4104012565195965,0.06867879284453066,0.01084296368551993,0.010959993166844451,-0.5192301515351891,0.1372495202366675,0.2103279884223407,0.015257670039329643,0.05256239436838821,0.061574104769060174,-0.0771458960327263,0.11657512260016786,0.043944375051107695,-0.2454468817973081,-0.12450151133352454,0.16595969132829616,0.23179094988981458,-0.6181816048415039,-0.10816720733996645,0.15654842995855547,1.4292975147110722,1.7232450886158626,1.4878588077747636,2.182919876354088,2.5169639408513023,1.2000422036567482,1.603264773291784,2.800162939170572,1.955201518355375,2.300151384897859,1.6826792838980813,1.2877636766298979,1.4088678322261217,2.1044370091990476,2.4901959312838504,0.7967108209485061,0.8671300210309697,2.9677996113179175,1.692865195039633,1.635364072306219
search_space_enz_19,0.2728223886529804,0.17148013763554748,0.11504854341743453,0.09020217494865124,-0.4340949581562222,0.28429098216782184,0.31080289394820787,0.0011975055896520195,-0.04066535068412099,-0.273758100730593,-0.19339918727017683,0.27787032670103,-0.0932328111553186,-0.3196163746780423,0.1368098221772929,0.3941233465989397,0.2671578528794181,-0.7255911217783012,-0.16815020347025153,-0.07329786679395163,1.1026437592645844,1.6629650645649698,1.6409916639263995,2.3039120514972815,2.371412542203132,1.130590539909124,1.5819825822972757,3.241609932102168,1.7376535987167516,1.5480097488902895,1.7075524398705941,1.2051199063957685,1.2002697524899042,2.195536936728144,2.9917918817517566,1.0755704435050966,0.9904366064797201,2.140285559214114,2.0042210959340574,1.4108167448525308
search_space_enz_67,0.34869058278608245,0.1950558829797048,-0.1500942737949959,0.032262086438739464,-0.5784305855888362,0.11722586088457322,0.20577849059130515,-0.17292337331869853,0.11913953917851927,-0.07883907231500611,0.029273567589752632,0.0728483212480176,0.14837121782417262,-0.04428855887786262,-0.2157581538357503,0.11016406342922769,0.09058748987420867,-0.32422861640660444,0.02170852895121242,0.07345700236223775,1.1755617795787965,1.6984362912813509,1.6567529422214655,2.846480270086273,1.5871525089386733,1.144266470601512,1.9157370373801652,2.4806139149910296,2.010265590304075,2.0328366584515463,1.9911777976086005,1.3526425704261216,1.6876434562711076,2.4128897467681703,1.7650395017493126,0.9854785034646791,0.9997027460362828,3.140274441662412,1.8483809438151837,1.6806787087414914
search_space_enz_5,0.3686651302143047,0.35418709169294077,0.07950556528696902,-0.01570039413374852,-0.5510061919705166,0.2565661537969533,0.24454919245417836,-0.19995173182956769,-0.018590708669274064,-0.02258054777292029,0.003501813981616713,0.2857532917594339,0.10974961768448803,-0.3385003071330634,-0.17786840179052907,0.24194648907771424,0.25618386006649707,-0.7199274581954153,-0.25543050574957316,0.09894804122951167,1.12025436626278,2.0386056987336967,1.9125906551264324,2.1189165249330286,1.5730507823323576,1.2781835718148638,1.7529438055981519,2.600961295927349,1.2425663433726308,2.988252365638273,2.6336332432469125,1.5756462722313171,1.8202890956369124,2.2824896260373606,1.982968880736118,1.314490465822993,1.1681130602960614,1.8657438594508164,1.3424567960526264,2.197034900600539
search_space_enz_57,0.3376697798711849,0.1594478958045701,-0.04962606695614356,0.07513553880843403,-0.5046972683593056,0.24494517276943764,0.24086198158485148,-0.2084727985796211,0.09225750482003371,-0.07993505191042515,0.0320762663954758,0.05513644388601748,0.015411905992574741,-0.0236246701373577,-0.21826701983154403,0.14571031501923457,0.103212309544688,-0.45369913186845073,-0.033120509961530396,0.06957740310787633,1.2454481459742082,1.7953344901003103,1.6274849658480819,2.9860845277292363,2.0664236462250094,1.0783349651904062,1.8197441640191905,2.5550846663678053,2.095918395210703,1.9927392268483,2.222797505644166,1.0932976898842868,1.64848453240004,2.5840186723814806,2.2794765256283043,0.9727454049707381,1.079415669242132,3.217228783363946,2.083658146752222,1.7768413966657555
search_space_enz_33,0.48414790793087015,0.2300881346028395,-0.029809234812796924,0.011765592636771998,-0.48916634241582113,0.22740696172834962,0.2538729673443459,-0.16468134827643477,-0.012476778869507892,0.03129385346515313,0.09421327200265402,0.1819736899862983,-0.0026248992225366558,-0.2890533080604902,-0.21980933499655542,0.263939394217233,0.24238151986681772,-0.7540852421098048,-0.1770701169692415,0.1176933119518577,1.4101038692395633,1.9069338360809565,1.3726933254461058,2.0047839293392564,1.3913309389773583,1.1582382327826541,1.624553099418127,2.5699926375775743,1.72656196999838,2.2329056071841005,2.514949607611242,1.2251079072520425,1.3216100756847888,2.0025721639802128,2.2680649115941773,1.0997630968981282,1.0656014687452966,1.823910517652469,1.445351711231383,1.8486778474207384
search_space_enz_73,0.36693756210184436,0.15775415643517565,-0.05334989907820178,0.033535499905716325,-0.5814229591779718,0.14242938701659535,0.1615833186447913,-0.19754234112699132,0.13308881263506372,-0.06414116979203978,0.024073127237418463,0.07706780110182149,0.12708300798490121,-0.056971139223073564,-0.2711883414178702,0.12801821331677213,0.10807573272065694,-0.29499997632104613,0.011281579127076034,0.0486876279093616,1.1062337786900838,1.8529099500537904,1.5066215725646976,2.730538638011755,1.7337430674591028,1.2250794975484147,1.8654396362145476,2.7645572262752838,1.585650990469886,2.0388355680241603,1.9826161322555567,1.3367535223692293,1.5638618820680155,2.5710507738528356,1.7539595026184815,1.0420118899689108,1.0437057384768258,3.2606148100940073,2.148439555569962,1.5804716801953549
search_space_enz_61,0.4642151338543694,0.13967831327070152,0.006433682812481791,-0.014411527950127791,-0.5231426886674347,0.18922186518388198,0.2294350557767942,0.03777700282585178,-0.037978050269427306,-0.006233747403711388,-0.014038052903451023,0.1557635906971705,0.02761254880957345,-0.30333612292303036,-0.11933520185422848,0.2480490774326807,0.2955178619217993,-0.7425793598334487,-0.20833244599051617,0.17568306521007113,1.4096970297314397,1.7459549668392174,1.4666596078139045,2.1840878269231485,1.694068673468818,1.1755952694972998,1.7224149060973273,3.454886369166953,1.5831710555010428,2.2046840732859283,2.2657672981394845,1.192469246299777,1.5002538547430768,2.155410301524148,2.3683316843073663,0.9904116821586646,1.0369407492462392,2.1095858092287534,1.7052742141895287,1.9172748808794886
search_space_enz_35,0.4764069937857619,0.2056409443875178,-0.08310245318192806,0.0057864649211123555,-0.44336184549950347,0.24314902313116887,0.2408991778114865,-0.16362716827407972,-0.042629745224878425,0.08594740205777698,0.11088343558299567,0.17279884249206148,0.0035742641908116327,-0.2918871442159418,-0.1973340655287856,0.24430575936660867,0.24022436109145,-0.7515425571327156,-0.19760989688512387,0.14147820712420356,1.292710527876184,1.898634988389937,1.3519237577687908,2.062287867966167,1.5251992442266107,1.193792447203828,1.5290614016175403,2.6531316777165057,1.6188182271713678,2.322536822906723,2.5413693180654287,1.172404500744035,1.2973543167205603,1.9866058397679902,2.3771843986289642,1.0296435027134836,1.0179014737192584,1.788090148782715,1.3026544014117174,1.997932370146555
search_space_enz_18,0.22246523305557225,0.0818920283515109,0.0018384135237724194,0.02887086334270791,-0.3604937894910102,0.24242780163465324,0.27036799913582565,-0.35730741066301974,0.09145592645191747,-0.04101066147190904,-0.00595457734267076,0.1758404015253827,0.06762081653032964,-0.19048532700174775,-0.09403322850953028,0.2500761031760246,0.20777241677237532,-0.5306105520483568,-0.10889142095295043,0.04815896398112258,1.0768206170323387,1.4166995774025186,1.637149774925913,2.6022606820656473,2.3687250213733373,1.2225975947182481,1.6861000125110752,2.078367333995999,2.034245092417319,2.4212865626532065,2.2248078020657154,1.3176918940506424,1.8744640971998692,2.4819424477633345,2.515092815194812,1.0632535948770427,1.0197750238179766,2.7947977696501543,1.7000214724426164,1.7504425730861186
search_space_enz_40,0.4813669753560623,0.20883414280899776,-0.07681491030101255,0.0018234275921461666,-0.4518579031349898,0.21658535491503517,0.2642475968245817,-0.14674921178056777,-0.03337343498177912,0.07034541706510283,0.10571640417536357,0.17703371799480497,0.009220987153269857,-0.2874681582133413,-0.24007424052612575,0.22456430050015633,0.22866780663319958,-0.7332205724841454,-0.17667698348881167,0.15782928389205375,1.2879830604159561,2.0016197890986045,1.4600358705945535,2.0054072846768447,1.5146686752575367,1.1285210945928421,1.5109036432080607,2.549345328405412,1.7323476560432072,2.379809641567763,2.571717735222866,1.199243263592157,1.37193049196424,2.0036715886308856,2.1755969163890616,1.0158175557428786,1.0084490672908368,1.8574112551002777,1.3002309281786628,2.0225635451270603
search_space_enz_11,0.3376697798711849,0.1594478958045701,-0.04962606695614356,0.07513553880843403,-0.5046972683593056,0.24494517276943764,0.24086198158485148,-0.2084727985796211,0.09225750482003371,-0.07993505191042515,0.0320762663954758,0.05513644388601748,0.015411905992574741,-0.0236246701373577,-0.21826701983154403,0.14571031501923457,0.103212309544688,-0.45369913186845073,-0.033120509961530396,0.06957740310787633,1.2454481459742082,1.7953344901003103,1.6274849658480819,2.9860845277292363,2.0664236462250094,1.0783349651904062,1.8197441640191905,2.5550846663678053,2.095918395210703,1.9927392268483,2.222797505644166,1.0932976898842868,1.64848453240004,2.5840186723814806,2.2794765256283043,0.9727454049707381,1.079415669242132,3.217228783363946,2.083658146752222,1.7768413966657555
search_space_enz_26,0.4994520938394249,0.21536957509280014,-0.09406006195248558,-0.025627792716533423,-0.4554593169241895,0.25659865007025273,0.24619533060832016,-0.16060472704622278,-0.026738715991569992,0.0770090119291665,0.1376179979131902,0.14266476879655196,0.01965040056794981,-0.2897677811593539,-0.262981142721378,0.24011328075643254,0.2345591114156749,-0.7398672369326683,-0.20186381342548956,0.1877403678801273,1.3146724458516281,1.909046884146053,1.3300743826361,2.0035536117961183,1.5222562825899122,1.1066871911695042,1.5348641933731868,2.6462894883242227,1.643706683622052,2.45300497625412,2.562591844591319,1.1916957090836475,1.228052665250563,2.0220649944009934,2.131871377780603,1.0288021661202653,1.0125731026055875,1.8485826508360352,1.330564053159046,2.002136952439389
search_space_enz_56,0.33788680652177727,-0.21471116050747316,-0.03531730308587105,-0.33523022064828734,-0.3334995678844119,-0.015171098104711409,-0.19331077663374216,-0.0877756185750853,-0.20394825404969663,0.25217231241160887,0.23715570968667854,-0.07857866273276723,0.2780619080246,0.1631382473123629,-0.22267538737352488,0.3704022049906397,0.3569575420208048,-0.5307509658278519,-0.009503481201933311,0.26469776565688313,1.153592455938208,1.1525315695829832,1.49110692138264,1.3397466016711472,1.7036525869809864,1.2081050932613782,1.0434620361182412,2.5484090584762216,1.3584186893515668,2.1359086589407887,1.8540665672363548,0.9051452996409589,1.5898879819225706,2.414480175505074,2.358306724466164,1.2540583718383569,0.9894112260558585,2.472304684075706,1.9332991123060332,1.5166110293949735
search_space_enz_4,0.3757829226271375,0.2443366776071833,-0.08796481060708296,-0.014422133201193187,-0.4668300066555271,0.21568143047113097,0.2476309952384793,-0.20684740346005295,0.08240871298086129,0.026126461930920913,0.06616925418800133,0.08517375213122771,0.09614589735653396,-0.19070475588834065,-0.21995838409953872,0.10830174108024644,0.060999268039092405,-0.4820782879803436,-0.04812400058876793,0.10817266883003222,1.471894117151025,2.1576286665381943,1.3786540984059792,2.1812976942504303,1.2576788798682095,1.300434803675129,1.7573295561864128,2.932509688804388,1.454890239890128,2.1801901611430274,2.2035852691595554,1.1992988642555236,1.6463566315805096,2.105120287485036,2.4999373373988556,0.9743489336970704,1.0088930475850886,2.433396581528425,1.8529652205509937,2.37818494712804
search_space_enz_7,0.3657460549641558,0.10632704493088894,-0.017117324825890432,0.11629325890581446,-0.44660128358151197,0.32609088491693317,0.30111346094115116,-0.2033808604104382,0.06991867268106772,-0.10006817621914979,0.007995258728667977,0.13642709304997064,-0.014064954094628943,-0.24656928867456354,-0.11413414574230318,0.2447993875981987,0.21760023412298865,-0.6204128640623836,-0.1991207792644366,0.06915832603546945,1.2007109051520368,1.6304724794339531,1.2538628846146556,2.930342091776256,1.5539466294553121,1.4360929306690051,1.8172005753191616,2.296823721260714,1.5494916714350986,2.3278083823385662,2.575175568452742,1.1809069232296123,1.3272614006791732,2.671667495417007,2.3034499332883436,1.0692444808941337,0.93933713515049,2.4783482854262915,1.92472222260207,2.0853712871211108
search_space_enz_3,0.37969816827064096,0.1398790436556081,-0.16152326443744175,-0.09980099624209662,-0.44696523402267196,0.14088012981442796,0.12173275227824763,-0.13314669547770716,-0.06829404687670096,0.11087200013591969,0.2512477916872698,0.07708774429879041,0.14390536068972895,-0.1355393264228332,-0.10900170510039695,0.14331738234723004,0.12266657560275375,-0.6003119808968873,-0.06641723407646016,0.18971353477257902,1.2869799337886398,2.009951951348557,1.3641512485263203,2.509878559135186,1.8849267626148338,1.1464632739452536,1.6495123974837853,2.763495426971497,1.6233668978824813,1.9090289125420141,1.9624094629495648,1.326358755543067,1.4084054169712348,1.9080001595560971,2.608228942846117,0.8210763830621904,0.7516925422879626,2.567390813763658,2.292421784980871,1.6300745817949462
search_space_enz_29,0.4586328647262655,0.21673254493333943,-0.08198516690030595,0.0033318356214659785,-0.4412317954790411,0.217410125123215,0.23802668128931515,-0.15516071054881705,-0.02393144003289152,0.09077091639629005,0.14612879481664273,0.1742648682338485,0.01687130037600968,-0.28022484728525254,-0.2628627317992382,0.22528547011401298,0.228065599681501,-0.7440741906571302,-0.18396329156963262,0.15791317296040283,1.3348309883073164,1.923077334888183,1.3736916715187417,2.0804403203871855,1.4326792777261708,1.1027761153347553,1.5576253274236036,2.5988866959836963,1.6397618685924762,2.400760969946899,2.5845206115333763,1.2257923622561357,1.2672943611170124,1.982008163145264,2.173356100004486,1.0244363804720138,0.9928832894268942,1.8533418786576168,1.3862499824312302,2.1026013908727865
search_space_enz_1,0.38384243455338274,0.06981544820648934,0.019414983166200595,-0.0932698396119485,-0.2856700506331413,0.24210769002764285,0.21369547399015482,-0.15524692925797112,-0.12306520609534338,-0.08848327745536116,0.025141398028811032,0.16926869072725992,0.11814277554567396,-0.31955027661163055,-0.14510049010447706,0.3836583256667981,0.34492804852703,-0.6567561108620688,-0.15971431143819464,0.056841223630694264,1.1782497480806822,1.7606558143170319,1.4048119202416043,2.3148209650008384,2.5419917498326297,1.348505841841202,1.8770070920394906,2.5358805116441068,1.3507345410458615,2.0213201713709443,2.6486805240961884,1.3531544230565822,1.3559913882418513,2.371762090108202,2.584074150257402,1.1915772644452893,1.0324416728273051,2.1131168671432095,1.7717747447585888,1.7527083860450707
search_space_enz_12,0.15195324709267533,0.21755277581690946,0.22772823474980952,0.19230253310943754,-0.35752945022053706,0.2883461731636459,0.35569215812489735,-0.20271694332990997,-0.05398249420174734,-0.1826745387199061,-0.19571259184093218,0.3726387881776317,0.017522565879333932,-0.3602794941094111,-0.09539555228578488,0.38740758143473625,0.24185093332736385,-0.7733656983472454,-0.13798422253980078,-0.09335400528116689,0.9068525143401852,1.8123289230545858,1.6508890374529999,1.999802510201192,3.0764971068917304,1.1886555696089602,1.6792937850599106,2.2192546025165925,1.6108688971942788,2.0609566218767283,1.7144316808484052,1.5536633784091711,1.3746674316988456,2.087247019888313,2.5594991226771002,0.9644862676881442,1.0179582263067797,2.1006454102894128,1.8471585517895817,1.565325608346021
search_space_enz_83,0.44258393513226063,0.11908887720957974,-0.06158936626257678,0.013032928150691903,-0.38209331272908537,0.22423112172960719,0.11621081660774228,-0.023237796521932967,0.23209055697866446,-0.06294322720998814,0.035751886681008094,-0.06900995341060258,0.001978399340403595,-0.17270237769632152,-0.15890867716822726,0.1354928447964965,0.16926124984748048,-0.47055793691546344,-0.13015435555560206,0.041474386995864865,1.0572715452087114,1.4798036872854723,1.2505508115955113,1.9591444780750937,2.625053174246741,1.0488614222454105,1.34220882851646,2.645317284713374,1.7312710951383994,1.8481342281539235,2.010539746696803,1.1410699337923547,1.574191057497533,1.8155336239668354,2.982910806991864,0.8901174961353155,0.9378914673388843,3.8079698169934444,1.8532882277034772,1.601502225316386
search_space_enz_20,0.26695242962258314,0.26337439110760785,0.11434790266134635,0.053978399655206864,-0.6740215081055485,0.23762427942720388,0.2946706146158416,-0.29804196149567463,0.15949495768022345,-0.09875099196701624,-0.012312139784201627,0.24719257718344229,-0.029207936221192585,-0.15103468731319758,0.0014942166285393348,0.12211570458575648,0.0697551811871192,-0.47843683267981285,-0.09199019291622759,0.002795596128001025,1.1740740111428052,1.8158748218818748,1.5893183054974171,2.091445678788135,1.1594963247629542,1.0831008603083214,1.8135735941606677,2.0155989474728218,1.9142554269736027,2.1677471452722843,2.090222680297526,1.4469985710974576,1.6603802046900789,2.0872055260568976,2.9852567400555445,0.7798346617700818,0.8130036501525386,2.774435338136287,1.8449647453347489,1.5787818134048512
search_space_enz_17,0.36693756210184436,0.15775415643517565,-0.05334989907820178,0.033535499905716325,-0.5814229591779718,0.14242938701659535,0.1615833186447913,-0.19754234112699132,0.13308881263506372,-0.06414116979203978,0.024073127237418463,0.07706780110182149,0.12708300798490121,-0.056971139223073564,-0.2711883414178702,0.12801821331677213,0.10807573272065694,-0.29499997632104613,0.011281579127076034,0.0486876279093616,1.1062337786900838,1.8529099500537904,1.5066215725646976,2.730538638011755,1.7337430674591028,1.2250794975484147,1.8654396362145476,2.7645572262752838,1.585650990469886,2.0388355680241603,1.9826161322555567,1.3367535223692293,1.5638618820680155,2.5710507738528356,1.7539595026184815,1.0420118899689108,1.0437057384768258,3.2606148100940073,2.148439555569962,1.5804716801953549
search_space_enz_41,0.4849150774995417,0.20882042455264627,-0.08104375089675503,0.00954880658910198,-0.44835235005075225,0.20329516657747923,0.2529244254929501,-0.1314581785496084,-0.01139589041641098,0.06907205229797679,0.11525040857033818,0.1447103877871516,-0.008735812216171724,-0.2991275516028034,-0.22297987605058295,0.24264537248897422,0.22829992078234426,-0.7288017316266261,-0.19235208958827243,0.1647651883594781,1.2783429747621462,1.8320216117148675,1.3447244021667837,2.0369794016512417,1.457304486245326,1.1607414721537044,1.5656018367858442,2.5745283412455127,1.6460648558537216,2.3168177076819307,2.5484337138897346,1.1827884752149402,1.2709069367538708,2.017129271637533,2.44105730015832,1.0905382565989892,1.0154247737962374,1.8659694740921586,1.3419305566882223,1.9563676717024592
search_space_enz_38,0.517847207998784,0.21643545023221278,0.010739181225677807,0.003302535196280285,-0.4682134096336199,0.24238982971342388,0.2566304170557351,-0.22816749716923695,0.09915229106826536,0.10824070490497736,0.12242728077938887,0.1494992059629751,0.07458684593832053,-0.327524221836737,-0.3727237120119929,0.2929103616525706,0.1955491880410661,-0.8176582810705646,-0.26892182166689366,0.19349844361936763,1.45145773474453,1.9037407260148091,1.4351039045821719,2.053399119852965,1.6475078004149974,1.1324957480678797,1.837150103397047,2.039284815905285,1.6326540543501915,2.6115106688365173,2.5160720378310564,1.1664248532896122,1.501261851052967,1.9529626139513436,1.9285692788227196,1.1854550473119745,0.965574168264907,1.5682693576119253,1.2700807494335227,2.252842756303406
search_space_enz_75,0.2975525335638963,-0.23521925247208494,-0.13432706280536352,-0.38237689249098744,-0.20101651638875317,-0.03224728871571478,-0.19160839025991463,-0.12261096615062164,-0.2928727382381121,0.28061857994426664,0.23866424634564548,-0.11784750143581152,0.2796704832648002,0.19527035157571038,-0.21659724871381547,0.28754452279302445,0.31398057146927927,-0.3465685932381095,0.06308814089457165,0.31690302105809476,1.2597425670475704,1.0283503957167748,1.4060718568669393,1.5062421141627205,1.9731019665629757,0.9539250034773166,1.1615564655949266,2.9991132349653937,1.088439415888436,2.2177114887285936,2.1226578956196893,0.9441071564805953,1.4199281128314796,2.927707241623908,2.2028002083133624,1.2780984701293236,1.0603159926562562,2.8637340204664805,2.351637071601111,1.5593198801837025
search_space_enz_30,0.2312290686291756,-0.00284226650370034,0.03488603886525513,0.034048581794677485,-0.47288419020332,0.21749144205394585,0.23448381791617856,-0.15315109058958562,0.08341823480744255,-0.0020869395170733194,-0.0004974102747646566,0.15983853421606795,0.08671038713351806,-0.1299824441593431,-0.20715072434593093,0.27859024868686044,0.22202967553856914,-0.6610475583893021,-0.02384033357502152,0.07075692791635149,1.1316732330092296,1.578284226341941,1.373683599503121,2.7188321944354343,1.5123259417109363,1.3319835646515517,1.9115303205423992,2.507411914703016,1.8824382244838096,2.1699606097116626,2.105795589899667,1.562746587435842,1.3726516843394856,2.562355722721481,1.9333282784520083,1.1307558544475724,1.1943171901207223,1.8454356948762303,1.9929293012645284,1.8671891545305281
search_space_enz_88,0.3950651739713223,0.20936976965165247,0.149820285841186,-0.03378511818278272,-0.399075537582857,0.26766298876023287,0.2747128724653021,-0.0893166226675587,0.03372260593709377,-0.3025217811551054,-0.2916103826559638,0.2373423737504662,-0.023893621129938047,-0.32849960660875643,-0.06652274939678206,0.443920834704705,0.31111659188305063,-0.6020893337575414,-0.083969307880764,-0.10144943594696089,1.5753063165717203,2.513769664925792,1.6731698957846768,2.1719184030171323,2.0017875508731633,1.054586036607716,1.923606546191462,2.2126997082333313,1.2833190625172484,1.3536089044686765,1.316608729672304,1.381644399189653,0.5653213921704924,2.213463046719303,2.7615145894359325,1.2716401237340516,1.4854922066872231,2.19046675176432,2.1274927470052343,1.2047047204015071
search_space_enz_55,0.48310681345761364,0.16801964699054656,-0.1058287178795173,-0.04792650261248975,-0.39140437883667784,0.18109372153193481,0.06503331747554186,-0.02170175669981752,0.22505939182109197,-0.08544702780826154,0.05832438231755025,-0.05661947446554089,-0.024701766881045653,-0.1941567255934552,-0.05896773561082763,0.13893093003101742,0.16429900953988838,-0.3675176189566207,-0.16221328992308173,0.03261778210215044,1.1193405768906222,1.7727089287270783,1.3702345735004395,2.026301101788186,2.2741845586167146,1.1977070461775152,1.4822622001076324,2.590534195828356,1.8864302629596847,1.9435799400393021,2.0820974610508878,1.0906811921370305,1.4392616273796066,2.1343708212082113,2.522926008243532,0.8346963967238182,0.9717231918366119,3.0638631310994833,1.7405552850315702,1.6345994925264073
search_space_enz_64,0.43365140834528604,0.1799717547587425,-0.044574331565477535,-0.013296121018492245,-0.45361568841034083,0.19041277067013201,0.126669838267557,-0.019369809076579775,0.10705806048133652,-0.11479495439353642,-0.014101491910449111,0.08216290287792032,0.010904828092672859,-0.22081281527202917,-0.07827526584052949,0.18121153090012707,0.1964300300042098,-0.4554131726712474,-0.14352937151918108,0.04930989727987937,1.260451829403656,1.8105044064282474,1.3324844053082412,2.2373488670432375,1.8884812675516693,1.1751858947023492,1.7106918972106033,3.1452375804946664,1.6821618167944596,2.123349439216799,2.2268607238592937,1.24851713178806,1.52269629288821,2.17429277397309,2.5648609587045814,0.9337734992623967,0.9612767183721899,3.057229284304567,1.8011665596625661,1.8264824263628294
search_space_enz_49,0.500663870361479,0.1993927797398979,-0.09290964825140567,-0.0012792124483089083,-0.4258089241150812,0.23545051344487564,0.23500545232354422,-0.13932199358015657,-0.06297592136741523,0.08276411767658846,0.13795908136631024,0.15587433761182604,0.01504372128985669,-0.30904749601804304,-0.2497401666252602,0.23940580715554188,0.24299694794693022,-0.7067295222228317,-0.23474525773507182,0.17800151344672313,1.3484298838410533,1.9847763972641908,1.3400784895266133,1.9937276961152341,1.4853502239072784,1.2024706499412243,1.5253749118506252,2.711467139218519,1.7234501986562227,2.363315113045212,2.598400550174078,1.1990316601642013,1.2653276140399243,1.9785453922332832,2.3286039741689666,1.0510826979892818,1.0009460598880637,1.9979674791314534,1.2917566686806061,2.0967391149748544
search_space_enz_45,0.4864770753514336,0.21667920218506934,-0.09112800470338277,0.0008316231975363259,-0.4483949262436118,0.1995566889782674,0.22799156815250338,-0.16913023520969703,-0.00040736324840340337,0.0808004357177461,0.1333367241115961,0.16739133863329628,0.013998786459647692,-0.3000030265148837,-0.22093351326136204,0.23395566600808287,0.23205595175419153,-0.7344091929847961,-0.20039281312986051,0.17172401474662738,1.4231788116307331,1.865295972840992,1.4159588019805052,1.9512476465197455,1.5271258989710028,1.1137553645571923,1.5934529487393088,2.5420844188083622,1.699001521860775,2.4019954511726884,2.5515299309741577,1.1892126418447013,1.2348728792880346,2.0025299468967783,2.233973823641554,1.0568842512863343,1.028078458657845,1.7543215778961299,1.365348132299299,2.0008199475870194
search_space_enz_89,0.4473737464826774,0.16260967804467644,-0.08338098569719268,-0.031968035347338025,-0.42363711725995523,0.17441386636573805,0.0902525167853624,-0.057580896823073206,0.2678103891564126,-0.11896295710794028,0.03899931086860903,-0.031741148752358415,-0.0025075699650600096,-0.147815162324862,-0.061990515312539365,0.14625063167381683,0.16589529710681283,-0.38862639771879115,-0.14335068240405296,-0.002043967770943394,1.1474004484037055,1.732614453334084,1.2480955782436207,1.912262114054889,2.2196335060673755,1.2071260978889826,1.4167612377575411,2.7470250655574184,1.746697230600096,1.9828119885912483,2.1368767324386355,1.131749008032845,1.4236022231862566,2.046157624354628,2.412704100563349,0.8154090840800957,1.0210130056762445,3.492244772785541,1.7836725650317233,1.7011921128083505
search_space_enz_31,0.5015166863109223,0.22444738468069217,-0.08042072029397009,0.013856256489168713,-0.43167622077530166,0.2111087792071297,0.21505005202293925,-0.12141909727963615,-0.004947267541711538,0.05315069467036915,0.1167914872623159,0.1623998056298039,-0.0017460255464442737,-0.29721630982219316,-0.2253390574798982,0.23912393102328414,0.22483644262452437,-0.7540120108815072,-0.20815189503010442,0.16264708472961756,1.3497147854566558,1.9242115428244986,1.3557507798574695,1.9646977397637997,1.5174075027750047,1.113163729853263,1.6154224729307969,2.5291963240881414,1.716187639636481,2.316204305222198,2.461039101198754,1.1746700189162564,1.2549874838408335,1.9746259392324508,2.375886008779176,1.0066255367228054,1.1215017390015298,1.6636022833521253,1.4276372519391267,2.0281224843343764
search_space_enz_92,0.4561491269004013,0.1111842204582054,0.02128157460803984,-0.015358713683872241,-0.5092684510548681,0.1713421536965627,0.21589087255362585,0.05034472075906501,-0.00848320383924173,0.015404058999717482,-0.0320904482856834,0.17187934365577254,0.012427824241139848,-0.27889165213652745,-0.1526215142091825,0.23965180861506466,0.2930410692625599,-0.7275906792035364,-0.2123202971568738,0.17802818581962823,1.39207095949381,1.7954299700601843,1.470479985783432,2.2392342309194904,1.9157129870637208,1.170391148903876,1.7122367622602996,3.4095297820101855,1.6888227359425183,2.3221886010926953,2.2467208631630347,1.2284570142075957,1.6393470570317479,2.0899314509273754,2.396103897171548,0.9898923723659525,0.9674609806663422,1.9586941337500459,1.6772288185309325,1.894292438548891
search_space_enz_25,0.48727064797343445,0.19381423899639794,-0.07576695875569035,0.01370144828056609,-0.4450976119035781,0.21808382881660549,0.2382613852266667,-0.18565564235249318,-0.019926803333975864,0.10222628117086303,0.13149339091498344,0.17295875187404036,-0.01186467092688912,-0.2833949510238556,-0.2295751031235725,0.22797580810320753,0.2258436157313453,-0.7447129732236344,-0.18777742831953081,0.17214274587510947,1.363424974514152,1.8779872126745987,1.433606734101811,2.0311821975563507,1.4583128630002236,1.0780571632384481,1.5997686298883274,2.5687109049133183,1.5998721150779223,2.3400404829564043,2.5094519520624448,1.2296198305396897,1.2525556294497955,2.1261500125378263,2.2381125581404,1.0706952936423264,1.0037756665894784,1.8482355753543585,1.3438841585714618,1.9286718368783784
search_space_enz_34,0.48871670416045754,0.2129656464813037,-0.08426842565657804,-0.02936289856561944,-0.42767248179866274,0.2296372902040792,0.23477313495667332,-0.14174459981744286,-0.03506350495107292,0.0836807032452505,0.12685753146488166,0.1637327335311418,0.003690746353716099,-0.2844901709614672,-0.24175998778256091,0.23538857642251834,0.22226503794273894,-0.7460533528651003,-0.1830497049162288,0.171757022551973,1.397569597455839,1.9629513008415356,1.3083436188807394,1.9431584950947662,1.5155912847847681,1.202902885616666,1.5632407571616997,2.629270734427009,1.5965731098840095,2.4073144791006564,2.588693971005776,1.2401077386091781,1.2897093133756043,2.014798290960924,2.2506402988041625,1.0293457783439994,1.004249448562622,1.833809751864347,1.2932391001797612,2.062847061489832
search_space_enz_52,0.48075707491080355,0.11625322845164214,-0.06010382396539701,0.003115175568065767,-0.4237035960005029,0.14160272680706815,0.10264803707176849,-0.0311180693581852,0.1714547691237446,-0.03826655343123238,0.0845036012235968,-0.0714262864948557,-0.015422030375768619,-0.1871152565950729,-0.11361620826350208,0.14069963691783116,0.14401408118699333,-0.37559549508743567,-0.11399515482166533,0.045314143132103725,1.0515883349293127,1.8983922178347763,1.2301443872522038,2.100587200435234,2.5309599246691654,1.0851907726261227,1.4498723110968774,2.714411072710585,1.846498252931098,1.902507769638938,2.06722132394138,1.0293593978690734,1.5216690977768115,1.9549417384014618,2.91048952965903,0.9119523718854626,0.8920537308060664,3.7389210006666893,1.788644840492928,1.6069108461426784
search_space_enz_80,0.427142840320197,0.13228546245782546,0.014389514122558459,-0.010307416799433382,-0.5141204456819133,0.168384759406804,0.22212827378158354,0.052429616035893765,0.005771473421038521,-0.007003394687076803,-0.04676852070166862,0.16298456379261467,0.04328700394627099,-0.28124661051712885,-0.15128296902687202,0.22828211693588688,0.26607402447001877,-0.6925966418792027,-0.18727105083662476,0.1674374014392278,1.3002167421851876,1.7881017688575371,1.44733702865103,2.1667374338814076,1.8815385301075762,1.189051736244969,1.7042770529427047,3.3749007266871742,1.787563987993214,2.241044108974312,2.2618070726106216,1.2901286105555527,1.5527998529178975,2.1243110446972535,2.4742336357231816,0.9914413117559802,1.0495890225471156,2.1764244699249544,1.7387533258457961,1.886903555735027
search_space_enz_68,0.3203016356963444,0.12575825322964884,-0.0033503797449357213,0.10873317336066271,-0.5586672973057613,0.230429690681717,0.28712671122808714,-0.3175487863135413,0.1259096645024257,-0.011259173312179687,0.057752319284902896,0.14801630762988527,-0.0010639469594670658,-0.04529696539120044,-0.23382145459291895,0.12532993828099281,0.0967420084230341,-0.5260550864795672,-0.04662071132774063,0.11758409910961161,1.293190325016026,1.7408420090769348,1.8648368351120332,2.682922920609123,1.4758183706343917,1.1275757508230282,1.7275045798893511,2.248817079273539,1.6226210782706172,1.8418496202923993,1.915489770471075,1.1817277668892994,1.4693541616841095,2.8665286970324604,2.196690149770314,1.159885060063266,0.8674725572120388,2.531834459022869,2.199202661842774,1.7872447488504748
search_space_enz_87,0.49303914339452365,0.1882343197030982,-0.035499620120226484,0.00257570660424846,-0.3733158638346694,0.22521681981168143,0.07544064204595956,-0.015172828383657078,0.2154451805601561,-0.06253803457535563,0.06648860227165382,-0.07215772336812869,-0.061143320753649866,-0.18060237344760985,-0.13946858098279755,0.15790117388720554,0.17203576360608122,-0.5606298671756844,-0.14064468812524566,0.04479554888241623,1.1194191169709238,1.641053293070491,1.2541544342761433,1.9582808463968293,2.432878922398746,1.1695221121732409,1.3558503544913638,2.6430459435761153,1.93508956802527,1.793048529725269,2.0277063836073594,1.0013750035917912,1.491311233589153,2.0449121607231144,2.8042066516261315,0.8270689647471234,0.9154063764758089,3.349452378126493,1.9261653314383855,1.554087991397084
search_space_enz_21,0.4204382484626397,0.1774801059032203,-0.039741656116147626,-0.060091688615428525,-0.6156042233752782,0.45341869832153053,0.3691272025451932,-0.092406952768584,-0.13721965882827614,-0.3893099715052026,-0.2896966174758481,0.35414296643596566,-0.18267697427071425,-0.6690000477968717,0.9859654901935063,0.6720228427066416,0.5490816577684474,-0.9713153462454713,-0.4718903879729903,-0.06272368736632242,0.8623716531482231,1.495027853877661,0.9500713505692058,1.3279099122716447,2.086757530850209,1.046919857919992,1.136616118743862,2.0580811732670004,1.405420597712119,1.2271052147339232,1.4187259770205716,0.9581638188614218,0.9676674422394987,1.3570134942033016,3.1276382486568686,0.832138920369414,0.9301197391824686,1.8175877717879252,1.224667821710619,1.144854795379657
search_space_enz_16,0.275885564401458,0.2252459727503206,0.09863701168685071,0.08722210433755745,-0.571451364384066,0.24557311472595852,0.34180220438166575,-0.15401312708107767,-0.08780219036239346,0.01363815295198728,0.023823468500984175,0.307000993839633,0.022782056100868493,-0.2023086962484846,-0.26917855296151627,0.20312563838673545,0.17691206880978746,-0.5914992737339226,-0.20503896612954697,0.059643820027199444,1.2607489332672583,1.7890823620879395,1.6671787901904458,2.3161079748353455,1.9801201482472899,1.2918906249805309,1.8251133532478123,2.5301764781224025,1.6469457332484034,2.2935470998098335,2.129867917425973,1.5431805478285234,1.4075811316281914,2.5589385479251483,2.32660026730106,0.9740051535597978,0.9168876631247107,2.669105372062007,1.3488371203908813,1.8864552831557324
search_space_enz_65,0.45590324757853373,0.18147126598181307,-0.051018723868822724,-0.05073947229548052,-0.45091975510055954,0.21183317087341574,0.1354470877014766,-0.02321588055462096,0.09153473604809943,-0.12489264065653694,0.01791494402349778,0.08159943414661294,-0.019886345888681264,-0.2126839017040647,-0.07452719039904669,0.19767340657758578,0.22756075375956208,-0.4908736389361706,-0.16996207873218624,0.06778158144557211,1.2949877749312477,1.7614884750399635,1.3582019100729468,2.050401658169636,1.8127199528781779,1.141800404966019,1.6279135886217078,3.161400270811674,1.771727208056597,2.0327838511905023,2.158072180784399,1.1601781871669712,1.457349604670316,2.169553239888022,2.60822694693535,0.9584613367070384,0.9624966582840748,2.68878556502371,1.7197769765378608,1.737995835900911
search_space_enz_48,0.5021532359403867,0.205132947937863,-0.07141813158129307,-0.002139671383177114,-0.4221903855255235,0.23322360078289847,0.2244439217381018,-0.16349295291608007,-0.020022773911762222,0.06377082790955294,0.12203973250587141,0.17090529804389754,-0.003413562982266521,-0.3118209620174798,-0.23049643552791943,0.24840817522729775,0.24805077585770766,-0.7497280188138233,-0.20129730918767458,0.15789168790342203,1.3629675753274382,1.8615591198706656,1.35583943011147,1.9327843021627948,1.5620579773666565,1.1579175854687531,1.5745892087062374,2.7278709862748762,1.6880531514776493,2.4872978951513014,2.577796912873135,1.2143990853262048,1.1947306473415535,1.9348701996007343,2.2501851217840048,1.0241919623795004,0.9692878969168793,1.9173568114410402,1.3581441513176418,2.1174987688306977
search_space_enz_50,0.4477495804923845,0.15384646504738608,-0.10912995176800377,-0.03170138625941657,-0.41688424541750624,0.1653751956890992,0.05951612958270703,-0.03979294973930873,0.2270524652999771,-0.0038642537481487268,0.07234885295879559,-0.04795017904713111,0.013082305085902836,-0.10819526041380781,-0.14510546552390594,0.12531742754401515,0.16541571248821124,-0.46938509732417666,-0.09655729239942601,0.03886194745235386,1.1361509748184084,1.7849264465030905,1.3388056998799693,1.9658433111477365,2.1790735977241176,1.149007258805695,1.6121452685850688,2.4804717223639954,1.9251201447521462,1.9071615931225667,2.0798750516481834,1.1579020759865473,1.3363801180444939,1.9758699172426073,2.651811392783614,0.8672336977725095,0.9028121669940549,3.678190590897414,1.7714358469022131,1.7169750573497995
search_space_enz_72,0.3237931103406102,0.15860415786392354,0.002576660695464798,0.09909172787600552,-0.6255995547981111,0.20500717759305767,0.23981613544459343,-0.21492329480094663,0.1292992864149123,-0.07269394522463926,-0.02621984360652119,0.13893263273424747,0.05999779209151237,-0.04609066295345434,-0.23987964288324928,0.16287018832679587,0.11331299678757718,-0.4242232471658131,-0.022070975708691022,0.03839930097272566,1.1342053259902705,1.6462729105334548,1.562995625629906,2.7288934644966654,1.798241235148854,1.264597070974944,1.6598323383897224,2.394211381707648,1.8677331066639666,1.98886495768497,1.9525776189190227,1.2908046337570676,1.7082602846689408,2.6171384711068097,2.0210446949526464,1.021398114278237,0.9046825367937061,3.0898935927130946,1.9107693544076627,1.7398950788848686
search_space_enz_84,0.4392440679684041,0.1318046734431893,8.562459782165603e-06,-0.054390594249606274,-0.5113493441550856,0.18765466170092257,0.20885537126394338,0.026460909533820052,-0.009086539957183793,0.011938242672715912,-0.02948599366126709,0.15251577222462925,0.02146370032230561,-0.24860431310146366,-0.1765699142700041,0.25095018561665927,0.3048617572091996,-0.6994428899789761,-0.1721964694451752,0.16536815440318872,1.3378848655632856,1.8813592171116382,1.4672806903139002,2.1882247913286297,1.7834512256973987,1.1886937968764304,1.6460931810594879,3.354964591046944,1.816906008813703,2.2343282358666463,2.125002374560743,1.2087919888977399,1.4823378785491383,2.0905795180362428,2.4835903634753658,0.9443748246288147,1.0761828004432266,2.1461643383640157,1.5727680476425123,1.9459981760777267
search_space_enz_63,0.4749367006911664,0.15831153773929565,-0.10172266601390284,-0.03490968646991032,-0.41538550793552154,0.16383933535984027,0.07083826556064479,-0.0383695078681081,0.23933973097988426,-0.08584941543100365,0.06972075834343008,-0.06782482894176453,-0.042394914802577746,-0.1831222814027312,-0.027923371292680927,0.1322861086216688,0.13773643829507076,-0.349293052325783,-0.11325237298724945,0.013038729880232266,1.11548311743708,1.7646806842956284,1.440134206333657,1.8698072358343367,2.4397806354058207,1.2644275816405277,1.4801695879908428,2.6604256180918964,1.8592616655587126,1.910885529935441,2.0626961767611602,1.0191031867909421,1.4217751309894575,2.2543125489380835,2.6113754310356403,0.8324108178796499,0.9640887671631884,3.1872444062541287,1.7494580476460968,1.6899141376984013
search_space_enz_24,0.09605343990215595,0.13359898927664304,0.057273567218867845,-0.1352489279873021,-0.5473014427761673,0.07523511609715337,0.0261250817956523,-0.3351142589238823,0.1695798127935268,0.05375391621532479,0.18308331776985332,0.1374304216891803,0.2713354093430653,0.06498646402580464,-0.21063564045655575,0.24605031202220679,0.1955220283039874,-0.4355167068473874,-0.10321084128490514,0.056999941822778635,0.9098818408073454,1.7345692973864244,1.2701028709102458,2.012179298523751,1.3229664336426705,0.9470532605055041,1.560680513850917,1.8543777567773845,1.563451681587505,1.8892161349497063,1.8134784735252485,1.3889035854331382,1.459413639004101,2.3351581228315847,2.4564673618530826,0.8148765204490898,0.7702549249594769,2.5053012599806905,1.4994356389530363,1.3808440258739278
