enz_0,0.3425742574257426,0.29108910891089107,0.3663366336633663,0.35247524752475246,0.31683168316831684,0.3306930693069307,0.48316831683168315,0.201980198019802,0.31485148514851485,0.41386138613861384,0.19801980198019803,0.3881188118811882,0.5425742574257426,0.3108910891089109,0.1465346534653465,0.4415841584158416,0.2079207920792079,0.3504950495049506,0.3326732673267327,0.2099009900990099,0.4574257425742574,0.3069306930693069,0.42376237623762375,0.26930693069306927,0.38811881188118813,0.2495049504950495,0.36237623762376237,0.24158415841584158,0.4891089108910891,0.2693069306930693,0.13267326732673268,0.7465346534653465,0.12079207920792079,0.44554455445544555,0.28316831683168314,0.27128712871287136,0.4534653465346535,0.3425742574257426,0.20396039603960398
enz_1,0.317907444668008,0.3299798792756539,0.35211267605633806,0.3682092555331992,0.3199195171026157,0.31187122736418504,0.5010060362173038,0.2012072434607646,0.29778672032193165,0.4225352112676056,0.20724346076458752,0.3702213279678068,0.5513078470824949,0.317907444668008,0.13078470824949706,0.4124748490945674,0.24949698189134809,0.3380281690140846,0.35412474849094566,0.19718309859154928,0.4486921529175051,0.3440643863179074,0.3983903420523139,0.25754527162977875,0.3702213279678068,0.2857142857142857,0.3440643863179075,0.2857142857142857,0.4567404426559356,0.2575452716297787,0.13279678068410464,0.744466800804829,0.12273641851106643,0.45472837022132795,0.26156941649899396,0.2837022132796781,0.43661971830985913,0.317907444668008,0.24547283702213285
enz_2,0.31749049429657794,0.34980988593155893,0.33269961977186313,0.3745247148288973,0.2946768060836502,0.3307984790874525,0.49049429657794674,0.19011406844106463,0.31939163498098866,0.435361216730038,0.19011406844106463,0.3745247148288974,0.5456273764258555,0.3155893536121673,0.13878326996197726,0.43346007604562736,0.24524714828897337,0.3212927756653993,0.33840304182509506,0.20722433460076045,0.4543726235741445,0.33460076045627374,0.36311787072243346,0.3022813688212928,0.3745247148288973,0.27756653992395436,0.3479087452471484,0.28517110266159695,0.41254752851711024,0.3022813688212928,0.12737642585551331,0.7585551330798479,0.11406844106463876,0.4391634980988593,0.2984790874524715,0.2623574144486693,0.41064638783269963,0.31749049429657794,0.2718631178707225
enz_3,0.30538922155688625,0.34331337325349304,0.35129740518962066,0.34530938123752497,0.32335329341317365,0.3313373253493014,0.4810379241516966,0.19760479041916168,0.32135728542914166,0.4031936127744511,0.20758483033932135,0.38922155688622756,0.5269461077844312,0.3313373253493014,0.14171656686626743,0.42115768463073855,0.2375249500998004,0.34131736526946105,0.3313373253493014,0.19560878243512975,0.47305389221556887,0.34530938123752497,0.37325349301397204,0.281437125748503,0.38922155688622756,0.27944111776447106,0.3313373253493013,0.281437125748503,0.437125748502994,0.281437125748503,0.12974051896207583,0.7524950099800399,0.11776447105788423,0.4431137724550898,0.2894211576846307,0.2674650698602795,0.4291417165668663,0.30538922155688625,0.26546906187624747
enz_4,0.31898238747553814,0.33072407045009783,0.350293542074364,0.36203522504892366,0.3111545988258317,0.3268101761252447,0.46966731898238745,0.20939334637964774,0.3209393346379648,0.4461839530332681,0.1780821917808219,0.37573385518591,0.5499021526418787,0.2974559686888454,0.15264187866927592,0.42857142857142855,0.22700587084148727,0.34442270058708413,0.34833659491193736,0.20156555772994128,0.45009784735812136,0.3385518590998043,0.37573385518590996,0.2857142857142858,0.37573385518590996,0.27984344422700586,0.3444227005870842,0.2622309197651663,0.4520547945205479,0.28571428571428575,0.12915851272015655,0.7455968688845401,0.12524461839530332,0.4598825831702544,0.28180039138943247,0.2583170254403131,0.410958904109589,0.31898238747553814,0.27005870841487284
enz_5,0.30538922155688625,0.34331337325349304,0.35129740518962066,0.34530938123752497,0.32335329341317365,0.3313373253493014,0.4810379241516966,0.19760479041916168,0.32135728542914166,0.4031936127744511,0.20758483033932135,0.38922155688622756,0.5269461077844312,0.3313373253493014,0.14171656686626743,0.42115768463073855,0.2375249500998004,0.34131736526946105,0.3313373253493014,0.19560878243512975,0.47305389221556887,0.34530938123752497,0.37325349301397204,0.281437125748503,0.38922155688622756,0.27944111776447106,0.3313373253493013,0.281437125748503,0.437125748502994,0.281437125748503,0.12974051896207583,0.7524950099800399,0.11776447105788423,0.4431137724550898,0.2894211576846307,0.2674650698602795,0.4291417165668663,0.30538922155688625,0.26546906187624747
enz_6,0.28515625,0.333984375,0.380859375,0.357421875,0.302734375,0.33984375,0.474609375,0.201171875,0.32421875,0.404296875,0.193359375,0.40234375,0.529296875,0.33203125,0.138671875,0.396484375,0.23828125,0.365234375,0.3125,0.216796875,0.470703125,0.3515625,0.388671875,0.259765625,0.40234375,0.28515625,0.3125,0.27734375,0.462890625,0.259765625,0.109375,0.77734375,0.11328125,0.4140625,0.291015625,0.294921875,0.45703125,0.28515625,0.2578125
enz_7,0.29783393501805056,0.34296028880866425,0.3592057761732852,0.37725631768953066,0.31227436823104693,0.31046931407942235,0.5288808664259927,0.18772563176895307,0.2833935018050542,0.4007220216606498,0.21660649819494585,0.38267148014440444,0.5324909747292419,0.3176895306859206,0.1498194945848375,0.38086642599277976,0.2870036101083033,0.33212996389891697,0.3194945848375451,0.21299638989169675,0.4675090252707581,0.37545126353790614,0.36462093862815886,0.259927797833935,0.38267148014440433,0.2996389891696751,0.3176895306859206,0.3176895306859206,0.4223826714801444,0.25992779783393494,0.11552346570397112,0.7743682310469314,0.11010830324909748,0.4296028880866426,0.30685920577617326,0.26353790613718414,0.4711191335740072,0.29783393501805056,0.2310469314079422
enz_8,0.33076923076923076,0.3057692307692308,0.3634615384615385,0.31346153846153846,0.34615384615384615,0.3403846153846154,0.5,0.16923076923076924,0.33076923076923076,0.36153846153846153,0.2403846153846154,0.398076923076923,0.5057692307692307,0.3423076923076923,0.15192307692307694,0.4346153846153846,0.21153846153846154,0.3538461538461538,0.3557692307692308,0.15,0.49423076923076914,0.3173076923076923,0.37884615384615383,0.3038461538461539,0.39807692307692305,0.24807692307692308,0.3538461538461539,0.2519230769230769,0.4442307692307692,0.3038461538461539,0.14615384615384616,0.7365384615384616,0.11730769230769222,0.5038461538461538,0.28076923076923077,0.2153846153846154,0.45,0.33076923076923076,0.21923076923076928
enz_9,0.3403846153846154,0.2865384615384615,0.3730769230769231,0.35384615384615387,0.3192307692307692,0.32692307692307687,0.475,0.2076923076923077,0.3173076923076923,0.40576923076923077,0.18461538461538463,0.4096153846153846,0.5115384615384615,0.3173076923076923,0.1711538461538462,0.43653846153846154,0.2,0.36346153846153845,0.32884615384615384,0.18269230769230768,0.4884615384615385,0.29423076923076924,0.4173076923076923,0.2884615384615384,0.4096153846153846,0.22115384615384615,0.36923076923076925,0.24423076923076922,0.4673076923076923,0.28846153846153844,0.12692307692307692,0.7596153846153846,0.1134615384615385,0.4480769230769231,0.3192307692307692,0.23269230769230775,0.4346153846153846,0.3403846153846154,0.22499999999999998
enz_10,0.3231939163498099,0.34600760456273766,0.33079847908745247,0.3688212927756654,0.2946768060836502,0.33650190114068446,0.49049429657794674,0.1844106463878327,0.3250950570342206,0.435361216730038,0.1920152091254753,0.37262357414448666,0.5456273764258555,0.31368821292775667,0.14068441064638787,0.44866920152091255,0.23193916349809887,0.31939163498098855,0.34790874524714827,0.19771863117870722,0.45437262357414443,0.3403041825095057,0.3612167300380228,0.29847908745247154,0.3726235741444867,0.2718631178707224,0.3555133079847908,0.279467680608365,0.4220532319391635,0.2984790874524715,0.12547528517110265,0.7585551330798479,0.11596958174904948,0.44106463878326996,0.2870722433460076,0.2718631178707224,0.40304182509505704,0.3231939163498099,0.2737642585551331
enz_11,0.32879377431906615,0.3326848249027237,0.3385214007782102,0.3560311284046693,0.32684824902723736,0.3171206225680933,0.5,0.1926070038910506,0.30739299610894943,0.4163424124513619,0.21011673151750973,0.3735408560311283,0.5408560311284046,0.3132295719844358,0.14591439688715957,0.4357976653696498,0.23540856031128404,0.32879377431906615,0.3463035019455253,0.19455252918287938,0.45914396887159536,0.33073929961089493,0.36770428015564205,0.3015564202334631,0.3735408560311284,0.27431906614785995,0.35214007782101164,0.2723735408560311,0.4260700389105058,0.30155642023346313,0.13618677042801555,0.7470817120622568,0.11673151750972766,0.4591439688715953,0.29766536964980544,0.2431906614785993,0.42023346303501946,0.32879377431906615,0.25097276264591434
enz_12,0.35447761194029853,0.30597014925373134,0.3395522388059701,0.3582089552238806,0.3302238805970149,0.31156716417910457,0.5018656716417911,0.20149253731343283,0.29664179104477606,0.4533582089552239,0.17723880597014927,0.36940298507462677,0.5597014925373134,0.3283582089552239,0.11194029850746273,0.458955223880597,0.21641791044776118,0.3246268656716419,0.34888059701492535,0.21082089552238806,0.4402985074626866,0.3208955223880597,0.39738805970149255,0.2817164179104478,0.3694029850746269,0.26865671641791045,0.3619402985074627,0.2462686567164179,0.47201492537313433,0.2817164179104478,0.13432835820895522,0.7406716417910447,0.1250000000000001,0.47761194029850745,0.2593283582089552,0.26305970149253727,0.39925373134328357,0.35447761194029853,0.2462686567164179
enz_13,0.322,0.34,0.3379999999999999,0.372,0.294,0.334,0.496,0.18,0.324,0.424,0.194,0.38200000000000006,0.554,0.32,0.12599999999999995,0.448,0.224,0.32800000000000007,0.34,0.214,0.44599999999999995,0.342,0.378,0.2799999999999999,0.382,0.274,0.344,0.27,0.45,0.27999999999999997,0.122,0.76,0.118,0.44,0.272,0.28800000000000003,0.396,0.322,0.282
enz_14,0.3373253493013972,0.3033932135728543,0.35928143712574845,0.35728542914171657,0.30538922155688625,0.3373253493013972,0.499001996007984,0.17964071856287425,0.32135728542914177,0.41317365269461076,0.20958083832335328,0.3772455089820359,0.5469061876247505,0.3013972055888224,0.1516966067864271,0.44510978043912175,0.21157684630738524,0.343313373253493,0.33532934131736525,0.21157684630738524,0.4530938123752495,0.3193612774451098,0.405189620758483,0.2754491017964072,0.3772455089820359,0.25748502994011974,0.36526946107784436,0.249500998003992,0.4750499001996008,0.27544910179640725,0.1277445109780439,0.7504990019960079,0.1217564870259481,0.46107784431137727,0.28542914171656686,0.2534930139720559,0.43313373253493015,0.3373253493013972,0.22954091816367267
enz_15,0.2958015267175573,0.3511450381679389,0.35305343511450377,0.366412213740458,0.33396946564885494,0.2996183206106871,0.4961832061068702,0.21755725190839695,0.2862595419847328,0.41412213740458015,0.20801526717557253,0.37786259541984735,0.5305343511450382,0.33396946564885494,0.13549618320610685,0.3893129770992366,0.27099236641221375,0.33969465648854963,0.33587786259541985,0.1946564885496183,0.46946564885496184,0.366412213740458,0.3511450381679389,0.28244274809160314,0.37786259541984735,0.30343511450381677,0.3187022900763359,0.30916030534351147,0.4083969465648855,0.282442748091603,0.1183206106870229,0.7652671755725191,0.11641221374045796,0.4541984732824427,0.2748091603053435,0.2709923664122138,0.4446564885496183,0.2958015267175573,0.25954198473282447
enz_16,0.3073770491803279,0.3524590163934426,0.34016393442622955,0.3524590163934426,0.3237704918032787,0.3237704918032786,0.48975409836065575,0.19672131147540983,0.3135245901639344,0.41188524590163933,0.2151639344262295,0.3729508196721312,0.5348360655737705,0.319672131147541,0.1454918032786885,0.41598360655737704,0.2540983606557377,0.3299180327868853,0.35655737704918034,0.17827868852459017,0.4651639344262295,0.36065573770491804,0.3483606557377049,0.2909836065573771,0.3729508196721312,0.2930327868852459,0.3340163934426229,0.30327868852459017,0.4057377049180328,0.29098360655737704,0.13319672131147542,0.7397540983606558,0.12704918032786883,0.44672131147540983,0.2889344262295082,0.26434426229508196,0.4426229508196721,0.3073770491803279,0.24999999999999994
enz_17,0.33984375,0.32421875,0.3359375,0.36328125,0.330078125,0.306640625,0.50390625,0.197265625,0.298828125,0.421875,0.20703125,0.37109375,0.541015625,0.326171875,0.1328125,0.44140625,0.23046875,0.328125,0.359375,0.181640625,0.458984375,0.34375,0.3671875,0.2890625,0.37109375,0.267578125,0.361328125,0.291015625,0.419921875,0.2890625,0.1328125,0.732421875,0.134765625,0.466796875,0.26953125,0.263671875,0.41015625,0.33984375,0.25
enz_18,0.3017241379310345,0.3706896551724138,0.3275862068965517,0.3724137931034483,0.2982758620689655,0.32931034482758614,0.5137931034482759,0.1706896551724138,0.3155172413793103,0.4241379310344828,0.2206896551724138,0.3551724137931034,0.55,0.30517241379310345,0.1448275862068965,0.4103448275862069,0.27586206896551724,0.3137931034482758,0.33793103448275863,0.2120689655172414,0.44999999999999996,0.3879310344827586,0.34655172413793106,0.26551724137931026,0.35517241379310344,0.32068965517241377,0.32413793103448285,0.31896551724137934,0.41551724137931034,0.2655172413793103,0.11896551724137931,0.7551724137931034,0.12586206896551733,0.4396551724137931,0.27586206896551724,0.2844827586206896,0.4482758620689655,0.3017241379310345,0.25
enz_19,0.3030888030888031,0.3783783783783784,0.31853281853281856,0.37065637065637064,0.2972972972972973,0.3320463320463321,0.5,0.17567567567567569,0.32432432432432434,0.43822393822393824,0.21042471042471042,0.3513513513513513,0.5675675675675675,0.2972972972972973,0.13513513513513514,0.4189189189189189,0.2702702702702703,0.31081081081081086,0.33976833976833976,0.2277992277992278,0.43243243243243246,0.38223938223938225,0.3436293436293436,0.27413127413127414,0.35135135135135137,0.3281853281853282,0.3204633204633205,0.3108108108108108,0.41505791505791506,0.2741312741312742,0.13127413127413126,0.747104247104247,0.12162162162162171,0.42084942084942084,0.2876447876447876,0.2915057915057915,0.43822393822393824,0.3030888030888031,0.25868725868725867
enz_20,0.30861723446893785,0.3346693386773547,0.35671342685370744,0.33867735470941884,0.3286573146292585,0.33266533066132264,0.49899799599198397,0.17635270541082165,0.32464929859719444,0.36472945891783565,0.24649298597194388,0.3887775551102205,0.5130260521042084,0.3226452905811623,0.1643286573146293,0.4188376753507014,0.23246492985971945,0.3486973947895792,0.3166332665330661,0.1963927855711423,0.4869739478957916,0.342685370741483,0.3587174348697395,0.2985971943887775,0.38877755511022044,0.2785571142284569,0.3326653306613227,0.27054108216432865,0.4308617234468938,0.29859719438877763,0.12024048096192384,0.7635270541082164,0.11623246492985972,0.4749498997995992,0.2905811623246493,0.23446893787575157,0.4589178356713427,0.30861723446893785,0.23246492985971945
enz_21,0.3241106719367589,0.3201581027667984,0.3557312252964427,0.35968379446640314,0.3241106719367589,0.316205533596838,0.4881422924901186,0.2015810276679842,0.31027667984189716,0.39723320158102765,0.20553359683794467,0.3972332015810277,0.5276679841897233,0.3221343873517787,0.15019762845849804,0.43478260869565216,0.21541501976284586,0.34980237154150207,0.3201581027667984,0.2075098814229249,0.47233201581027673,0.3181818181818182,0.37351778656126483,0.30830039525691705,0.39723320158102765,0.2549407114624506,0.3478260869565218,0.2608695652173913,0.4308300395256917,0.30830039525691694,0.1225296442687747,0.7628458498023716,0.11462450592885376,0.43478260869565216,0.3221343873517787,0.2430830039525692,0.424901185770751,0.3241106719367589,0.2509881422924901
enz_22,0.3001949317738791,0.33528265107212474,0.36452241715399614,0.3391812865497076,0.3255360623781676,0.3352826510721248,0.48927875243664715,0.1968810916179337,0.3138401559454192,0.40545808966861596,0.19883040935672514,0.3957115009746589,0.49902534113060426,0.3216374269005848,0.17933723196881096,0.3996101364522417,0.2573099415204678,0.34307992202729043,0.31189083820662766,0.1871345029239766,0.5009746588693957,0.3586744639376218,0.3313840155945419,0.3099415204678363,0.39571150097465885,0.2787524366471735,0.32553606237816773,0.30214424951267055,0.38791423001949316,0.30994152046783635,0.11695906432748537,0.7777777777777778,0.10526315789473684,0.42105263157894735,0.30409356725146197,0.2748538011695907,0.44834307992202727,0.3001949317738791,0.2514619883040936
enz_23,0.31496062992125984,0.35236220472440943,0.33267716535433073,0.3346456692913386,0.36023622047244097,0.3051181102362204,0.5118110236220472,0.2047244094488189,0.2834645669291339,0.39960629921259844,0.23818897637795275,0.36220472440944884,0.5295275590551181,0.34448818897637795,0.125984251968504,0.43700787401574803,0.25196850393700787,0.3110236220472441,0.33267716535433073,0.1968503937007874,0.47047244094488183,0.36023622047244097,0.3562992125984252,0.28346456692913385,0.36220472440944884,0.2952755905511811,0.3425196850393701,0.2854330708661417,0.4311023622047244,0.2834645669291339,0.12992125984251968,0.75,0.12007874015748032,0.46062992125984253,0.2795275590551181,0.2598425196850393,0.43700787401574803,0.31496062992125984,0.24803149606299213
enz_24,0.312625250501002,0.3366733466933868,0.35070140280561124,0.33867735470941884,0.32064128256513025,0.3406813627254509,0.4709418837675351,0.1963927855711423,0.33266533066132264,0.41082164328657317,0.20240480961923848,0.3867735470941883,0.5210420841683366,0.3366733466933868,0.14228456913827658,0.4228456913827655,0.23446893787575152,0.342685370741483,0.3226452905811623,0.19839679358717435,0.47895791583166336,0.3466933867735471,0.3627254509018036,0.2905811623246493,0.3867735470941884,0.28256513026052105,0.3306613226452905,0.280561122244489,0.4288577154308617,0.29058116232464926,0.12625250501002003,0.7555110220440882,0.11823647294589179,0.47695390781563124,0.2785571142284569,0.2444889779559118,0.44288577154308617,0.312625250501002,0.24448897795591185
enz_25,0.28544423440453687,0.3516068052930057,0.3629489603024574,0.3440453686200378,0.32325141776937616,0.3327032136105861,0.5122873345935728,0.17013232514177692,0.3175803402646503,0.3648393194706994,0.24574669187145556,0.38941398865784504,0.500945179584121,0.34593572778827975,0.15311909262759926,0.3950850661625709,0.2570888468809074,0.34782608695652173,0.31001890359168244,0.19092627599243855,0.49905482041587895,0.3553875236294896,0.3667296786389414,0.27788279773156893,0.389413988657845,0.29111531190926276,0.3194706994328923,0.28544423440453687,0.43667296786389415,0.27788279773156893,0.10775047258979206,0.7844990548204159,0.10775047258979198,0.46880907372400754,0.2948960302457467,0.23629489603024573,0.47448015122873344,0.28544423440453687,0.2400756143667297
enz_26,0.32936507936507936,0.31547619047619047,0.35515873015873023,0.376984126984127,0.3253968253968254,0.2976190476190476,0.5119047619047619,0.20238095238095238,0.28571428571428575,0.41865079365079366,0.1984126984126984,0.3829365079365079,0.5515873015873016,0.2996031746031746,0.14880952380952378,0.4166666666666667,0.2400793650793651,0.34325396825396814,0.3333333333333333,0.21825396825396826,0.4484126984126985,0.3353174603174603,0.37103174603174605,0.2936507936507937,0.38293650793650796,0.2757936507936508,0.3412698412698413,0.2698412698412698,0.4365079365079365,0.2936507936507937,0.12698412698412698,0.7559523809523809,0.11706349206349209,0.4365079365079365,0.30357142857142855,0.25992063492063494,0.42857142857142855,0.32936507936507936,0.24206349206349204
enz_27,0.2962962962962963,0.3391812865497076,0.36452241715399614,0.3391812865497076,0.31968810916179335,0.34113060428849906,0.49122807017543857,0.18908382066276802,0.3196881091617934,0.4074074074074074,0.1968810916179337,0.39571150097465885,0.4951267056530214,0.31968810916179335,0.18518518518518523,0.39571150097465885,0.26120857699805067,0.34307992202729054,0.31773879142300193,0.17738791423001948,0.5048732943469787,0.36257309941520466,0.3255360623781676,0.3118908382066277,0.39571150097465885,0.2826510721247563,0.3216374269005849,0.3079922027290448,0.38011695906432746,0.3118908382066277,0.11306042884990253,0.7777777777777778,0.10916179337231968,0.42105263157894735,0.30409356725146197,0.2748538011695907,0.44834307992202727,0.2962962962962963,0.25536062378167645
enz_28,0.2982456140350877,0.33528265107212474,0.3664717348927875,0.33723196881091616,0.3216374269005848,0.341130604288499,0.4834307992202729,0.1968810916179337,0.3196881091617934,0.41130604288499023,0.19103313840155944,0.3976608187134504,0.49707602339181284,0.3216374269005848,0.18128654970760244,0.3996101364522417,0.2553606237816764,0.34502923976608185,0.3138401559454191,0.18323586744639375,0.5029239766081871,0.36062378167641324,0.32748538011695905,0.31189083820662766,0.39766081871345027,0.2787524366471735,0.32358674463937626,0.30214424951267055,0.38596491228070173,0.3118908382066278,0.11500974658869395,0.7777777777777778,0.10721247563352831,0.42300194931773877,0.30214424951267055,0.27485380116959063,0.4444444444444444,0.2982456140350877,0.2573099415204679
enz_29,0.31809145129224653,0.3260437375745527,0.35586481113320073,0.3538767395626243,0.3240556660039761,0.32206759443339955,0.4731610337972167,0.21669980119284293,0.3101391650099403,0.40556660039761433,0.20079522862823063,0.393638170974155,0.5288270377733598,0.3260437375745527,0.1451292246520875,0.4274353876739563,0.2286282306163022,0.3439363817097415,0.31411530815109345,0.2147117296222664,0.4711729622266402,0.3320079522862823,0.3658051689860835,0.30218687872763417,0.39363817097415504,0.2624254473161034,0.3439363817097416,0.27634194831013914,0.42147117296222664,0.3021868787276342,0.12922465208747516,0.7594433399602386,0.11133200795228626,0.43141153081510936,0.31610337972166996,0.2524850894632206,0.441351888667992,0.31809145129224653,0.24055666003976145
enz_30,0.28024193548387094,0.3387096774193548,0.3810483870967742,0.32661290322580644,0.3407258064516129,0.3326612903225806,0.4737903225806452,0.20362903225806453,0.32258064516129026,0.36088709677419356,0.2318548387096774,0.4072580645161291,0.4959677419354839,0.38306451612903225,0.12096774193548387,0.3951612903225806,0.23387096774193547,0.3709677419354839,0.3064516129032258,0.18951612903225806,0.5040322580645162,0.3346774193548387,0.40524193548387094,0.2600806451612903,0.40725806451612906,0.2782258064516129,0.3145161290322581,0.26814516129032256,0.4717741935483871,0.26008064516129037,0.11491935483870967,0.7862903225806451,0.09879032258064524,0.4778225806451613,0.2923387096774194,0.22983870967741937,0.4798387096774194,0.28024193548387094,0.2399193548387097
enz_31,0.30755395683453235,0.3597122302158273,0.33273381294964033,0.3579136690647482,0.35071942446043164,0.29136690647482016,0.49640287769784175,0.22122302158273383,0.2823741007194244,0.4172661870503597,0.210431654676259,0.3723021582733812,0.5233812949640287,0.36151079136690645,0.11510791366906481,0.420863309352518,0.25539568345323743,0.32374100719424453,0.33093525179856115,0.19244604316546762,0.47661870503597126,0.36151079136690645,0.3579136690647482,0.28057553956834536,0.3723021582733813,0.29136690647482016,0.3363309352517985,0.30755395683453235,0.4118705035971223,0.28057553956834536,0.12050359712230216,0.7571942446043165,0.12230215827338131,0.4568345323741007,0.28597122302158273,0.2571942446043165,0.4172661870503597,0.30755395683453235,0.27517985611510787
enz_32,0.2846441947565543,0.35767790262172283,0.35767790262172283,0.36142322097378277,0.33146067415730335,0.3071161048689139,0.5299625468164794,0.1853932584269663,0.28464419475655434,0.41198501872659177,0.21722846441947566,0.3707865168539326,0.5318352059925093,0.3408239700374532,0.1273408239700375,0.37640449438202245,0.2883895131086142,0.3352059925093634,0.3333333333333333,0.19850187265917604,0.46816479400749067,0.3838951310861423,0.37453183520599254,0.2415730337078652,0.3707865168539326,0.3202247191011236,0.3089887640449438,0.31273408239700373,0.44569288389513106,0.2415730337078652,0.11610486891385768,0.7696629213483146,0.11423220973782766,0.45131086142322097,0.2808988764044944,0.26779026217228463,0.4550561797752809,0.2846441947565543,0.2602996254681648
enz_33,0.30434782608695654,0.34782608695652173,0.34782608695652173,0.35177865612648224,0.33992094861660077,0.30830039525691705,0.5,0.20553359683794467,0.2944664031620553,0.4090909090909091,0.21936758893280633,0.3715415019762845,0.5316205533596838,0.34782608695652173,0.12055335968379444,0.41106719367588934,0.2549407114624506,0.33399209486166,0.3438735177865613,0.18774703557312253,0.46837944664031617,0.3616600790513834,0.37351778656126483,0.26482213438735175,0.3715415019762846,0.29446640316205536,0.33399209486166,0.2924901185770751,0.4426877470355731,0.2648221343873518,0.12648221343873517,0.7450592885375494,0.12845849802371545,0.4782608695652174,0.2628458498023715,0.25889328063241107,0.43873517786561267,0.30434782608695654,0.2569169960474308
enz_34,0.2982456140350877,0.33723196881091616,0.3645224171539961,0.341130604288499,0.31968810916179335,0.3391812865497077,0.48927875243664715,0.19298245614035087,0.31773879142300204,0.41130604288499023,0.19298245614035087,0.39571150097465896,0.49707602339181284,0.31968810916179335,0.18323586744639386,0.39766081871345027,0.25925925925925924,0.3430799220272905,0.3157894736842105,0.18128654970760233,0.5029239766081872,0.36062378167641324,0.3255360623781676,0.3138401559454191,0.39571150097465885,0.2807017543859649,0.3235867446393763,0.3060428849902534,0.38011695906432746,0.3138401559454191,0.11306042884990253,0.7777777777777778,0.10916179337231968,0.42105263157894735,0.30409356725146197,0.2748538011695907,0.4444444444444444,0.2982456140350877,0.2573099415204679
enz_35,0.2883817427385892,0.37344398340248963,0.3381742738589212,0.36099585062240663,0.2925311203319502,0.3464730290456431,0.4854771784232365,0.18464730290456433,0.3298755186721991,0.43775933609958506,0.1908713692946058,0.37136929460580914,0.553941908713693,0.3091286307053942,0.13692946058091282,0.4190871369294606,0.25933609958506226,0.3215767634854771,0.34854771784232363,0.2053941908713693,0.4460580912863071,0.35269709543568467,0.3651452282157676,0.28215767634854766,0.37136929460580914,0.3112033195020747,0.31742738589211617,0.27800829875518673,0.43983402489626555,0.2821576763485477,0.12448132780082988,0.7697095435684648,0.10580912863070535,0.44398340248962653,0.2883817427385892,0.2676348547717843,0.4107883817427386,0.2883817427385892,0.30082987551867224
enz_36,0.3111111111111111,0.32222222222222224,0.36666666666666664,0.3277777777777778,0.32037037037037036,0.3518518518518519,0.48703703703703705,0.17037037037037037,0.34259259259259256,0.3925925925925926,0.2037037037037037,0.4037037037037037,0.5055555555555555,0.34814814814814815,0.1462962962962963,0.4166666666666667,0.22592592592592592,0.35740740740740734,0.3277777777777778,0.17777777777777778,0.49444444444444446,0.3537037037037037,0.3888888888888889,0.2574074074074075,0.40370370370370373,0.2722222222222222,0.3240740740740741,0.2777777777777778,0.4648148148148148,0.2574074074074074,0.12222222222222222,0.7537037037037037,0.12407407407407411,0.46296296296296297,0.29259259259259257,0.2444444444444444,0.46111111111111114,0.3111111111111111,0.22777777777777775
enz_37,0.332657200811359,0.3022312373225152,0.3651115618661257,0.35699797160243407,0.3022312373225152,0.3407707910750507,0.4969574036511156,0.1724137931034483,0.3306288032454361,0.3935091277890467,0.20892494929006086,0.39756592292089243,0.5415821501014199,0.31643002028397565,0.1419878296146045,0.4381338742393509,0.20689655172413793,0.3549695740365112,0.35699797160243407,0.1845841784989858,0.45841784989858014,0.3103448275862069,0.3894523326572008,0.30020283975659234,0.3975659229208925,0.24746450304259635,0.3549695740365111,0.24543610547667344,0.4543610547667343,0.30020283975659234,0.13387423935091278,0.742393509127789,0.12373225152129819,0.47058823529411764,0.2839756592292089,0.24543610547667344,0.43204868154158216,0.332657200811359,0.23529411764705882
enz_38,0.3134920634920635,0.32341269841269843,0.3630952380952381,0.37103174603174605,0.30952380952380953,0.3194444444444444,0.49404761904761907,0.1984126984126984,0.30753968253968256,0.4027777777777778,0.1984126984126984,0.39880952380952384,0.5337301587301587,0.2996031746031746,0.16666666666666669,0.4107142857142857,0.23809523809523808,0.3511904761904762,0.3353174603174603,0.1984126984126984,0.4662698412698414,0.3273809523809524,0.376984126984127,0.2956349206349207,0.39880952380952384,0.26785714285714285,0.3333333333333333,0.2698412698412698,0.43452380952380953,0.2956349206349207,0.12103174603174603,0.7599206349206349,0.11904761904761907,0.42658730158730157,0.32341269841269843,0.24999999999999994,0.44246031746031744,0.3134920634920635,0.24404761904761907
enz_39,0.3110687022900763,0.3530534351145038,0.33587786259541985,0.36259541984732824,0.31297709923664124,0.3244274809160305,0.49236641221374045,0.19083969465648856,0.316793893129771,0.41603053435114506,0.20801526717557253,0.3759541984732825,0.5324427480916031,0.32251908396946566,0.14503816793893126,0.4312977099236641,0.24045801526717558,0.3282442748091603,0.3301526717557252,0.20229007633587787,0.46755725190839686,0.3435114503816794,0.36259541984732824,0.29389312977099236,0.37595419847328243,0.2862595419847328,0.3377862595419848,0.2824427480916031,0.42366412213740456,0.29389312977099236,0.11641221374045801,0.7709923664122137,0.11259541984732835,0.43320610687022904,0.2900763358778626,0.27671755725190833,0.4255725190839695,0.3110687022900763,0.26335877862595425
enz_40,0.2935222672064777,0.3259109311740891,0.38056680161943324,0.3481781376518219,0.2732793522267207,0.3785425101214575,0.4676113360323887,0.17408906882591094,0.3582995951417004,0.4089068825910931,0.17408906882591094,0.417004048582996,0.5141700404858299,0.3117408906882591,0.17408906882591096,0.4089068825910931,0.23076923076923078,0.3603238866396761,0.3076923076923077,0.20647773279352227,0.48582995951417,0.33805668016194335,0.3785425101214575,0.28340080971659914,0.41700404858299595,0.26720647773279355,0.31578947368421045,0.26720647773279355,0.4493927125506073,0.2834008097165991,0.10931174089068826,0.7854251012145749,0.10526315789473684,0.42105263157894735,0.31781376518218624,0.2611336032388664,0.4493927125506073,0.2935222672064777,0.25708502024291496
enz_41,0.32719836400818,0.3537832310838446,0.3190184049079755,0.37423312883435583,0.30879345603271985,0.31697341513292426,0.5480572597137015,0.1492842535787321,0.30265848670756645,0.4130879345603272,0.2331288343558282,0.3537832310838446,0.558282208588957,0.33537832310838445,0.1063394683026585,0.4335378323108384,0.261758691206544,0.3047034764826176,0.3537832310838446,0.20449897750511248,0.44171779141104295,0.36809815950920244,0.38650306748466257,0.245398773006135,0.3537832310838446,0.30265848670756645,0.34355828220858897,0.2985685071574642,0.4560327198364008,0.245398773006135,0.12883435582822086,0.7648261758691206,0.1063394683026585,0.48261758691206547,0.25357873210633947,0.26380368098159507,0.4274028629856851,0.32719836400818,0.24539877300613494
enz_42,0.31647398843930635,0.3901734104046243,0.2933526011560693,0.40028901734104044,0.32803468208092484,0.27167630057803466,0.5447976878612717,0.19508670520231214,0.26011560693641617,0.4479768786127168,0.2254335260115607,0.3265895953757226,0.5578034682080925,0.3309248554913295,0.11127167630057805,0.4234104046242775,0.2947976878612717,0.2817919075144508,0.36560693641618497,0.19219653179190752,0.44219653179190754,0.4147398843930636,0.3439306358381503,0.24132947976878605,0.3265895953757225,0.3309248554913295,0.342485549132948,0.3540462427745665,0.4046242774566474,0.24132947976878605,0.10982658959537572,0.7369942196531792,0.15317919075144504,0.4508670520231214,0.26878612716763006,0.28034682080924855,0.4291907514450867,0.31647398843930635,0.25433526011560686
enz_43,0.3203125,0.31640625,0.36328125,0.345703125,0.328125,0.326171875,0.462890625,0.21875,0.318359375,0.412109375,0.19140625,0.396484375,0.5234375,0.33984375,0.13671875,0.431640625,0.212890625,0.35546875,0.337890625,0.185546875,0.4765625,0.31640625,0.3984375,0.28515625,0.396484375,0.255859375,0.34765625,0.25390625,0.4609375,0.28515625,0.126953125,0.7421875,0.130859375,0.462890625,0.287109375,0.25,0.4375,0.3203125,0.2421875
enz_44,0.2886178861788618,0.37601626016260165,0.3353658536585366,0.3902439024390244,0.27235772357723576,0.33739837398373984,0.5182926829268293,0.16056910569105692,0.3211382113821138,0.44308943089430897,0.1910569105691057,0.36585365853658536,0.5670731707317073,0.2926829268292683,0.14024390243902446,0.3983739837398374,0.28252032520325204,0.3191056910569105,0.31910569105691056,0.24796747967479674,0.43292682926829273,0.40447154471544716,0.35772357723577236,0.23780487804878042,0.36585365853658536,0.33739837398373984,0.2967479674796748,0.31910569105691056,0.44308943089430897,0.23780487804878048,0.10569105691056911,0.790650406504065,0.10365853658536583,0.3800813008130081,0.3008130081300813,0.3191056910569105,0.45121951219512196,0.2886178861788618,0.2601626016260163
enz_45,0.3016759776536313,0.33519553072625696,0.36312849162011174,0.3687150837988827,0.3091247672253259,0.3221601489757915,0.5288640595903166,0.17318435754189945,0.297951582867784,0.4059590316573557,0.2122905027932961,0.3817504655493482,0.5307262569832403,0.31098696461824954,0.1582867783985102,0.3817504655493482,0.27932960893854747,0.3389199255121043,0.329608938547486,0.2011173184357542,0.4692737430167597,0.3817504655493482,0.3649906890130354,0.2532588454376164,0.3817504655493482,0.29608938547486036,0.3221601489757914,0.3165735567970205,0.4301675977653631,0.2532588454376164,0.12104283054003724,0.7635009310986964,0.11545623836126628,0.4376163873370577,0.3016759776536313,0.26070763500931093,0.46741154562383613,0.3016759776536313,0.23091247672253257
enz_46,0.30451127819548873,0.33458646616541354,0.3609022556390977,0.37030075187969924,0.34962406015037595,0.2800751879699248,0.4906015037593985,0.24812030075187969,0.26127819548872183,0.4116541353383459,0.20300751879699247,0.3853383458646617,0.5375939849624061,0.31954887218045114,0.1428571428571428,0.40225563909774437,0.2556390977443609,0.3421052631578948,0.34022556390977443,0.19736842105263158,0.462406015037594,0.3383458646616541,0.37781954887218044,0.2838345864661654,0.38533834586466165,0.2781954887218045,0.33646616541353386,0.27631578947368424,0.4398496240601504,0.28383458646616533,0.12593984962406016,0.7706766917293233,0.10338345864661658,0.4323308270676692,0.29887218045112784,0.26879699248120303,0.43609022556390975,0.30451127819548873,0.2593984962406015
enz_47,0.3096153846153846,0.35,0.3403846153846154,0.32884615384615384,0.34807692307692306,0.32307692307692315,0.5211538461538462,0.17307692307692307,0.30576923076923074,0.36923076923076925,0.2673076923076923,0.36346153846153845,0.5211538461538462,0.35,0.12884615384615383,0.43653846153846154,0.2403846153846154,0.32307692307692304,0.3423076923076923,0.17884615384615385,0.4788461538461538,0.3557692307692308,0.375,0.26923076923076916,0.36346153846153845,0.28846153846153844,0.34807692307692306,0.2692307692307692,0.46153846153846156,0.2692307692307693,0.12692307692307692,0.7653846153846153,0.10769230769230775,0.5115384615384615,0.2519230769230769,0.2365384615384616,0.4461538461538462,0.3096153846153846,0.24423076923076925
enz_48,0.3153310104529617,0.343205574912892,0.34146341463414637,0.3501742160278746,0.32578397212543553,0.3240418118466899,0.5174216027874564,0.17247386759581881,0.31010452961672474,0.38153310104529614,0.25261324041811845,0.3658536585365854,0.5365853658536586,0.3344947735191638,0.12891986062717764,0.4337979094076655,0.23867595818815332,0.32752613240418116,0.34494773519163763,0.1916376306620209,0.46341463414634143,0.37282229965156793,0.3710801393728223,0.2560975609756097,0.36585365853658536,0.29094076655052264,0.343205574912892,0.28397212543554007,0.45993031358885017,0.25609756097560976,0.12020905923344948,0.7386759581881533,0.14111498257839716,0.49477351916376305,0.2508710801393728,0.2543554006968642,0.4547038327526132,0.3153310104529617,0.22996515679442514
enz_49,0.31673306772908366,0.3346613545816733,0.3486055776892431,0.3545816733067729,0.3047808764940239,0.34063745019920316,0.4820717131474104,0.1852589641434263,0.33266932270916333,0.4043824701195219,0.20318725099601595,0.39243027888446214,0.5278884462151394,0.30876494023904383,0.16334661354581675,0.42828685258964144,0.23107569721115537,0.3406374501992031,0.3207171314741036,0.20717131474103587,0.4721115537848606,0.32270916334661354,0.3705179282868526,0.3067729083665339,0.39243027888446214,0.26693227091633465,0.3406374501992032,0.2689243027888446,0.4243027888446215,0.30677290836653387,0.1294820717131474,0.7529880478087649,0.11752988047808766,0.43824701195219123,0.3247011952191235,0.23705179282868521,0.4342629482071713,0.31673306772908366,0.24900398406374497
enz_50,0.28725701943844495,0.38660907127429806,0.326133909287257,0.3542116630669546,0.30669546436285094,0.33909287257019444,0.48812095032397407,0.183585313174946,0.32829373650107996,0.42764578833693306,0.20734341252699784,0.36501079913606904,0.5356371490280778,0.32181425485961124,0.14254859611231097,0.4146868250539957,0.26997840172786175,0.31533477321814257,0.31965442764578833,0.2159827213822894,0.46436285097192226,0.3758099352051836,0.3434125269978402,0.28077753779697623,0.3650107991360691,0.32181425485961124,0.3131749460043196,0.3023758099352052,0.4168466522678186,0.28077753779697623,0.11879049676025918,0.7796976241900648,0.10151187904967596,0.4427645788336933,0.2915766738660907,0.26565874730021594,0.4298056155507559,0.28725701943844495,0.28293736501079914
enz_51,0.30057803468208094,0.3371868978805395,0.3622350674373795,0.3236994219653179,0.3352601156069364,0.3410404624277456,0.4682080924855491,0.19653179190751446,0.33526011560693636,0.3834296724470135,0.22350674373795762,0.3930635838150289,0.51252408477842,0.3468208092485549,0.14065510597302505,0.4238921001926782,0.21965317919075145,0.35645472061657035,0.3217726396917148,0.1907514450867052,0.48747591522157996,0.32947976878612717,0.36801541425818884,0.302504816955684,0.3930635838150289,0.2774566473988439,0.32947976878612717,0.2543352601156069,0.44315992292870904,0.30250481695568404,0.1252408477842004,0.7707129094412332,0.10404624277456642,0.47784200385356457,0.27552986512524086,0.24662813102119457,0.44508670520231214,0.30057803468208094,0.25433526011560686
enz_52,0.3073770491803279,0.3668032786885246,0.3258196721311476,0.33401639344262296,0.32991803278688525,0.33606557377049173,0.5184426229508197,0.15778688524590165,0.32377049180327866,0.375,0.26024590163934425,0.36475409836065575,0.5102459016393442,0.375,0.11475409836065575,0.4262295081967213,0.26024590163934425,0.3135245901639344,0.3237704918032787,0.1864754098360656,0.48975409836065575,0.3442622950819672,0.3831967213114754,0.27254098360655743,0.36475409836065575,0.29918032786885246,0.3360655737704918,0.2848360655737705,0.4426229508196721,0.2725409836065574,0.125,0.7807377049180327,0.09426229508196726,0.5184426229508197,0.2520491803278688,0.2295081967213115,0.4651639344262295,0.3073770491803279,0.22745901639344263
enz_53,0.3253493013972056,0.32934131736526945,0.345309381237525,0.36327345309381237,0.3473053892215569,0.28942115768463067,0.47904191616766467,0.2375249500998004,0.2834331337325349,0.4171656686626746,0.20758483033932135,0.3752495009980041,0.5349301397205589,0.313373253493014,0.1516966067864271,0.4351297405189621,0.22554890219560877,0.3393213572854292,0.3153692614770459,0.21956087824351297,0.4650698602794411,0.3413173652694611,0.3413173652694611,0.3173652694610778,0.37524950099800397,0.26147704590818366,0.3632734530938124,0.2894211576846307,0.3932135728542914,0.31736526946107785,0.12974051896207583,0.7445109780439122,0.12574850299401197,0.42115768463073855,0.3373253493013972,0.24151696606786427,0.4171656686626746,0.3253493013972056,0.25748502994011985
enz_54,0.3240418118466899,0.3519163763066202,0.3240418118466899,0.3623693379790941,0.32752613240418116,0.31010452961672474,0.5174216027874564,0.18118466898954705,0.30139372822299654,0.4094076655052265,0.22996515679442509,0.36062717770034836,0.5435540069686411,0.3362369337979094,0.12020905923344949,0.42857142857142855,0.25609756097560976,0.31533101045296164,0.3606271777003484,0.18292682926829268,0.45644599303135885,0.3606271777003484,0.35714285714285715,0.2822299651567944,0.3606271777003484,0.29094076655052264,0.3484320557491289,0.3083623693379791,0.4094076655052265,0.2822299651567944,0.13763066202090593,0.7369337979094077,0.12543554006968638,0.4721254355400697,0.2682926829268293,0.259581881533101,0.43031358885017423,0.3240418118466899,0.24564459930313587
enz_55,0.30560578661844484,0.36347197106690776,0.3309222423146474,0.35443037974683544,0.31645569620253167,0.3291139240506329,0.4972875226039783,0.18806509945750452,0.31464737793851716,0.4177215189873418,0.2115732368896926,0.3707052441229656,0.5533453887884268,0.3182640144665461,0.12839059674502712,0.4394213381555154,0.244122965641953,0.31645569620253156,0.3309222423146474,0.2224231464737794,0.44665461121157324,0.3743218806509946,0.36347197106690776,0.26220614828209765,0.3707052441229656,0.3037974683544304,0.32549728752260393,0.27848101265822783,0.4593128390596745,0.2622061482820977,0.12477396021699819,0.7667269439421338,0.10849909584086803,0.4376130198915009,0.2857142857142857,0.2766726943942134,0.4213381555153707,0.30560578661844484,0.2730560578661845
enz_56,0.3234714003944773,0.33925049309664695,0.33727810650887574,0.3530571992110454,0.32938856015779094,0.31755424063116366,0.4832347140039448,0.20315581854043394,0.31360946745562124,0.4161735700197239,0.20907297830374755,0.37475345167652857,0.534516765285996,0.3175542406311637,0.14792899408284027,0.4378698224852071,0.22879684418145957,0.3333333333333333,0.33136094674556216,0.20315581854043394,0.4654832347140039,0.3333333333333333,0.3727810650887574,0.29388560157790933,0.3747534516765286,0.27613412228796846,0.3491124260355029,0.2702169625246548,0.4358974358974359,0.2938856015779092,0.1301775147928994,0.7633136094674556,0.10650887573964496,0.4437869822485207,0.29980276134122286,0.2564102564102564,0.42998027613412226,0.3234714003944773,0.24654832347140043
enz_57,0.2975970425138632,0.3585951940850277,0.3438077634011091,0.35489833641404805,0.3419593345656192,0.30314232902033267,0.4879852125693161,0.22365988909426987,0.2883548983364141,0.4399260628465804,0.19408502772643252,0.36598890942698703,0.5397412199630314,0.3290203327171904,0.13123844731977824,0.40850277264325324,0.26247689463955637,0.32902033271719033,0.31053604436229204,0.22920517560073936,0.46025878003696863,0.37153419593345655,0.34750462107208874,0.28096118299445466,0.3659889094269871,0.30868761552680224,0.32532347504621073,0.29390018484288355,0.42513863216266173,0.2809611829944548,0.12384473197781885,0.7652495378927912,0.11090573012938998,0.4584103512014787,0.2920517560073937,0.24953789279112754,0.41035120147874304,0.2975970425138632,0.29205175600739375
enz_58,0.34637964774951074,0.26810176125244617,0.38551859099804314,0.350293542074364,0.30724070450097846,0.3424657534246575,0.461839530332681,0.20156555772994128,0.3365949119373777,0.41487279843444225,0.16829745596868884,0.4168297455968689,0.5068493150684932,0.30724070450097846,0.18590998043052837,0.436399217221135,0.18395303326810175,0.3796477495107632,0.33463796477495106,0.17221135029354206,0.4931506849315068,0.273972602739726,0.43052837573385516,0.2954990215264188,0.41682974559686886,0.21135029354207435,0.37181996086105684,0.22113502935420742,0.48336594911937375,0.2954990215264189,0.1232876712328767,0.7592954990215264,0.11741682974559686,0.45401174168297453,0.31898238747553814,0.22700587084148732,0.4481409001956947,0.34637964774951074,0.20547945205479462
enz_59,0.322,0.34,0.3379999999999999,0.372,0.294,0.334,0.496,0.18,0.324,0.424,0.194,0.38200000000000006,0.554,0.32,0.12599999999999995,0.448,0.224,0.32800000000000007,0.34,0.214,0.44599999999999995,0.342,0.378,0.2799999999999999,0.382,0.274,0.344,0.27,0.45,0.27999999999999997,0.122,0.76,0.118,0.44,0.272,0.28800000000000003,0.396,0.322,0.282
enz_60,0.3034623217922607,0.32790224032586557,0.3686354378818737,0.3604887983706721,0.3136456211812627,0.32586558044806513,0.4663951120162933,0.2240325865580448,0.30957230142566194,0.4378818737270876,0.17311608961303462,0.38900203665987787,0.5376782077393075,0.31160896130346233,0.15071283095723015,0.40325865580448067,0.24439918533604887,0.3523421588594705,0.35234215885947046,0.18533604887983707,0.46232179226069253,0.329938900203666,0.37474541751527496,0.29531568228105903,0.3890020366598778,0.27494908350305497,0.33604887983706716,0.2790224032586558,0.4256619144602851,0.2953156822810591,0.13034623217922606,0.7596741344195519,0.10997963340122208,0.4317718940936864,0.2892057026476578,0.27902240325865585,0.4256619144602851,0.3034623217922607,0.2708757637474542
enz_61,0.34888059701492535,0.27798507462686567,0.373134328358209,0.3694029850746269,0.32649253731343286,0.30410447761194026,0.5373134328358209,0.18097014925373134,0.28171641791044777,0.3880597014925373,0.22574626865671643,0.38619402985074625,0.5223880597014925,0.333955223880597,0.1436567164179105,0.416044776119403,0.2332089552238806,0.3507462686567163,0.3582089552238806,0.16417910447761194,0.4776119402985075,0.30597014925373134,0.43283582089552236,0.2611940298507463,0.38619402985074625,0.23880597014925373,0.375,0.2593283582089552,0.47947761194029853,0.2611940298507463,0.125,0.7667910447761194,0.10820895522388063,0.503731343283582,0.2630597014925373,0.23320895522388063,0.47201492537313433,0.34888059701492535,0.17910447761194037
enz_62,0.2924901185770751,0.34980237154150196,0.35770750988142297,0.35968379446640314,0.32806324110671936,0.31225296442687756,0.5059288537549407,0.19960474308300397,0.29446640316205536,0.41699604743083,0.20355731225296442,0.3794466403162055,0.541501976284585,0.32806324110671936,0.13043478260869568,0.38537549407114624,0.274703557312253,0.33992094861660077,0.3241106719367589,0.21739130434782608,0.45849802371541504,0.37549407114624506,0.3616600790513834,0.26284584980237147,0.3794466403162055,0.31225296442687744,0.308300395256917,0.3102766798418972,0.4268774703557312,0.2628458498023716,0.12648221343873517,0.7628458498023716,0.11067193675889331,0.41699604743083,0.30434782608695654,0.2786561264822134,0.45652173913043476,0.2924901185770751,0.2509881422924901
enz_63,0.29577464788732394,0.33601609657947684,0.36820925553319916,0.35412474849094566,0.3319919517102616,0.31388329979879276,0.5070422535211268,0.2112676056338028,0.28169014084507044,0.4124748490945674,0.19919517102615694,0.38832997987927576,0.5311871227364185,0.33601609657947684,0.1327967806841046,0.3963782696177062,0.2676056338028169,0.33601609657947684,0.3460764587525151,0.1851106639839034,0.46881287726358145,0.3460764587525151,0.3843058350100604,0.2696177062374245,0.38832997987927564,0.2917505030181087,0.3199195171026157,0.2776659959758551,0.45271629778672035,0.2696177062374245,0.12072434607645875,0.7645875251509054,0.11468812877263579,0.46277665995975853,0.2776659959758551,0.2595573440643864,0.4386317907444668,0.29577464788732394,0.2655935613682093
enz_64,0.30980392156862746,0.32745098039215687,0.3627450980392157,0.34901960784313724,0.3176470588235294,0.33333333333333337,0.49411764705882355,0.18235294117647058,0.32352941176470584,0.4019607843137255,0.20588235294117646,0.39215686274509803,0.515686274509804,0.3352941176470588,0.14901960784313723,0.41568627450980394,0.23137254901960785,0.35294117647058815,0.31176470588235294,0.20392156862745098,0.4843137254901961,0.33725490196078434,0.39019607843137255,0.2725490196078431,0.39215686274509803,0.27058823529411763,0.3372549019607844,0.26666666666666666,0.46078431372549017,0.2725490196078432,0.11764705882352941,0.7745098039215687,0.10784313725490191,0.4627450980392157,0.28823529411764703,0.24901960784313726,0.4372549019607843,0.30980392156862746,0.2529411764705882
enz_65,0.3201581027667984,0.32806324110671936,0.3517786561264823,0.34782608695652173,0.3300395256916996,0.3221343873517787,0.4743083003952569,0.2075098814229249,0.31818181818181823,0.41304347826086957,0.19960474308300397,0.3873517786561264,0.5237154150197628,0.3221343873517787,0.1541501976284585,0.4308300395256917,0.22134387351778656,0.3478260869565218,0.32806324110671936,0.1956521739130435,0.4762845849802372,0.3221343873517787,0.3794466403162055,0.2984189723320158,0.38735177865612647,0.26679841897233203,0.3458498023715415,0.2628458498023715,0.43873517786561267,0.29841897233201575,0.12648221343873517,0.758893280632411,0.11462450592885387,0.4407114624505929,0.3142292490118577,0.24505928853754938,0.4367588932806324,0.3201581027667984,0.24308300395256927
enz_66,0.33067729083665337,0.3346613545816733,0.3346613545816734,0.34063745019920316,0.34860557768924305,0.31075697211155384,0.4721115537848606,0.2250996015936255,0.3027888446215139,0.4262948207171315,0.1952191235059761,0.37848605577689237,0.5398406374501992,0.33266932270916333,0.1274900398406375,0.450199203187251,0.22310756972111553,0.3266932270916334,0.33266932270916333,0.20717131474103587,0.46015936254980083,0.3426294820717131,0.3545816733067729,0.302788844621514,0.3784860557768924,0.27689243027888444,0.34462151394422313,0.27091633466135456,0.4262948207171315,0.30278884462151395,0.13745019920318724,0.7350597609561753,0.12749003984063745,0.450199203187251,0.2968127490039841,0.2529880478087649,0.4163346613545817,0.33067729083665337,0.2529880478087649
enz_67,0.3092436974789916,0.36470588235294116,0.32605042016806723,0.3831932773109244,0.29747899159663865,0.319327731092437,0.5243697478991597,0.16974789915966387,0.30588235294117644,0.45546218487394957,0.19327731092436976,0.35126050420168076,0.5680672268907563,0.292436974789916,0.13949579831932774,0.4134453781512605,0.2739495798319328,0.3126050420168067,0.3546218487394958,0.2134453781512605,0.4319327731092436,0.39663865546218485,0.3546218487394958,0.2487394957983194,0.35126050420168065,0.32605042016806723,0.3226890756302521,0.32605042016806723,0.42521008403361343,0.2487394957983194,0.11932773109243698,0.7495798319327731,0.1310924369747899,0.4084033613445378,0.28907563025210087,0.3025210084033613,0.4184873949579832,0.3092436974789916,0.27226890756302513
enz_68,0.32342007434944237,0.3345724907063197,0.34200743494423785,0.35687732342007433,0.32899628252788105,0.31412639405204457,0.5037174721189591,0.1970260223048327,0.2992565055762082,0.41263940520446096,0.21561338289962825,0.37174721189591076,0.5483271375464684,0.3104089219330855,0.14126394052044605,0.4368029739776952,0.23605947955390336,0.32713754646840143,0.32899628252788105,0.21933085501858737,0.45167286245353155,0.3513011152416357,0.3643122676579926,0.2843866171003718,0.37174721189591076,0.28066914498141265,0.3475836431226766,0.2732342007434944,0.4423791821561338,0.2843866171003717,0.13197026022304834,0.7453531598513011,0.12267657992565051,0.4479553903345725,0.2862453531598513,0.2657992565055762,0.41821561338289964,0.32342007434944237,0.25836431226765805
enz_69,0.30390492359932086,0.38879456706281834,0.3073005093378608,0.3616298811544992,0.33446519524617996,0.3039049235993209,0.5144312393887945,0.19185059422750425,0.2937181663837012,0.432937181663837,0.23089983022071306,0.33616298811545,0.5619694397283531,0.3174872665534805,0.12054329371816641,0.42784380305602715,0.27504244482173174,0.29711375212224106,0.34295415959252973,0.21901528013582344,0.43803056027164683,0.3870967741935484,0.34804753820033957,0.26485568760611206,0.3361629881154499,0.33446519524617996,0.32937181663837006,0.3089983022071307,0.42614601018675724,0.264855687606112,0.1307300509337861,0.7640067911714771,0.10526315789473684,0.44482173174872663,0.26825127334465193,0.28692699490662144,0.42105263157894735,0.30390492359932086,0.2750424448217318
enz_70,0.281437125748503,0.35728542914171657,0.36127744510978044,0.34930139720558884,0.2894211576846307,0.36127744510978044,0.4870259481037924,0.1656686626746507,0.3473053892215569,0.3852295409181637,0.2155688622754491,0.3992015968063872,0.5209580838323353,0.33532934131736525,0.14371257485029942,0.4111776447105788,0.24151696606786427,0.3473053892215569,0.3193612774451098,0.20159680638722555,0.47904191616766467,0.3473053892215569,0.35728542914171657,0.29540918163672647,0.3992015968063872,0.2874251497005988,0.313373253493014,0.2714570858283433,0.43313373253493015,0.29540918163672647,0.11177644710578842,0.7904191616766467,0.0978043912175649,0.4530938123752495,0.2774451097804391,0.2694610778443114,0.4351297405189621,0.281437125748503,0.283433133732535
enz_71,0.3136456211812627,0.3360488798370672,0.35030549898167007,0.34419551934826886,0.32790224032586557,0.32790224032586557,0.48676171079429736,0.1955193482688391,0.3177189409368635,0.3971486761710794,0.21792260692464357,0.384928716904277,0.5295315682281059,0.3543788187372709,0.11608961303462323,0.42769857433808556,0.23217922606924643,0.340122199592668,0.319755600814664,0.20977596741344195,0.470468431771894,0.34826883910386963,0.384928716904277,0.2668024439918534,0.384928716904277,0.2790224032586558,0.3360488798370672,0.2790224032586558,0.45417515274949083,0.2668024439918534,0.12830957230142567,0.7535641547861507,0.11812627291242361,0.4623217922606925,0.26883910386965376,0.26883910386965376,0.4460285132382892,0.3136456211812627,0.2403258655804481
enz_72,0.2914285714285714,0.3504761904761905,0.35809523809523813,0.3657142857142857,0.34476190476190477,0.28952380952380957,0.4838095238095238,0.24761904761904763,0.26857142857142857,0.4114285714285714,0.2038095238095238,0.38476190476190475,0.5352380952380953,0.3028571428571429,0.16190476190476183,0.40190476190476193,0.26095238095238094,0.3371428571428571,0.33904761904761904,0.1961904761904762,0.46476190476190476,0.3619047619047619,0.35619047619047617,0.2819047619047619,0.38476190476190475,0.2876190476190476,0.32761904761904764,0.2914285714285714,0.4266666666666667,0.28190476190476194,0.1219047619047619,0.7714285714285715,0.10666666666666658,0.3980952380952381,0.31238095238095237,0.28952380952380957,0.4342857142857143,0.2914285714285714,0.2742857142857143
enz_73,0.29336188436830835,0.3683083511777302,0.33832976445396146,0.37259100642398285,0.29764453961456105,0.32976445396145615,0.4925053533190578,0.1905781584582441,0.31691648822269813,0.4346895074946467,0.19271948608137046,0.3725910064239829,0.5460385438972163,0.30620985010706636,0.14775160599571735,0.4089935760171306,0.26552462526766596,0.32548179871520344,0.33832976445396146,0.20770877944325483,0.4539614561027837,0.35974304068522484,0.3554603854389722,0.2847965738758029,0.37259100642398285,0.31049250535331907,0.31691648822269813,0.291220556745182,0.42398286937901497,0.28479657387580304,0.11563169164882227,0.7773019271948608,0.10706638115631695,0.43683083511777304,0.28693790149892934,0.2762312633832977,0.42184154175588867,0.29336188436830835,0.2847965738758029
enz_74,0.2983425414364641,0.35543278084714547,0.3462246777163904,0.35359116022099446,0.3351749539594843,0.3112338858195212,0.49171270718232046,0.20994475138121546,0.2983425414364641,0.427255985267035,0.20626151012891344,0.3664825046040515,0.5340699815837937,0.3241252302025783,0.14180478821362802,0.40515653775322286,0.26151012891344383,0.33333333333333326,0.32228360957642727,0.21178637200736647,0.4659300184162063,0.3701657458563536,0.35174953959484345,0.2780847145488029,0.3664825046040516,0.30570902394106814,0.32780847145488023,0.2965009208103131,0.425414364640884,0.2780847145488029,0.12338858195211787,0.7587476979742173,0.11786372007366486,0.46593001841620624,0.27624309392265195,0.25782688766114176,0.42173112338858193,0.2983425414364641,0.279926335174954
enz_75,0.3253493013972056,0.313373253493014,0.3612774451097805,0.36327345309381237,0.3093812375249501,0.32734530938123746,0.47704590818363274,0.20758483033932135,0.31536926147704597,0.4351297405189621,0.1656686626746507,0.3992015968063873,0.5409181636726547,0.30538922155688625,0.1536926147704591,0.43313373253493015,0.21756487025948104,0.34930139720558884,0.3193612774451098,0.2215568862275449,0.45908183632734534,0.33532934131736525,0.3652694610778443,0.29940119760479045,0.3992015968063872,0.25748502994011974,0.34331337325349304,0.26746506986027946,0.43313373253493015,0.29940119760479045,0.12574850299401197,0.7564870259481038,0.11776447105788423,0.40718562874251496,0.34331337325349304,0.249500998003992,0.4171656686626746,0.3253493013972056,0.25748502994011985
enz_76,0.31898238747553814,0.3268101761252446,0.3542074363992172,0.36007827788649704,0.3111545988258317,0.32876712328767127,0.487279843444227,0.20156555772994128,0.3111545988258318,0.42661448140900193,0.1898238747553816,0.3835616438356165,0.5420743639921722,0.3013698630136986,0.15655577299412915,0.4246575342465753,0.23874755381604695,0.3365949119373778,0.35812133072407043,0.18395303326810175,0.45792563600782776,0.31898238747553814,0.3835616438356164,0.2974559686888454,0.3835616438356164,0.26810176125244617,0.3483365949119374,0.2583170254403131,0.44422700587084146,0.29745596868884544,0.1350293542074364,0.7377690802348337,0.12720156555773,0.46771037181996084,0.299412915851272,0.2328767123287671,0.4187866927592955,0.31898238747553814,0.2622309197651664
enz_77,0.2982456140350877,0.33528265107212474,0.3664717348927875,0.3391812865497076,0.31968810916179335,0.34113060428849906,0.4853801169590643,0.1949317738791423,0.31968810916179335,0.41130604288499023,0.19103313840155944,0.3976608187134504,0.49707602339181284,0.3216374269005848,0.18128654970760244,0.3996101364522417,0.2553606237816764,0.34502923976608185,0.3138401559454191,0.18323586744639375,0.5029239766081871,0.36062378167641324,0.32943469785575047,0.30994152046783624,0.39766081871345027,0.2787524366471735,0.32358674463937626,0.30214424951267055,0.38791423001949316,0.30994152046783635,0.11306042884990253,0.7777777777777778,0.10916179337231968,0.42300194931773877,0.30214424951267055,0.27485380116959063,0.4444444444444444,0.2982456140350877,0.2573099415204679
enz_78,0.30390143737166325,0.31006160164271046,0.38603696098562623,0.33880903490759756,0.28336755646817247,0.3778234086242299,0.4681724845995893,0.16837782340862423,0.3634496919917864,0.4106776180698152,0.17248459958932238,0.41683778234086244,0.5092402464065708,0.3264887063655031,0.16427104722792607,0.39630390143737165,0.23203285420944558,0.3716632443531827,0.29774127310061604,0.21149897330595482,0.49075975359342916,0.3182751540041068,0.41683778234086244,0.2648870636550308,0.41683778234086244,0.2669404517453799,0.31622176591375767,0.2587268993839836,0.47638603696098564,0.26488706365503084,0.12114989733059549,0.7864476386036962,0.0924024640657084,0.43737166324435317,0.2936344969199179,0.26899383983572894,0.46611909650924027,0.30390143737166325,0.22997946611909642
enz_79,0.3204633204633205,0.3301158301158301,0.3494208494208494,0.3416988416988417,0.2915057915057915,0.36679536679536684,0.47876447876447875,0.16795366795366795,0.35328185328185335,0.39575289575289574,0.20656370656370657,0.39768339768339767,0.5096525096525096,0.3532818532818533,0.13706563706563707,0.4517374517374517,0.21235521235521235,0.3359073359073359,0.33783783783783783,0.1718146718146718,0.49034749034749037,0.30694980694980695,0.4092664092664093,0.2837837837837838,0.39768339768339767,0.24903474903474904,0.3532818532818533,0.24517374517374518,0.47104247104247104,0.2837837837837837,0.11776061776061776,0.7586872586872587,0.12355212355212353,0.5135135135135135,0.2644787644787645,0.222007722007722,0.4266409266409266,0.3204633204633205,0.25289575289575295
enz_80,0.3333333333333333,0.31736526946107785,0.3493013972055889,0.3473053892215569,0.3213572854291417,0.3313373253493013,0.47704590818363274,0.1996007984031936,0.3233532934131737,0.4031936127744511,0.2055888223552894,0.3912175648702595,0.5289421157684631,0.30538922155688625,0.1656686626746507,0.4431137724550898,0.2155688622754491,0.3413173652694611,0.3273453093812375,0.20159680638722555,0.47105788423153694,0.3153692614770459,0.3652694610778443,0.3193612774451098,0.3912175648702595,0.25149700598802394,0.35728542914171657,0.26147704590818366,0.41916167664670656,0.3193612774451098,0.1377245508982036,0.7325349301397206,0.12974051896207583,0.4351297405189621,0.3253493013972056,0.2395209580838324,0.4351297405189621,0.3333333333333333,0.23153692614770466
enz_81,0.32044198895027626,0.32228360957642727,0.3572744014732964,0.3738489871086556,0.27624309392265195,0.3499079189686924,0.49171270718232046,0.1712707182320442,0.3370165745856354,0.42173112338858193,0.18232044198895028,0.39594843462246787,0.5377532228360957,0.29097605893186,0.17127071823204426,0.43830570902394106,0.21731123388581952,0.3443830570902394,0.3259668508287293,0.21178637200736647,0.4622467771639043,0.3259668508287293,0.4125230202578269,0.2615101289134439,0.39594843462246776,0.2596685082872928,0.3443830570902394,0.2523020257826888,0.4861878453038674,0.26151012891344383,0.10865561694290976,0.7845303867403315,0.1068139963167587,0.40331491712707185,0.30570902394106814,0.29097605893186007,0.427255985267035,0.32044198895027626,0.25230202578268873
enz_82,0.2795031055900621,0.36438923395445133,0.3561076604554866,0.35196687370600416,0.28778467908902694,0.36024844720496885,0.525879917184265,0.13457556935817805,0.339544513457557,0.38095238095238093,0.23809523809523808,0.380952380952381,0.515527950310559,0.36231884057971014,0.12215320910973088,0.38509316770186336,0.2795031055900621,0.3354037267080745,0.3105590062111801,0.20496894409937888,0.4844720496894411,0.36645962732919257,0.38716356107660455,0.24637681159420288,0.38095238095238093,0.3167701863354037,0.30227743271221535,0.3022774327122153,0.45134575569358176,0.24637681159420294,0.10559006211180125,0.7908902691511387,0.10351966873706009,0.5093167701863354,0.2629399585921325,0.22774327122153215,0.474120082815735,0.2795031055900621,0.24637681159420288
enz_83,0.30332681017612523,0.3405088062622309,0.3561643835616438,0.34637964774951074,0.3013698630136986,0.3522504892367907,0.47162426614481406,0.1898238747553816,0.3385518590998044,0.4227005870841487,0.18003913894324852,0.3972602739726028,0.5342465753424658,0.32093933463796476,0.14481409001956946,0.41487279843444225,0.24266144814090018,0.34246575342465757,0.31898238747553814,0.21526418786692758,0.4657534246575342,0.35812133072407043,0.3679060665362035,0.273972602739726,0.3972602739726027,0.2857142857142857,0.31702544031311153,0.2896281800391389,0.436399217221135,0.27397260273972607,0.13111545988258316,0.7592954990215264,0.1095890410958904,0.4207436399217221,0.3131115459882583,0.26614481409001955,0.4383561643835616,0.30332681017612523,0.25831702544031315
enz_84,0.3032258064516129,0.3419354838709677,0.3548387096774194,0.3720430107526882,0.3010752688172043,0.3268817204301075,0.4967741935483871,0.1913978494623656,0.31182795698924726,0.3956989247311828,0.2064516129032258,0.3978494623655914,0.5440860215053763,0.3225806451612903,0.13333333333333336,0.4150537634408602,0.24516129032258063,0.3397849462365592,0.32688172043010755,0.2172043010752688,0.4559139784946237,0.3311827956989247,0.36129032258064514,0.30752688172043013,0.3978494623655914,0.2752688172043011,0.32688172043010755,0.2731182795698925,0.41935483870967744,0.30752688172043,0.12688172043010754,0.7655913978494624,0.10752688172043001,0.44731182795698926,0.2860215053763441,0.2666666666666667,0.410752688172043,0.3032258064516129,0.2860215053763441
enz_85,0.3088803088803089,0.32625482625482627,0.3648648648648648,0.3552123552123552,0.2876447876447876,0.3571428571428572,0.4594594594594595,0.20270270270270271,0.33783783783783783,0.43822393822393824,0.1640926640926641,0.39768339768339767,0.5386100386100386,0.28957528957528955,0.1718146718146718,0.41505791505791506,0.23938223938223938,0.34555984555984565,0.3359073359073359,0.20270270270270271,0.46138996138996136,0.32625482625482627,0.3783783783783784,0.29536679536679533,0.39768339768339767,0.2702702702702703,0.33204633204633205,0.2606177606177606,0.444015444015444,0.29536679536679533,0.13320463320463322,0.7644787644787645,0.10231660231660222,0.4517374517374517,0.305019305019305,0.24324324324324326,0.4247104247104247,0.3088803088803089,0.2664092664092664
enz_86,0.3333333333333333,0.3132530120481928,0.35341365461847396,0.3755020080321285,0.2991967871485944,0.3253012048192771,0.5,0.18674698795180722,0.3132530120481928,0.4357429718875502,0.17670682730923695,0.3875502008032129,0.5542168674698795,0.3032128514056225,0.142570281124498,0.42369477911646586,0.23493975903614459,0.3413654618473896,0.3493975903614458,0.20481927710843373,0.4457831325301205,0.3353413654618474,0.37349397590361444,0.2911646586345382,0.38755020080321284,0.26305220883534136,0.34939759036144585,0.2791164658634538,0.42971887550200805,0.2911646586345382,0.13855421686746988,0.7409638554216867,0.12048192771084343,0.44377510040160645,0.29518072289156627,0.26104417670682734,0.40963855421686746,0.3333333333333333,0.25702811244979923
enz_87,0.36046511627906974,0.27906976744186046,0.3604651162790698,0.3624031007751938,0.3372093023255814,0.30038759689922484,0.501937984496124,0.21124031007751937,0.2868217054263566,0.42441860465116277,0.18410852713178294,0.3914728682170543,0.5290697674418605,0.29844961240310075,0.17248062015503873,0.43410852713178294,0.2189922480620155,0.34689922480620156,0.3682170542635659,0.16085271317829458,0.47093023255813954,0.32945736434108525,0.3391472868217054,0.3313953488372094,0.39147286821705424,0.2364341085271318,0.37209302325581395,0.2810077519379845,0.3875968992248062,0.3313953488372092,0.13565891472868216,0.7325581395348837,0.13178294573643412,0.45348837209302323,0.30426356589147285,0.24224806201550397,0.42829457364341084,0.36046511627906974,0.21124031007751942
enz_88,0.3060428849902534,0.3216374269005848,0.3723196881091618,0.3664717348927875,0.290448343079922,0.3430799220272905,0.4756335282651072,0.18908382066276802,0.3352826510721248,0.4249512670565302,0.17738791423001948,0.3976608187134503,0.5321637426900585,0.3001949317738791,0.16764132553606237,0.4015594541910331,0.23391812865497075,0.36452241715399614,0.35282651072124754,0.1793372319688109,0.4678362573099415,0.33723196881091616,0.38791423001949316,0.27485380116959063,0.39766081871345027,0.27485380116959063,0.3274853801169591,0.27485380116959063,0.4502923976608187,0.27485380116959063,0.11695906432748537,0.7602339181286549,0.1228070175438597,0.4405458089668616,0.28654970760233917,0.27290448343079926,0.4405458089668616,0.3060428849902534,0.25341130604288503
enz_89,0.3291592128801431,0.3112701252236136,0.35957066189624337,0.36493738819320215,0.3184257602862254,0.3166368515205725,0.49731663685152055,0.20214669051878353,0.30053667262969597,0.4203935599284436,0.18604651162790697,0.3935599284436494,0.5366726296958855,0.31305903398926654,0.15026833631484798,0.4186046511627907,0.23792486583184258,0.34347048300536664,0.36493738819320215,0.17173524150268335,0.4633273703041145,0.3488372093023256,0.3542039355992844,0.29695885509839004,0.3935599284436494,0.2629695885509839,0.3434704830053667,0.29159212880143115,0.41144901610017887,0.29695885509839,0.13059033989266547,0.7352415026833632,0.13416815742397137,0.43112701252236135,0.295169946332737,0.27370304114490157,0.4400715563506261,0.3291592128801431,0.23076923076923078
enz_90,0.3346938775510204,0.2857142857142857,0.3795918367346939,0.3510204081632653,0.3183673469387755,0.3306122448979592,0.46530612244897956,0.21224489795918366,0.3224489795918367,0.40816326530612246,0.18775510204081633,0.4040816326530612,0.5285714285714286,0.31020408163265306,0.16122448979591836,0.42448979591836733,0.20408163265306123,0.37142857142857144,0.32448979591836735,0.20408163265306123,0.4714285714285714,0.31020408163265306,0.41020408163265304,0.27959183673469395,0.40408163265306124,0.24285714285714285,0.35306122448979593,0.24693877551020407,0.47346938775510206,0.2795918367346939,0.1306122448979592,0.746938775510204,0.12244897959183676,0.44285714285714284,0.3,0.2571428571428572,0.46122448979591835,0.3346938775510204,0.20408163265306123
enz_91,0.32220039292730845,0.33988212180746563,0.33791748526522586,0.36738703339882123,0.3280943025540275,0.30451866404715133,0.5029469548133595,0.21021611001964635,0.28683693516699416,0.43222003929273084,0.19842829076620824,0.36935166994106083,0.5363457760314342,0.31237721021611004,0.15127701375245578,0.4204322200392927,0.2593320235756385,0.3202357563850688,0.35952848722986247,0.17681728880157171,0.46365422396856576,0.34577603143418467,0.36738703339882123,0.2868369351669941,0.3693516699410609,0.28094302554027506,0.3497053045186641,0.29273084479371314,0.4204322200392927,0.28683693516699416,0.12966601178781925,0.7465618860510805,0.12377210216110024,0.4538310412573674,0.29469548133595286,0.25147347740667975,0.4302554027504912,0.32220039292730845,0.2475442043222003
enz_92,0.26692456479690524,0.3578336557059961,0.3752417794970987,0.35589941972920697,0.3404255319148936,0.3036750483558995,0.5106382978723404,0.21083172147001933,0.2785299806576403,0.3849129593810445,0.22437137330754353,0.39071566731141194,0.5106382978723404,0.33268858800773693,0.15667311411992269,0.35009671179883944,0.29980657640232106,0.35009671179883955,0.32108317214700194,0.1895551257253385,0.4893617021276595,0.3713733075435203,0.3578336557059961,0.2707930367504835,0.390715667311412,0.3191489361702128,0.29013539651837517,0.3152804642166344,0.41392649903288203,0.2707930367504835,0.1102514506769826,0.7872340425531915,0.10251450676982587,0.4158607350096712,0.29206963249516443,0.2920696324951643,0.48936170212765956,0.26692456479690524,0.24371373307543526
enz_93,0.3098330241187384,0.3654916512059369,0.32467532467532473,0.3784786641929499,0.3098330241187384,0.31168831168831174,0.5269016697588126,0.17439703153988867,0.29870129870129875,0.45083487940630795,0.19109461966604824,0.3580705009276438,0.5565862708719852,0.31910946196660483,0.12430426716140996,0.41187384044526903,0.2764378478664193,0.3116883116883116,0.35992578849721707,0.19666048237476808,0.4434137291280148,0.3821892393320965,0.3803339517625232,0.2374768089053803,0.3580705009276438,0.3209647495361781,0.3209647495361781,0.313543599257885,0.4489795918367347,0.2374768089053803,0.12059369202226346,0.75139146567718,0.1280148423005566,0.4322820037105751,0.287569573283859,0.28014842300556586,0.424860853432282,0.3098330241187384,0.2653061224489796
enz_94,0.30097087378640774,0.3320388349514563,0.36699029126213595,0.34368932038834954,0.312621359223301,0.3436893203883495,0.46990291262135925,0.20388349514563106,0.3262135922330097,0.40388349514563104,0.20194174757281552,0.39417475728155343,0.5262135922330097,0.3320388349514563,0.14174757281553402,0.4077669902912621,0.24271844660194175,0.3495145631067961,0.32427184466019415,0.20194174757281552,0.47378640776699027,0.3378640776699029,0.3883495145631068,0.2737864077669903,0.3941747572815534,0.2757281553398058,0.3300970873786408,0.2737864077669903,0.4524271844660194,0.2737864077669903,0.13203883495145632,0.7572815533980582,0.11067961165048545,0.4524271844660194,0.283495145631068,0.26407766990291254,0.4601941747572815,0.30097087378640774,0.23883495145631073
enz_95,0.3093812375249501,0.3592814371257485,0.33133732534930144,0.3652694610778443,0.313373253493014,0.3213572854291417,0.4930139720558882,0.19560878243512975,0.3113772455089821,0.41916167664670656,0.21756487025948104,0.3632734530938124,0.5489021956087824,0.3273453093812375,0.12375249500998009,0.43313373253493015,0.24550898203592814,0.3213572854291417,0.31736526946107785,0.2315369261477046,0.4510978043912176,0.3592814371257485,0.36926147704590817,0.2714570858283434,0.36327345309381237,0.29740518962075846,0.3393213572854291,0.281437125748503,0.4471057884231537,0.2714570858283433,0.1217564870259481,0.7664670658682635,0.11177644710578838,0.45708582834331335,0.25748502994011974,0.2854291417165669,0.4231536926147705,0.3093812375249501,0.26746506986027935
enz_96,0.3136456211812627,0.3360488798370672,0.35030549898167007,0.34419551934826886,0.32790224032586557,0.32790224032586557,0.48676171079429736,0.1955193482688391,0.3177189409368635,0.3971486761710794,0.21792260692464357,0.384928716904277,0.5295315682281059,0.3543788187372709,0.11608961303462323,0.42769857433808556,0.23217922606924643,0.340122199592668,0.319755600814664,0.20977596741344195,0.470468431771894,0.34826883910386963,0.384928716904277,0.2668024439918534,0.384928716904277,0.2790224032586558,0.3360488798370672,0.2790224032586558,0.45417515274949083,0.2668024439918534,0.12830957230142567,0.7535641547861507,0.11812627291242361,0.4623217922606925,0.26883910386965376,0.26883910386965376,0.4460285132382892,0.3136456211812627,0.2403258655804481
enz_97,0.3379174852652259,0.3163064833005894,0.34577603143418467,0.35952848722986247,0.3241650294695481,0.31630648330058936,0.48526522593320237,0.20235756385068762,0.31237721021611,0.4165029469548134,0.21021611001964635,0.37328094302554027,0.5461689587426326,0.3045186640471513,0.14931237721021612,0.4361493123772102,0.2220039292730845,0.3418467583497053,0.35363457760314343,0.1925343811394892,0.4538310412573674,0.33595284872298625,0.37328094302554027,0.2907662082514735,0.37328094302554027,0.2632612966601179,0.36345776031434185,0.28094302554027506,0.42829076620825146,0.2907662082514735,0.14145383104125736,0.7367387033398821,0.12180746561886047,0.4538310412573674,0.29273084479371314,0.25343811394891946,0.4361493123772102,0.3379174852652259,0.22593320235756387
enz_98,0.32774674115456237,0.33147113594040967,0.34078212290502796,0.36312849162011174,0.3370577281191806,0.29981378026070765,0.5102420856610801,0.2048417132216015,0.2849162011173184,0.40782122905027934,0.22346368715083798,0.3687150837988826,0.547486033519553,0.30726256983240224,0.1452513966480447,0.43202979515828677,0.24208566108007448,0.3258845437616388,0.32774674115456237,0.21973929236499068,0.45251396648044695,0.3500931098696462,0.3612662942271881,0.28864059590316565,0.3687150837988827,0.2774674115456238,0.35381750465549355,0.2811918063314711,0.4301675977653631,0.28864059590316576,0.1340782122905028,0.7392923649906891,0.12662942271880817,0.4450651769087523,0.2886405959031657,0.26629422718808193,0.4227188081936685,0.32774674115456237,0.24953445065176905
enz_99,0.2984189723320158,0.37351778656126483,0.3280632411067193,0.3952569169960474,0.2964426877470356,0.30830039525691705,0.5217391304347826,0.18181818181818182,0.2964426877470356,0.4051383399209486,0.22332015810276679,0.3715415019762846,0.5395256916996047,0.3221343873517787,0.13833992094861658,0.40711462450592883,0.2766798418972332,0.31620553359683795,0.3359683794466403,0.20355731225296442,0.4604743083003952,0.3715415019762846,0.35177865612648224,0.2766798418972331,0.3715415019762846,0.2984189723320158,0.33003952569169953,0.32806324110671936,0.3952569169960474,0.2766798418972332,0.11067193675889328,0.7747035573122529,0.11462450592885376,0.41699604743083,0.308300395256917,0.27470355731225293,0.4407114624505929,0.2984189723320158,0.2608695652173913
