enz_0,5.9933270497114695,7.91119170561914,6.712526295676846,5.9933270497114695,0.9589323279538351,4.075462393803799,8.630390951584516,7.671458623630681,2.397330819884588,8.390657869596057,13.66478567334215,8.150924787607599,3.116530065849964,6.472793213688387,6.952259377665304,5.513860885734552,4.075462393803799,1.9178646559076702,2.6370639018730464,9.82905636152681,0.02490009477345978,0.024688248523248975,0.025119415631386092,0.0243640656450201,0.025593127596267133,0.02484727855978296,0.025182651818533276,0.024629870864259832,0.026727617541099733,0.0277304761643703,0.025026173055006172,0.024113572922926575,0.024984776292097825,0.02521854710296416,0.02528935228483055,0.025286838282331456,0.02489524840304194,0.02617559942898536,0.02390789951260317,0.026305688912637265,0.024995511539418376,0.025664948016583415,0.026148030322715163,0.026365128562766398,0.024279595062478544,0.026354117428247007,0.02596804479561931,0.025114711937606525,0.024343871845068376,0.026046415186185612
enz_1,6.3127174694341015,8.012295249666359,5.098733340696774,6.069920643686636,0.9711873029898618,2.4279682574746544,8.740685726908756,7.526701598171429,3.1563587347170508,8.740685726908756,14.567809544847925,8.012295249666359,3.6419523862119814,4.370342863454378,6.069920643686636,9.469076204151152,5.098733340696774,1.699577780232258,2.185171431727189,8.497888901161291,0.02565988374100391,0.025971923177712578,0.022550923583299694,0.022952551183811603,0.02621916217179092,0.026280892295424456,0.024616221710758137,0.02415258420666601,0.025004788903886313,0.025500454047864073,0.02329817913999739,0.025266850648171055,0.025509730323889684,0.02452205658302938,0.025137390667952803,0.026213546486259634,0.027300127348637567,0.025963804494424095,0.02441827187126541,0.026624039917274425,0.026901988463029367,0.0245518762435144,0.025222498791978343,0.024804956714483243,0.026089720095437946,0.023904321662237656,0.02605527325476204,0.026106698148603155,0.02359911742482338,0.026803340950545745
enz_2,6.468845832790119,7.215251121188978,5.971242307190878,6.717647595589738,0.7464052883988598,3.980828204793919,8.210458172387458,7.215251121188978,3.980828204793919,7.464052883988598,14.679304005177576,9.454466986385558,3.483224679194679,8.459259935187077,5.722440544391258,8.708061697986697,8.210458172387458,1.4928105767977196,5.473638781591639,7.215251121188978,0.02327489606150966,0.025901131783426255,0.023238994496843635,0.024122297390200463,0.0241470097218011,0.02397213692306605,0.02451118072075475,0.025779076411053092,0.026209473643442244,0.024870394054509307,0.02525818468126795,0.026134982593535274,0.025860741385072415,0.025691378245045287,0.025239111718112446,0.025650205510987692,0.025316307379066642,0.02531452256884186,0.02530164964804241,0.025062730851456716,0.025098071924390515,0.024748519727516138,0.0256900787003042,0.02602419257523136,0.024424184860725083,0.02382872814556914,0.02476727598339171,0.025088183297614045,0.02576389332575642,0.024908702871845947
enz_3,7.077955584461902,8.298292754196712,4.881348678939243,6.589820716567978,1.4644046036817728,2.196606905522659,7.810157886302789,6.83388815051494,3.172876641310508,9.518629923931524,13.66777630102988,7.566090452355827,4.393213811045318,5.125416112886205,6.345753282621016,8.054225320249751,5.857618414727091,1.2203371697348107,4.6372812449922804,7.566090452355827,0.024290007741590656,0.026435505707325047,0.02494886404754783,0.024300945502824398,0.02490412313313925,0.02471301294751321,0.025585069280645675,0.02604225100710564,0.025684691549695934,0.024978627765406707,0.024930526883234074,0.024800597452156816,0.024804354028613574,0.025367732974517422,0.025528971990897712,0.02537115540507877,0.0258123339169077,0.02579434792214479,0.02546018468911083,0.025756376840452403,0.024347267706716882,0.02459606222490497,0.024967863303808915,0.024148790553044138,0.025868535716715414,0.024908301106751726,0.025400324159116024,0.02466627028122339,0.025496505362491134,0.026022964852356827
enz_4,6.3420294831751205,6.84939184182913,5.073623586540096,5.327304765867101,2.2831306139430434,3.297855331251063,10.908290711061207,6.595710662502126,3.297855331251063,8.878841276445169,13.952464862985265,9.893565993753187,5.073623586540096,7.864116559137149,7.610435379810144,8.878841276445169,6.84939184182913,0.7610435379810144,3.297855331251063,6.595710662502126,0.02445374271630711,0.02607580663521452,0.02292524392641214,0.023623530648393867,0.02394111853670944,0.024159300614262386,0.025400827542712476,0.024941097125442988,0.023792312628049633,0.026517665702484972,0.024816857722951172,0.023849352526442137,0.023923210169068673,0.024772890884504167,0.024984492444487555,0.024915660570917278,0.026203810111047852,0.025788350842970546,0.024526110045336464,0.024976219105527157,0.024979150978930165,0.024344708413870382,0.02526775176237113,0.0248938870040018,0.024698360415402746,0.026787875426653365,0.025935936942929137,0.02306756588552594,0.02468802142585043,0.027067961918217847
enz_5,7.077955584461902,8.298292754196712,4.881348678939243,6.589820716567978,1.4644046036817728,2.196606905522659,7.810157886302789,6.83388815051494,3.172876641310508,9.518629923931524,13.66777630102988,7.566090452355827,4.393213811045318,5.125416112886205,6.345753282621016,8.054225320249751,5.857618414727091,1.2203371697348107,4.6372812449922804,7.566090452355827,0.024290007741590656,0.026435505707325047,0.02494886404754783,0.024300945502824398,0.02490412313313925,0.02471301294751321,0.025585069280645675,0.02604225100710564,0.025684691549695934,0.024978627765406707,0.024930526883234074,0.024800597452156816,0.024804354028613574,0.025367732974517422,0.025528971990897712,0.02537115540507877,0.0258123339169077,0.02579434792214479,0.02546018468911083,0.025756376840452403,0.024347267706716882,0.02459606222490497,0.024967863303808915,0.024148790553044138,0.025868535716715414,0.024908301106751726,0.025400324159116024,0.02466627028122339,0.025496505362491134,0.026022964852356827
enz_6,5.290289888914374,7.809475550302171,5.542208455053154,7.053719851885831,1.5115113968326783,2.519185661387797,7.557556984163391,8.31331268257973,3.5268599259429156,7.053719851885831,16.62662536515946,6.297964153469493,3.7787784920816954,7.3056384180246114,8.061394116440951,9.06906838099607,6.046045587330713,2.0153485291102378,2.771104227526577,10.832498343967528,0.024955643786228925,0.025625292769807524,0.023098307791411015,0.023901726300046805,0.025194413622169023,0.02564086543861575,0.023646319955853208,0.02583194293981245,0.026581898901303965,0.024901122464058238,0.02416763750930403,0.024809034477735248,0.023415171132137265,0.023534920388312938,0.025724699474475143,0.02516735582737202,0.026130366733524025,0.026802879139468678,0.02440521352625568,0.02563644302903481,0.02585611769052636,0.024253711326370168,0.02587996873970494,0.023976233610481214,0.02548869687916982,0.02541459826129915,0.025197871610802995,0.02388487059808812,0.02341504531374324,0.02554306462410744
enz_7,8.709441484866078,7.98365469446057,4.838578602703376,7.741725764325402,2.419289301351688,4.838578602703376,7.015938973919895,9.677157205406752,2.661218231486857,7.499796834190233,15.483451528650804,7.499796834190233,3.3870050218923633,6.532081113649558,5.322436462973714,7.741725764325402,8.709441484866078,3.6289339520275323,3.1450760917571947,9.193299345136415,0.0237749730902722,0.025701368010822567,0.025618764324188272,0.02526064274476489,0.02598078249523871,0.026579089613543876,0.02547047849372612,0.023919069105872614,0.02341684536217607,0.02568664970334983,0.02654134563051547,0.024291029106574557,0.024909177074514538,0.02588338455397127,0.027063399851908674,0.02385298410297122,0.024863562406808076,0.026534389244115743,0.024340537982018046,0.024805987322002326,0.02511592652476728,0.025265619987645635,0.025089627796056727,0.025026024543133508,0.026076254000530177,0.025210335812299967,0.02599313776578829,0.026088200771201372,0.026086500277437946,0.023624982166615106
enz_8,8.553343408706613,12.154751159740977,3.151231782155068,5.85228759543084,2.250879844396477,4.7268476732326015,7.878079455387669,4.7268476732326015,2.7010558132757727,6.977727517629079,14.85580697301675,4.95193565767225,3.151231782155068,7.427903486508375,5.402111626551545,6.0773755798704885,4.276671704353307,1.1254399221982385,4.051583719913658,6.7526395331894316,0.02453224593125462,0.02556602365786575,0.025502778416818167,0.026057009566625135,0.02559396337348191,0.025615266086022086,0.02459033667286391,0.024301036415639195,0.02559095843099189,0.026240560864960495,0.026439143489825914,0.02746577576728051,0.025219033554136804,0.02649715947060582,0.027132807814495195,0.0257330921621121,0.025037724753698868,0.02596915974822639,0.025857211537396327,0.025907976800400086,0.026051664020102987,0.025379511643289877,0.02465771843548777,0.02699835095477494,0.026908032069599557,0.027588374521347072,0.025169620619109302,0.025365283712879372,0.026201426999993668,0.025742768069066696
enz_9,6.471210573921925,7.9645668602116,7.466781431448375,6.9689960026851505,2.488927143816125,5.4756397163954755,7.715674145829988,5.724532430777088,3.7333907157241875,11.449064861554175,13.937992005370301,8.462352288974825,4.231176144487413,6.9689960026851505,3.9822834301058,5.9734251451587,6.471210573921925,1.2444635719080626,4.728961573250638,7.9645668602116,0.02399258320232589,0.02675741267548881,0.026201251071914122,0.025381629699090406,0.025031513183810757,0.02374174336353567,0.025727361702783908,0.024272853578994173,0.02532794657878946,0.025064531727937024,0.025051840351792087,0.022921343988660844,0.02349603874394094,0.02362344988470847,0.025402819780375847,0.026745705351169245,0.024547302709156615,0.02565299619082389,0.024255896603282867,0.025572621392788,0.024293592912725342,0.025826181414728255,0.026985241888795114,0.024718327985154366,0.023887843283751563,0.02535609890177234,0.025268056478537387,0.024744133586509703,0.025201409239352872,0.02605755814569157
enz_10,6.4643134622997644,7.956078107445864,5.718431139726715,7.707450666588181,1.2431372042884163,4.972548817153665,7.458823225730498,6.4643134622997644,4.226666494580615,7.707450666588181,14.669019010603312,8.45333298916123,3.480784172007566,7.956078107445864,6.712940903157448,8.950587870876598,6.961568344015132,1.4917646451460995,5.469803698869032,6.712940903157448,0.02345613824874606,0.02591131392043354,0.023532748246207092,0.023637820053242612,0.02517420970360386,0.02480229919645181,0.02494360641071741,0.025377471778501786,0.025642575450615088,0.025248550912607748,0.0243185744360924,0.02491709759843843,0.025982047093366507,0.025865192507337095,0.025234915107167907,0.025393552516547315,0.02609868206216555,0.026528745238119114,0.024132740153316398,0.02547648657922081,0.025919576208400047,0.024357477780536287,0.024796588875763463,0.026831503627254633,0.024508246208784144,0.023984303928744417,0.023778056721578178,0.02504140530503448,0.026051923717997274,0.024428709555325414
enz_11,7.715416807755157,8.9209506839669,4.822135504846973,5.786562605816368,1.2055338762117433,4.581028729604625,8.679843908724552,6.509882931543414,2.893281302908184,7.715416807755157,12.055338762117433,7.956523582997506,4.098815179119927,7.956523582997506,6.0276693810587165,6.992096482028111,6.750989706785763,1.2055338762117433,4.339921954362276,7.715416807755157,0.024159223358775066,0.0263241314673454,0.025942852832325856,0.026851354701747186,0.024946210574275596,0.024178895128065675,0.02465388457126104,0.024249524249296564,0.026012279886230547,0.025867168794822117,0.024336068775294047,0.025127709654099675,0.02588730629570974,0.026202658598821055,0.0260003524852682,0.026075455826189697,0.024355862727527083,0.025014762229713973,0.024710675136388725,0.025290077251441435,0.025396351673977396,0.025439524618071557,0.024757841976412783,0.0247099833095291,0.025910145900700253,0.025908291788405265,0.02514610215844908,0.024602847943804244,0.025219158693348506,0.02561652215035438
enz_12,8.30688030643193,8.551200315444634,7.5739202793938185,5.863680216304892,0.9772800360508153,4.886400180254077,10.505760387546264,5.375040198279484,0.9772800360508153,5.13072018926678,14.414880531749525,9.03984033347004,5.863680216304892,6.596640243343003,8.795520324457337,6.840960252355707,5.863680216304892,1.9545600721016305,3.909120144203261,9.528480351495448,0.025673838551937365,0.026190808084516855,0.024007168299783565,0.02460737628896573,0.025547401049799738,0.024859276870346995,0.02448499162802329,0.025544334502895245,0.025097761223305495,0.02534482971848393,0.024188271871713726,0.02385335538681485,0.02574134832105429,0.025820417705418444,0.024244131646995407,0.025079374345193445,0.026101352520281194,0.02462822484238321,0.025506877382358125,0.025594904626858008,0.024669581679484635,0.02385582906400673,0.025687038532860498,0.025066292581763697,0.026007433185967852,0.024407298276204234,0.0264848903663016,0.02582801608966214,0.026605508403820248,0.024952057940095557
enz_13,5.193387320924326,8.90294969301313,5.935299795342087,6.924516427899102,1.4838249488355217,4.204170688367312,7.666428902316862,7.171820586038355,2.72034573953179,7.913733060456116,14.34364117207671,6.18260395348134,5.193387320924326,4.946083162785072,7.4191247441776085,8.16103721859537,5.935299795342087,1.236520790696268,5.44069147906358,6.677212269759848,0.024360169512665345,0.0269358445497109,0.024369366660626942,0.024260200233311414,0.02370209636979805,0.0248890568701568,0.02517942929968577,0.02464278628686252,0.025437836359439046,0.02516865541868882,0.02445732724426479,0.024944194610395952,0.024592084467544954,0.02547077021508848,0.02508139343677855,0.025695823674838247,0.025929141296706495,0.024791688484822105,0.02547733620293648,0.025927524744918596,0.024934822408905735,0.024332987134364697,0.024247641896540956,0.025302833977318508,0.025601163926641097,0.025356495537686135,0.025619184669968265,0.025457163127993256,0.024832539034244035,0.025698284207843498
enz_14,5.775580200383922,9.385317825623872,5.0536326753359315,6.497527725431912,0.962596700063987,5.534931025367925,8.18207195054389,6.738176900447908,3.369088450223954,8.663370300575883,13.717002975911814,6.016229375399918,3.609737625239951,6.738176900447908,7.460124425495899,4.812983500319935,6.256878550415915,1.925193400127974,2.1658425751439707,7.700773600511896,0.024387683335422957,0.02510061406203335,0.02458193427207156,0.024859953845349135,0.02629197527425213,0.024760947670923305,0.024105285245885948,0.025205001416570314,0.025244233286468392,0.02614669212821306,0.025353693502907837,0.02554948521213245,0.025707640596984084,0.02535802012830228,0.025389639114666178,0.026830573038383883,0.026590427495385358,0.02578025833946409,0.025515754379948002,0.02585442191677152,0.02564257258149203,0.024992289521316578,0.024235838968471604,0.02554986815339705,0.02511944618872272,0.024323156375160453,0.02432457544591117,0.025244336189606274,0.025750583276498176,0.025553924021291356
enz_15,9.04629304763667,6.282147949747688,4.271860605828428,6.7847197857275034,1.507715507939445,3.769288769848613,8.543721211656855,9.04629304763667,3.01543101587889,7.036005703717411,13.820725489444914,9.29757896562658,6.03086203175778,7.538577539697226,6.03086203175778,9.548864883616487,6.282147949747688,1.7590014259293527,3.266716933868798,8.795007129646763,0.023560014559989996,0.025406358043487492,0.023702244671605175,0.02530336614776188,0.024234187695880517,0.023912953841681624,0.025067630164754273,0.02535963654073808,0.02494778574432706,0.02515402912593591,0.024789178358946843,0.02411580130815002,0.023993128447137534,0.02539940755384942,0.025143917482088846,0.025856222264442442,0.025487288194240093,0.02445218041572071,0.024884977500084598,0.024468022113052067,0.025329091226436246,0.02670780344782185,0.027332423664366536,0.024476097368654633,0.024543888936766595,0.024071743791921382,0.025000315398086198,0.02542335930864254,0.025133031738522577,0.02545799695499915
enz_16,7.673705505164817,7.1940989110920155,2.637836267400406,6.954295614055615,0.9592131881456021,2.8776395644368065,7.913508802201218,7.1940989110920155,3.117442861473207,7.4339022081284165,12.229968148856427,8.393115396274018,2.8776395644368065,7.4339022081284165,5.755279128873613,8.393115396274018,5.275672534800812,1.1990164851820027,3.8368527525824083,7.673705505164817,0.024695793012748306,0.024083096636314555,0.02369016442225209,0.024353138884959973,0.02544423524280024,0.026615584210108532,0.024247592776789544,0.024173263189331003,0.025538646744440303,0.027495479237691488,0.02519618419805404,0.026653520565217654,0.026090767487300024,0.02591733547522671,0.025382818792921213,0.025803345721335556,0.025282247214116274,0.024704875445814883,0.025737327275059105,0.025092526807405147,0.02481390214077392,0.02484764395594342,0.02651978354138185,0.025179019576836475,0.025609373033861554,0.025884426769784693,0.025902885247014697,0.024097640093397127,0.025272760057082,0.025871325207636943
enz_17,8.291475021603066,8.291475021603066,4.877338248001804,8.535341934003156,0.9754676496003608,4.145737510801533,8.291475021603066,6.584406634802435,2.6825360364009923,8.779208846403247,12.68107944480469,8.291475021603066,5.608938985202075,5.852805897602164,5.608938985202075,7.316007372002706,5.608938985202075,0.9754676496003608,4.389604423201623,7.072140459602616,0.024876426518306398,0.025480137158222293,0.02561736597155778,0.024873446572151167,0.025279984050084955,0.025139294141149484,0.02510631243857358,0.024784919264479427,0.025361830178750523,0.025651955956607242,0.025971760743546787,0.0236932845071857,0.0255164235737846,0.025197393634011408,0.02691143901420682,0.02487749071548736,0.025234500611586906,0.023857102811381786,0.02561909704264641,0.025949526062520874,0.025679656963418084,0.026419888914877773,0.024761618681495335,0.023532977726104236,0.024368877891304007,0.025124423368358448,0.02525854112721784,0.02482264978329759,0.026263712015225055,0.024901050162370035
enz_18,10.410195024189665,7.931577161287364,4.461512153224143,8.179438947577594,1.4871707177413807,3.7179267943534517,9.914471451609206,10.162333237899436,3.2222032217729915,8.675162520158054,15.615292536284498,9.170886092738515,3.2222032217729915,8.675162520158054,8.427300733867824,9.666609665318974,7.4358535887069035,1.982894290321841,3.965788580643682,7.4358535887069035,0.02455200832294427,0.02520812429607028,0.024519990188945608,0.02437230385548564,0.02403235658453441,0.02430351957905258,0.024052711687477447,0.024623544959578657,0.02576155058093347,0.02594219440357899,0.024691606714166967,0.023954168793413354,0.025362378511749783,0.0252258029842981,0.027221573404788108,0.025001194887801115,0.024454395708151937,0.026421049161698882,0.025550007039408414,0.025299830464613895,0.02551848264453042,0.025257356143766858,0.023639969212373643,0.02533331827815845,0.02580085375879169,0.025932651485221715,0.025604606906945413,0.02494027479195566,0.025095838802630607,0.02446454955670366
enz_19,8.001350966388923,7.273955423989929,4.364373254393958,6.061629519991608,0.727395542398993,1.9397214463973145,9.213676870387244,8.97121168958758,2.182186627196979,6.5465598815909365,13.093119763181873,9.213676870387244,1.9397214463973145,8.728746508787916,8.243816147188587,8.97121168958758,7.031490243190265,0.9698607231986572,4.121908073594294,8.001350966388923,0.025697716393471102,0.026077669691337752,0.02475445307815783,0.024225359567404587,0.024735817656410683,0.025681471855080833,0.02583547297814768,0.024043392290968833,0.025600682698494397,0.02702170740508731,0.02366888187004824,0.025367774797089754,0.026545190065305764,0.02481747947085079,0.025024539935356756,0.025220444066751488,0.025383728925186012,0.026206406074742998,0.0245904345488602,0.024831536272523914,0.025750255679321963,0.025333161606531575,0.02382455238174547,0.026146909198424582,0.026375221528917074,0.02475959535073138,0.025432239423286818,0.025104028081877172,0.025875402509090373,0.023603293799132414
enz_20,8.762889573396007,9.236559280066063,3.3156879466903812,5.447201626705626,2.131513680015245,5.210366773370599,8.289219866725952,8.289219866725952,2.8420182400203267,7.815550160055898,11.841742666751362,4.973531920035572,4.973531920035572,8.52605472006098,6.394541040045735,4.26302736003049,5.210366773370599,0.947339413340109,3.789357653360436,5.920871333375681,0.02545979951762441,0.026264844560800558,0.024590368896661306,0.02632509155802437,0.025429714267569424,0.025925175345313415,0.02534357426460155,0.025007266844932863,0.02469006257489398,0.026106687236494085,0.02591926448557695,0.024939661304730035,0.025469575667526608,0.02534379238414993,0.02556082309970533,0.027199158018137666,0.025125690572199096,0.025575167924474562,0.025844628158673073,0.02558239769751268,0.023535268742961662,0.02544255762324474,0.024439453777866358,0.023531720057912212,0.02644997463861063,0.02592967812552617,0.025063547688179613,0.026692042086098475,0.02584042164703786,0.024537737897933284
enz_21,6.330868187442498,8.765817490304997,5.600383396583748,6.330868187442498,1.4609695817174995,5.113393536011248,7.791837769159997,7.304847908587497,2.921939163434999,7.304847908587497,11.200766793167496,6.330868187442498,5.113393536011248,9.009312420591247,5.600383396583748,5.113393536011248,7.061352978301247,0.7304847908587497,5.113393536011248,9.009312420591247,0.025233685456142834,0.02493534019666595,0.025038891576129776,0.024344097983875483,0.024436881078823514,0.026258363364509273,0.024100602478525652,0.025278592093297768,0.025389260561012105,0.02705203013070611,0.025259285737704446,0.02399062789478189,0.024097972702601517,0.024266932546634173,0.026150375095346113,0.024771306016473895,0.024308295522552186,0.02573168733733674,0.024939575132307587,0.024862706091213403,0.0257810170567256,0.025875305836729926,0.0250469896239163,0.025316632178240425,0.02593975287778107,0.024418900960743988,0.02565776522835587,0.02664967130713327,0.02546660065127676,0.025905924996206357
enz_22,10.115379752744726,6.1679144833809305,6.908064221386643,8.388363697398066,1.7270160553466607,2.960598952022847,4.934331586704745,5.674481324710457,3.207315531358084,8.88179685606854,12.089112387426624,8.635080276733303,5.181048166039982,9.375230014739016,5.427764745375219,8.388363697398066,5.674481324710457,2.7138823726876096,3.947465269363796,6.1679144833809305,0.02538054073756583,0.025251379598026646,0.025974520045970836,0.02534675075303178,0.025328785993377987,0.025270384037354873,0.02594824750405042,0.023436374657834942,0.026193366601605258,0.02574831557855431,0.02594108885100956,0.023859405287143646,0.025000802132091878,0.02577625478923654,0.025512516621346973,0.0236301608605555,0.025049548563316107,0.024859331081354984,0.02408204444895717,0.02581134577432956,0.02589183208227524,0.02625092146393411,0.024809541218090696,0.024565329787074354,0.02320205517222131,0.025673450320847106,0.024446775368786134,0.025954219490877603,0.024588361440145697,0.024499770403795685
enz_23,9.704573447796793,8.994482707714102,4.023847527135256,6.627513574105127,1.183484566804487,3.7871506137743585,7.810998140909614,6.627513574105127,3.3137567870525637,6.154119747383333,11.361451841323076,6.627513574105127,3.7871506137743585,5.207332093939743,7.810998140909614,6.154119747383333,5.207332093939743,2.6036660469698716,3.550453700413461,9.704573447796793,0.02591740913146633,0.025424216341117512,0.024846829058772234,0.02488785937259304,0.02415827897564536,0.023938334551728467,0.025666572422113582,0.024202721503130707,0.02500855418441035,0.024216736934095897,0.02569325130745902,0.024917827252081262,0.025989385897405053,0.02537628939851065,0.026122791020720678,0.02546882299208103,0.026118815882635676,0.024595983139692905,0.024821450055642187,0.027206749768556124,0.027067742734817775,0.024272692827511284,0.024995125790516437,0.02636435921959723,0.025986801005753547,0.025633173890668944,0.02592186080048758,0.02475471145182205,0.024963449680150056,0.028764290047919843
enz_24,9.159362848008659,6.188758681086932,3.9608055558956363,6.683859375573887,1.2377517362173864,4.455906250382591,7.921611111791273,7.426510417304319,2.2279531251912954,7.921611111791273,14.357920140121681,9.406913195252136,5.198557292113023,7.426510417304319,6.931409722817364,5.198557292113023,6.188758681086932,0.9902013889739091,4.455906250382591,6.188758681086932,0.02505790413089508,0.026115015297110453,0.024167969360361793,0.02396716160138922,0.024363284654763583,0.024558602419503514,0.024516591436896364,0.025829602727781058,0.025260386171633124,0.024189885197077265,0.02523222352498801,0.024765761800676772,0.024893201832797435,0.025247879246969623,0.024705157491053634,0.02412121435127921,0.026370441409203336,0.02723691515186336,0.025266924656226198,0.025523588275227795,0.023859564849860137,0.024818920785319155,0.02688946501215684,0.024690776360725166,0.023851654393202425,0.02475629814887011,0.0261310715186037,0.025319385757541772,0.024099947476963333,0.02664285771558344
enz_25,9.720056486052849,9.96305789820417,3.8880225944211393,5.589032479480388,2.6730155336645334,5.103029655177745,8.262048013144922,7.533043776690958,4.3740254187237815,5.832033891631709,16.0380932019872,3.8880225944211393,2.9160169458158545,9.234053661750206,6.318036715934352,7.047040952388315,6.804039540236994,1.9440112972105696,3.402019770118497,8.0190466009936,0.024543468658631194,0.02499106200398191,0.024634191308482246,0.023866522996060218,0.0243580665495388,0.024037735934173687,0.024748483460263353,0.025175309789217174,0.025769523412301862,0.024862366760675835,0.02598635699604496,0.024312036167314068,0.023487581291285083,0.025476993519941635,0.025839975479231173,0.02454991284113359,0.023333097053444808,0.026430138747504602,0.02553082225070792,0.025994877465427415,0.02534654202762858,0.025273825644060464,0.026098381360143117,0.026300781081378847,0.027338486163018382,0.027317756107199807,0.023607861106261285,0.025924979299987768,0.02553269079529895,0.026328761578340146
enz_26,6.530049983076741,8.46487960769207,6.288196279999824,5.078927764615242,2.176683327692247,4.111512952307578,9.19044071692282,7.739318498461323,1.451122218461498,5.804488873845992,11.125270341538151,7.013757389230573,5.320781467692159,8.706733310768987,5.804488873845992,6.7719036861536575,6.7719036861536575,1.451122218461498,3.3859518430768287,8.706733310768987,0.024416986499436494,0.026245644481039634,0.025045583708340372,0.02414034810070196,0.0249069955001783,0.026224024025057198,0.024573658096277564,0.024593773531025105,0.025458710606184595,0.02641110085812958,0.02563484562991428,0.02382080481491364,0.02430237659424319,0.02576379300512934,0.0264295006569915,0.02511969612652246,0.023888100532006726,0.02569619267768691,0.025381688569847814,0.025261492596597112,0.02655908418678825,0.026447371151070355,0.02488644405975455,0.024446730368815613,0.025981795866274936,0.024511868714689185,0.02466499879156742,0.02686755876593601,0.025833163548570747,0.02463196485939265
enz_27,10.63011219607238,5.933085876877607,6.4275096999507415,8.652416903779844,1.4832714692194018,2.9665429384388036,5.1914501422679065,5.1914501422679065,3.2137548499753708,9.146840726852977,11.866171753755214,8.405204992243277,5.1914501422679065,10.135688372999246,5.438662053804474,9.146840726852977,5.438662053804474,2.719331026902237,3.9553905845850714,5.68587396534104,0.025165366248014066,0.02494308373710173,0.026159854738864882,0.025272503747869587,0.024880327655147732,0.02493915072410216,0.0259737597097188,0.023654516589378272,0.026101924241076775,0.025363799952116427,0.025948469258079233,0.023770084264869883,0.02524681851836114,0.025536824127945185,0.02577896814426782,0.02386482545846291,0.02499815730697037,0.02490858956000843,0.024469573953378426,0.0258856568897702,0.02605268521177614,0.026262325097173328,0.024769597788970744,0.02437882936332905,0.023222056951451794,0.025784641546992972,0.02432523657468672,0.025926687623481152,0.024779264012166194,0.02442450946790098
enz_28,10.211418321902109,5.7283566196036215,6.72459255344773,8.717064421135946,1.7434128842271892,2.9887078015323243,4.98117966922054,5.230238652681567,3.2377667849933514,8.966123404596972,12.452949173051351,8.966123404596972,5.4792976361425945,9.713300354980055,5.7283566196036215,8.717064421135946,5.7283566196036215,2.7396488180712972,3.9849437353764325,5.7283566196036215,0.025225661085391995,0.024996508992479367,0.026170744113552896,0.025190812202391517,0.0248320739227677,0.024898108992193246,0.025860085008368207,0.023466380007464063,0.026093683118379955,0.025435468609962476,0.025876332757603645,0.02377155726351079,0.025116680286438684,0.025504222562932284,0.02559592274826661,0.023877041140545528,0.024925745903628435,0.02486898518894364,0.024304685807960174,0.025903469133084084,0.025961729005497355,0.02618050737561258,0.024704545553208605,0.024278885293766938,0.023050551476098084,0.025614290946406448,0.024338237905465125,0.025999972648812347,0.02452978799250413,0.024368339495735993
enz_29,6.342337003863203,6.830209081083449,5.122656810812587,7.318081158303696,1.2196801930506158,4.390848694982218,6.342337003863203,8.293825312744188,3.1711685019316014,7.318081158303696,12.684674007726406,9.025633428574558,4.146912656372094,7.805953235523941,5.6105288880328334,4.6347847335923404,7.318081158303696,1.463616231660739,4.6347847335923404,9.025633428574558,0.023911436803744555,0.024429518159609098,0.0245727070797817,0.02289933198039948,0.02398050211795896,0.025180275574317276,0.024477846896948856,0.024167764642154078,0.02506622562160802,0.02678617557417585,0.02582340963279512,0.025489273564198268,0.025058584721239997,0.024676702850142666,0.02472249332435638,0.023970936846106045,0.025038886476675615,0.02665548376338783,0.025288593466382903,0.0249149259945948,0.023468132450470306,0.026504741658813655,0.02566896829123188,0.0250473432862265,0.027213825885941966,0.027626191474942847,0.02634163903904868,0.02592743402001359,0.0247684616206545,0.02638614857195545
enz_30,7.64258473659119,9.12179468560884,2.711884906532358,5.423769813064716,1.4792099490176498,5.423769813064716,6.656444770579424,7.3960497450882485,4.191094855550007,5.916839796070599,17.503984396708855,4.930699830058832,2.9584198980352996,6.163374787573541,6.656444770579424,5.916839796070599,6.409909779076482,1.232674957514708,3.204954889538241,11.340609609135315,0.02456507767916488,0.026883222762670526,0.025146498482571486,0.023950980396645505,0.025631479907474667,0.02545009709507048,0.02502254876998852,0.023879939226171057,0.025520127495357432,0.02472499032747171,0.024995535081295185,0.024499100898536345,0.02519423205805704,0.024365516754981754,0.02535134672927207,0.026105963552212296,0.027008445789341792,0.02460219024936206,0.023985188661381034,0.024913809392715106,0.025461576287910535,0.024898928468170888,0.025519680828492364,0.026570258758035988,0.025167345343898615,0.025641195137992467,0.025735362166286763,0.023823278179651675,0.024589165301377027,0.02426192671550114
enz_31,10.64495236762489,7.6035374054463505,5.322476183812445,8.617342392839197,1.2672562342410585,3.8017687027231752,8.617342392839197,7.350086158598139,4.055219949571387,8.110439899142774,14.193269823499854,9.377696133383832,6.082829924357081,5.575927430660657,6.336281171205292,8.617342392839197,8.110439899142774,1.2672562342410585,5.575927430660657,10.39150112077668,0.02385874075997013,0.025277001395359242,0.02452121232975324,0.023484582916067014,0.024938265824961513,0.023935040616987174,0.024788813253897864,0.024561857818168588,0.026439005783722234,0.02544024649291352,0.02480596918004359,0.025979418014963365,0.024654905833035538,0.0247139857875729,0.02607957893820776,0.024735252291469903,0.025312240794191834,0.02466199017475598,0.023494185956899553,0.025372698238944634,0.024626535459409578,0.024788359257493613,0.02513799916217929,0.023703237245226237,0.02463642841458366,0.024838651915001963,0.025809613297214748,0.02420719507491067,0.027004969773464085,0.024740771150418808
enz_32,9.638185044781382,9.638185044781382,4.695526047457597,6.1783237466547325,2.2241965487957036,2.471329498661893,8.896786195182814,6.1783237466547325,3.212728348260461,5.9311907967885436,17.05217354076706,5.684057846922354,2.9655953983942718,5.684057846922354,7.16685554611949,11.12098274397852,8.155387345584247,2.9655953983942718,1.729930649063325,10.379583894379952,0.024599992152502297,0.02575842501733327,0.024776484623453308,0.024221411540250155,0.024865094780781007,0.024742898601824544,0.02596426888439005,0.02554081938392912,0.024777444519998332,0.024238712411851313,0.025137673683062845,0.025158614091478643,0.0249635720594269,0.023612123156852523,0.025384667793220926,0.02507942762853181,0.025731431131097965,0.024443669943019015,0.02471613699750818,0.02561626690665493,0.02601653004155894,0.025324949575561483,0.024143580324928207,0.025332726876027892,0.025799688638748812,0.02526626082309865,0.025652480879490566,0.02433855535502265,0.02472677743500357,0.026936364877202742
enz_33,8.324880964180492,8.324880964180492,3.6727416018443346,6.366085443196846,1.9587955209836452,2.4484944012295564,9.54912816479527,6.855784323442758,3.6727416018443346,6.366085443196846,15.670364167869161,7.345483203688669,3.9175910419672904,4.896988802459113,6.6109348833198025,8.569730404303447,6.121236003073891,1.7139460808606894,2.9381932814754674,8.569730404303447,0.024056011035228857,0.025620562747181986,0.02326098014483116,0.024311084314711177,0.02516899320590587,0.024000577718399776,0.025455638703958807,0.024188959230631007,0.02513867353188229,0.025040440143921587,0.02531445481927376,0.026162302096344372,0.02515771955940627,0.02514818233858885,0.02683858041945363,0.025287045812016164,0.02540734976263599,0.026437860618805844,0.02506522139363095,0.024711602824527404,0.025347753023934678,0.024987418123581434,0.024589982051147662,0.026148058041848037,0.02429954498870073,0.02525916436931755,0.026431291026641168,0.02442570573848183,0.025481563086683624,0.02640783900537182
enz_34,10.433483776719331,5.713574449155825,6.707239570748142,8.694569813932777,1.490497682388476,2.980995364776952,5.216741888359666,5.216741888359666,3.2294116451750314,8.942986094330855,11.923981459107807,8.694569813932777,5.465158168757745,10.185067496321253,5.465158168757745,8.942986094330855,5.713574449155825,2.7325790843788726,3.9746604863692694,5.713574449155825,0.02515789801278167,0.0249582392650721,0.026145966058806192,0.02516937193445556,0.02488279982414213,0.024922743353242283,0.025872293225056037,0.023568603697168792,0.026049179593270255,0.02542377153492957,0.025890507323283813,0.023792044398547384,0.025128028201756577,0.02556182996345113,0.025639421813933787,0.023906428012000287,0.02494907906519865,0.02494924077703809,0.024300932732011553,0.025917573519175695,0.026008868852090593,0.02626324750778319,0.02472487488820276,0.024317815495235283,0.02312859246560048,0.02568909500008839,0.02430084816531378,0.025973833548810187,0.024628310592789433,0.024362280780685332
enz_35,5.480108672511389,7.472875462515531,2.989150185006212,4.234629428758801,0.747287546251553,3.985533580008283,8.469258857517602,6.47649206751346,3.4873418825072475,7.472875462515531,13.700271681278473,7.472875462515531,3.23824603375673,6.227396218762943,8.220163008767084,10.212929798771226,6.974683765014495,1.9927667900041415,3.985533580008283,7.223779613765013,0.023744085162977442,0.025333003855322014,0.02407027474771962,0.023943391778358185,0.024316926238481616,0.02450060380626875,0.023904412751386068,0.025200360968767235,0.02545662948508509,0.02611205870770899,0.024124192123417345,0.02627512095543417,0.025196472744222695,0.02407577835443537,0.0249395552594072,0.026512210606211985,0.025395954462418477,0.024611782667719646,0.02404518100292275,0.024931861936844737,0.025261650662751503,0.02509521442540054,0.025691968460324444,0.023304403617251716,0.02469765816557652,0.026527948615576908,0.024365067950661578,0.02552747743168058,0.02627329958318233,0.027469604721966776
enz_36,10.18290985126732,9.455559147605369,4.606554456525693,8.000857740281466,2.666952580093822,3.879203752863741,8.24330797483545,5.333905160187644,1.6971516418778867,8.485758209389434,17.456416887886835,6.546156332957564,3.1518530492017898,6.788606567511547,7.273507036619515,6.788606567511547,6.0612558638495955,1.2122511727699192,4.849004691079677,8.24330797483545,0.02330592139525297,0.026086043917792394,0.024478613290462616,0.025151536405997717,0.02559104009910898,0.025370095673352397,0.025227121157154943,0.024664950246839144,0.025682338739971423,0.025514187149605533,0.02553279716907786,0.026208036499746575,0.02545939650490486,0.025223825298851133,0.024646178991675052,0.025420121842495386,0.025858932424622363,0.024206650957892387,0.02578069402522593,0.026379797192854285,0.024703444608129118,0.025925572090162646,0.025563845547784875,0.024993985873959474,0.025895938090788995,0.025262537588436353,0.025696297451700174,0.025202488809680235,0.02425268714945594,0.02426468925303456
enz_37,4.416766788685107,10.46076344688578,3.719382558892722,5.579073838339083,1.6272298695155658,4.881689608546697,8.601072167439419,6.508919478062263,2.557075509238746,5.114151018477492,14.877530235570887,4.881689608546697,3.2544597390311316,8.368610757508623,5.811535248269878,6.508919478062263,5.114151018477492,1.1623070496539756,3.719382558892722,7.438765117785444,0.026123695910830972,0.025722031494781604,0.02577435051668327,0.025056374247792272,0.023831673203858577,0.026094236910474872,0.025342502219773237,0.024459751980524688,0.02586903594456697,0.026151196139563834,0.026829452446899896,0.024965615470705287,0.025200403289120047,0.02571119778945765,0.026475042919095578,0.025544509653791084,0.025755824911135986,0.026603175006153425,0.025933763400157746,0.025300138182960473,0.025389344756831498,0.026391029336313796,0.025748541373997676,0.024132336477739554,0.026290448154564345,0.02572272585089984,0.025034418012080683,0.025229535360943852,0.025088037917905832,0.02576820118960018
enz_38,5.8071494092556275,7.742865879007503,4.597326615660705,5.323220291817659,1.9357164697518758,4.355362056941721,9.19465323132141,8.226794996445472,2.419645587189845,8.226794996445472,11.130369701073286,7.016972202850551,4.355362056941721,8.710724113883442,5.081255733098675,7.258936761569535,6.291078526693597,1.4517873523139069,4.355362056941721,8.468759555164457,0.024481421404004257,0.025500819464753726,0.02559212652613426,0.025278107221701488,0.024781035751231945,0.02585651956265956,0.024337644635119216,0.02510965622923809,0.025124623266100658,0.02686970833465894,0.025228424402406743,0.024195078633983395,0.024445526446469433,0.02569259558451167,0.02625974713999747,0.024334458716468606,0.023546417901173917,0.025339183089323168,0.025787863146013158,0.026575308637229515,0.026419485813842652,0.026473398265032356,0.024797852684502433,0.02375871862156909,0.025733177667609294,0.025164975574739117,0.02486198910309352,0.026015289629012374,0.0256674782799637,0.024806809548471826
enz_39,8.406442533631457,7.417449294380698,6.1812077453172485,6.428456055129939,0.9889932392507598,4.450469576628419,8.159194223818767,7.664697604193388,3.461476337377659,7.911945914006078,12.115167180821807,7.664697604193388,4.450469576628419,8.900939153256838,6.922952674755318,8.653690843444148,5.439462815879178,0.9889932392507598,5.192214506066489,8.159194223818767,0.024022237574789135,0.024916681410341972,0.024908418936600753,0.025431742606632987,0.02486154859388252,0.025431983321018724,0.02419726635706633,0.0238499080367771,0.02551773265004521,0.025913899592619975,0.023623655872377074,0.025100921384184738,0.02501098598874665,0.026406657611694948,0.025868809655876623,0.024868473942363592,0.02528038857789353,0.02577042052237752,0.02531931814164019,0.02458672629001626,0.02446679347665986,0.024356706782240424,0.02565249601311233,0.026222335081823436,0.025038725325282153,0.026628807719785385,0.024293937092756134,0.024615593686888638,0.025855453909253152,0.02473306403256273
enz_40,5.807089633877626,6.564536107861665,5.049643159893589,7.069500423851024,1.767375105962756,4.7971610018989095,6.059571791872306,6.564536107861665,2.7773037379414736,9.341839845803138,15.653893795670124,7.069500423851024,3.7872323699201913,8.079429055829742,7.069500423851024,6.817018265856344,7.069500423851024,2.5248215799467943,4.544678843904229,6.312053949866986,0.023174453433897665,0.02588076141158629,0.02493426616363459,0.024686535033516043,0.024993369478483175,0.025515273425578106,0.02591659339413281,0.024389924675967876,0.026271595032622507,0.02483944370046656,0.024636297067200226,0.024767763725983945,0.024507209208651237,0.025023178218112056,0.024938735065849715,0.026271590337838754,0.0259263969310032,0.02495190692653452,0.026011863346803908,0.02597309542942513,0.023915297665045746,0.025748554887350797,0.02485802351235678,0.025708508379258515,0.02395143102319768,0.02295258354094793,0.02434013800028208,0.024980473267402912,0.024188282910857648,0.02326429681133214
enz_41,8.3848555937247,10.301394015147489,4.312211448201275,5.989182566946215,1.67697111874494,6.468317172301911,6.468317172301911,6.70788447497976,1.9165384214227887,5.510047961590518,15.811441976738006,4.791346053556971,2.3956730267784856,3.593509540167729,6.468317172301911,7.426586383013306,6.468317172301911,1.67697111874494,4.072644145523426,6.70788447497976,0.025084244113273577,0.02593643212366564,0.02412580473361577,0.0258397403920456,0.026405018197191737,0.024974613923399405,0.024526414751287782,0.025023674389688534,0.025309142428271536,0.023971628550980017,0.025634992672448075,0.025459345392556204,0.0256582059768983,0.024220391649530968,0.023994737617653857,0.025112374207468046,0.025638645285995142,0.025731700467940374,0.026082037536820424,0.02618233057023583,0.025824130750617968,0.024423870292577674,0.024028625921094934,0.025280656245890164,0.02656179315473279,0.025167791258329582,0.026120300667588178,0.026344062946228264,0.025511738493253614,0.026258252610871516
enz_42,15.837520893818146,7.663316561524909,4.087102166146618,12.516750383824018,2.298994968457473,5.364321593067436,14.560301466897327,11.750418727671528,4.597989936914946,8.174204332293236,16.348408664586472,11.750418727671528,3.576214395378291,7.152428790756582,8.4296482176774,12.772194269208182,9.70686764459822,2.043551083073309,5.875209363835764,12.261306498439856,0.02365761120227338,0.025465873740767985,0.024767771339775806,0.023957301494882365,0.025032144879928196,0.025544994649211637,0.024597918986086816,0.02561613939068994,0.02496506660527556,0.0261222076540045,0.02477942866491673,0.025174761762100064,0.025297791101913394,0.024734252074456436,0.02541457497392662,0.024343331005160996,0.025347106779283448,0.02424667863491204,0.02431013302472755,0.024634314266077057,0.024992124938510763,0.024172082575040523,0.02545605763343197,0.025104467182768223,0.024390320964667467,0.024109101195304794,0.024475026468789914,0.024499950336024746,0.025258839271397687,0.02408874181952979
enz_43,6.694428976751317,7.190312604658822,4.95883627907505,6.198545348843812,1.4876508837225149,2.9753017674450297,10.413556186057605,6.94237079070507,3.471185395352535,7.686196232566327,14.876508837225149,8.925905302335089,4.215010837213792,7.190312604658822,6.446487162797564,7.190312604658822,5.206778093028802,0.9917672558150099,4.215010837213792,9.669730744196347,0.023675049127934392,0.025397701509860225,0.02473666865554582,0.02454573952481102,0.025805547093106142,0.024742396395021557,0.024032393200470813,0.024888257600743872,0.025389992634172492,0.025378487602012504,0.024954416771645473,0.02432823685720734,0.025224719765664518,0.02419424080735896,0.024648118567952296,0.02548339117057896,0.02658739081218073,0.026143128460898887,0.024730783549883267,0.026328320993708163,0.02515650868757282,0.024892411081746533,0.022476218488223784,0.025326756404840063,0.02548632666803573,0.02576152952969228,0.026551743564293313,0.02489251210123761,0.025259505170306094,0.025039693249541986
enz_44,7.351047033541103,6.590593892140299,5.830140750739496,6.590593892140299,1.774390663268542,4.055750087470953,6.337109511673364,8.87195331634271,1.0139375218677382,5.830140750739496,13.688156545214467,6.590593892140299,1.774390663268542,7.858015794474972,8.87195331634271,9.632406457743514,7.351047033541103,2.0278750437354764,3.8022657070040187,8.87195331634271,0.02497101224834644,0.024227656638095754,0.02418196890329797,0.024142513179109953,0.02411524936516379,0.025313819745877725,0.02367099462035774,0.024063273324169767,0.0248369741694396,0.026055371516621288,0.02312342768505823,0.024688974078053743,0.025916208742029125,0.024146171477704557,0.024760871542327246,0.02421986156416785,0.025623254175609494,0.026125365977289646,0.024554407358435094,0.025421064745241487,0.02575679918837067,0.024644702735824517,0.02542292448686903,0.02521695250584158,0.026526461160477115,0.02483246230959889,0.025755383946120435,0.024343825205329277,0.02459995702893632,0.02525770990930116
enz_45,8.658035802733627,8.898536797254007,4.810019890407571,7.936532819172492,3.126512928764921,3.6075149178056782,6.974528841090978,7.2150298356113565,2.645510939724164,7.696031824652113,16.59456862190612,6.7340278465706,2.4050099452037856,6.493526852050221,5.291021879448328,8.417534808213249,8.658035802733627,3.126512928764921,2.4050099452037856,7.4555308301317345,0.02428390150467146,0.026583602705356046,0.024857901699887563,0.024918217807811845,0.02549110776201765,0.026753878130872717,0.026451022038507205,0.02466306791910553,0.02342954835467884,0.024811521209194328,0.02520953208401757,0.02467296353815019,0.025800746566401363,0.02472023859800636,0.02670492839505358,0.025425640105245357,0.024924338795131448,0.02558816389650902,0.024538021812368763,0.02391768105184536,0.026050260183927483,0.02521750531468668,0.02496611218114164,0.026141782157571198,0.02563163126909236,0.02592366123206078,0.026694686276968024,0.025000873102523028,0.02627511513179926,0.0238513546550188
enz_46,5.985914414447752,7.48239301805969,5.487088213243772,5.237675112641782,2.743544106621886,4.489435810835814,8.480045420467649,9.228284722273617,4.240022710233824,7.981219219263669,12.221241929497493,9.228284722273617,5.237675112641782,5.7365013138457615,5.487088213243772,10.225937124681575,5.985914414447752,2.4941310060198965,3.2423703078258654,11.473002627691523,0.02489238032275759,0.025840329066161908,0.024821755916613054,0.024071513568808493,0.02557475780456085,0.02509501041782415,0.024380524899586555,0.024279677863914547,0.02634844628867387,0.025121500362971446,0.02266307922211877,0.02475698963159996,0.02509032315372378,0.026038100274671443,0.02456555147446366,0.025449260444901187,0.02681173549570352,0.026173384048579704,0.025881054386670918,0.025113311519692955,0.02463920181363235,0.023776414957264548,0.023527608288334778,0.024990802955985332,0.02622484545004233,0.02499502927065535,0.024059651487685935,0.025040324936958177,0.02499465214981285,0.025369681923640496
enz_47,9.513627155759309,12.129874623593118,2.3784067889398273,5.708176293455585,2.61624746783381,6.897379687925499,7.610901724607447,6.659539009031516,4.7568135778796545,6.421698330137533,15.697484807002859,3.567610183409741,3.091928825621775,4.7568135778796545,8.086583082395412,6.421698330137533,4.994654256773637,2.1405661100458446,2.8540881467277925,7.373061045713464,0.024885960234154927,0.027895323648997838,0.02635321896433824,0.02429081229812722,0.024983114857851166,0.025842847786566314,0.02495046964335825,0.024443562246287905,0.026914545921316015,0.025294591019262302,0.024823601878268722,0.02505739722339605,0.025231034980275423,0.025946346625255697,0.025502667310714978,0.025685354129442044,0.025470923079870773,0.02508378091423798,0.02473040914424167,0.026774103758548044,0.026301212721900592,0.0253700510092805,0.026022265645942996,0.02593278405392971,0.02521415207476389,0.025243251083818904,0.024789471581715464,0.024480671632539794,0.02349178836666265,0.025153607270951308
enz_48,9.599439013539332,11.5193268162472,1.9198878027078665,8.159523161508432,3.119817679400283,5.519677432785116,11.279340840908715,9.839424988877816,3.839775605415733,6.959593284816016,17.518976199709282,5.0397054821081495,3.839775605415733,5.7596634081236,9.119467062862366,5.999649383462082,5.519677432785116,1.9198878027078665,3.359803654738766,7.919537186169949,0.024605077887739187,0.026080618845160174,0.023429261726015064,0.023711751874366593,0.025429024621335023,0.025088704351202615,0.025252262111590172,0.025242373630722587,0.025880186216607808,0.02494107130036166,0.02587240154905535,0.026139722650613234,0.024113078487856845,0.02524197389922303,0.026410133301919485,0.026614247774337935,0.025653606512108858,0.02464887511914482,0.02528223327434032,0.026376801287193264,0.026428524814048632,0.025130613940005018,0.025422788963937834,0.025613616257929725,0.02425322539417355,0.02727098039424661,0.02481880308403089,0.02423977519432069,0.025205822575059027,0.025616467622870835
enz_49,6.761360887805959,7.7272695860639535,5.071020665854469,5.553975014983466,1.2073858728224927,3.3806804439029796,8.693178284321947,7.244315236934956,2.8977260947739825,8.934655458886446,12.073858728224927,7.968746760628452,3.622157618467478,8.693178284321947,5.312497840418968,5.553975014983466,7.485792411499455,0.9659086982579942,5.312497840418968,6.761360887805959,0.024701662970476976,0.025474184292106846,0.025624901570797793,0.02520938658377716,0.024526758488171055,0.025023687233030178,0.024473804855292942,0.024235172450970118,0.026722786767681604,0.027123428566172548,0.02517046846075745,0.024495961149330645,0.025500623838347017,0.025175886539453064,0.026205546995234794,0.02517337704959015,0.02574049398217365,0.02695819844240567,0.024955294921509625,0.026179067131364604,0.024220105433612422,0.02537898368866184,0.024453739489979837,0.025041395294001085,0.026403868382762794,0.0257957487506835,0.024988435999512414,0.025392719374059847,0.0239423527986464,0.024234783934937446
enz_50,8.620613739558651,5.8315916473485,4.05675940685113,5.070949258563913,1.2677373146409783,3.8032119439229346,6.845781499061283,6.845781499061283,3.0425695551383476,7.352876424917674,12.423825683481587,8.11351881370226,3.296117018066543,6.845781499061283,7.352876424917674,7.859971350774065,7.099328961989478,1.2677373146409783,4.563854332707521,5.8315916473485,0.022750583903927264,0.025765490879901945,0.025629186589634232,0.02508277841253696,0.024966548618582093,0.025256931967713846,0.023616065736809085,0.02566607604166472,0.02487249195013844,0.0246365860366523,0.02401242928462068,0.02576132048507847,0.025147609497946453,0.0250678150708296,0.024501486437860057,0.024249892942738924,0.024744038983755313,0.02471638230984416,0.02498497873374706,0.02459612073347697,0.025221884528407627,0.023919686790469078,0.025223987383287204,0.024594878483080437,0.02565412469133614,0.025528107994947744,0.02407692835291999,0.024970458245021095,0.02511874030647872,0.02611892567839772
enz_51,8.24033736033525,9.209788814492338,4.120168680167625,5.089620134324713,1.4541771812356323,4.847257270785441,7.997974496795979,7.02852304263889,3.6354429530890813,6.301434452021073,14.784134675895597,6.5437973155603455,4.847257270785441,9.209788814492338,7.997974496795979,6.7861601790996176,4.847257270785441,0.7270885906178162,3.8778058166283533,8.24033736033525,0.024179491749909462,0.024559698062651507,0.02506371775461941,0.025459493409594632,0.02416149921058623,0.02348149564516483,0.02376358435900457,0.024795396533678786,0.02571969971083404,0.024866153615468033,0.025341561227990993,0.02471153649661864,0.024077383300655432,0.027295249543617436,0.025696426210699393,0.02531306967683846,0.02388522054785094,0.02496267204641469,0.0264545076708468,0.026237959519712906,0.025925277660460266,0.02595109560255656,0.025157225078322593,0.026957508524152383,0.026150037785087517,0.026813168760016406,0.025508129926175946,0.02363193332120724,0.025422910012306437,0.026094033497685493
enz_52,11.2775498947971,8.87807119377644,3.839165921633055,4.319061661837187,0.9597914804082638,6.47859249275578,6.718540362857847,6.958488232959913,3.3592701814289234,5.038905272143385,16.316455166940486,5.7587488824495825,1.9195829608165276,5.998696752551648,5.998696752551648,5.7587488824495825,5.038905272143385,1.4396872206123956,4.559009531939253,6.47859249275578,0.02512486428143191,0.0253102016625865,0.02335019564391747,0.02470057548206474,0.025485614433980636,0.025102457954760547,0.02316072040617832,0.025286499594913775,0.025034459673718968,0.025069836370333064,0.025129128214239155,0.0262938447022036,0.025086650261093656,0.025011221841968346,0.024425724286331787,0.026157756072022913,0.023762473111748766,0.026577784885329515,0.02564876657506592,0.027451636721121657,0.02490336851162682,0.025526921355184952,0.025683804340628547,0.024785485247354886,0.025051361511108105,0.026182451455836964,0.026492793022851402,0.025799590642159618,0.02684863175637559,0.025607309879795846
enz_53,6.4391576134176765,7.182137338042793,4.953198164167444,8.668096787293026,1.238299541041861,3.7148986231255825,6.934477429834421,7.429797246251165,4.7055382559590715,7.677457154459537,9.411076511918143,8.915756695501399,4.953198164167444,9.16341660370977,5.200858072375816,3.7148986231255825,9.658736420126514,0.7429797246251165,3.7148986231255825,9.658736420126514,0.02483386839055417,0.02383115429430883,0.025214358792491533,0.02387503824871138,0.024375471009891972,0.02548797972597022,0.024404930277458093,0.024648558134199576,0.02477847918356211,0.026324670169764714,0.02544446425275382,0.02564824408997566,0.025160604122734243,0.0247166466542705,0.025014840206702544,0.024713481172160233,0.024551029994182023,0.026045515727742784,0.025930908065919377,0.023885299305941875,0.024202952793998086,0.025190752356864396,0.02512903856200185,0.024162974736650678,0.026474656126836665,0.02576276459601325,0.0257357679179725,0.025278854723623144,0.025044122573473847,0.026472665584897602
enz_54,9.869917726821908,10.351377128130295,4.09240491112128,8.425539522896752,1.2036485032709645,4.333134611775472,8.906998924205137,8.18480982224256,3.370215809158701,7.2218910196257875,16.36961964448512,8.666269223550945,3.370215809158701,6.981161318971594,6.018242516354823,9.147728624859331,6.981161318971594,1.2036485032709645,5.055323713738051,8.425539522896752,0.024297235624958162,0.02551160482639416,0.025494555630173457,0.024968256796078534,0.02437732785045267,0.025766701364383655,0.025231544796463553,0.025552672201392165,0.026184106258596882,0.025957071809080454,0.025630378057945262,0.026403419527582347,0.025666660471072897,0.024920564068422905,0.026786308529938848,0.025371432347868646,0.0259755138575302,0.025107447374706538,0.024769822178480057,0.02599226272923075,0.025404118148870444,0.02433643469522329,0.02502883740744482,0.024292255803725734,0.024342870054452664,0.025336660541131126,0.024854652217167757,0.024611645052317957,0.025610406139893724,0.025487532984827258
enz_55,7.629916294548594,9.84505328328851,4.430273977479829,6.645410966219743,2.9535159849865527,5.41477930580868,8.12216895871302,8.614421622877446,2.70738965290434,7.876042626630807,14.767579924932763,7.137663630384169,3.9380213133154034,4.676400309562042,10.091179615370722,7.876042626630807,7.137663630384169,1.9690106566577017,5.41477930580868,8.860547954959658,0.02624492502017336,0.02686993862759841,0.02400458225053298,0.024782118639806446,0.02528833738724726,0.024961194818217052,0.02459768593916796,0.02454773192784874,0.026027339077829333,0.025658381532983474,0.025311202702977594,0.024477958374420024,0.025248123016690983,0.024717938314667252,0.023741088003162797,0.02695300882325202,0.02407714704622127,0.024259656475690918,0.02624719143523173,0.02709785948612953,0.02413099070018322,0.023912125313650515,0.02467934269860687,0.026385243539709214,0.023798652931184865,0.023348190757170702,0.02608189014594576,0.0238716705630228,0.025829063740826885,0.02672308862763718
enz_56,8.169565793523399,7.674440593915921,5.941502395289745,5.693939795486005,1.4853755988224362,4.951251996074787,7.674440593915921,7.179315394308442,3.218313797448612,8.169565793523399,11.63544219077575,8.664690993130877,3.7134389970560906,8.417128393327138,6.436627594897224,6.931752794504702,5.941502395289745,0.49512519960747875,4.703689396271048,8.417128393327138,0.024466166287807106,0.026071445162971732,0.025199234673191264,0.025682234867871433,0.024189269216040594,0.02473229206772239,0.023792579351397922,0.024201851138843145,0.025458989273039162,0.025725237147908732,0.02426713969739189,0.024130340119264935,0.023887387517330234,0.024053376965245857,0.02569079250995202,0.024790158046691897,0.024977966739972306,0.025792757799109365,0.0251164453890245,0.023967527623338314,0.024956000173531438,0.026885673604790244,0.024466699358530474,0.024678043823181447,0.026669564979107024,0.025385065758736843,0.024657770922194573,0.026796227812888627,0.026069703458646766,0.025679458710538377
enz_57,9.270093808100635,7.210072961856049,5.66505732717261,6.43756514451433,2.3175234520251586,3.0900312693668783,9.012591202320062,6.695067750294903,3.862539086708598,7.725078173417196,14.677648529492672,10.042601625442355,6.695067750294903,6.180062538733757,8.497585990758916,7.467575567636622,11.072612048564647,2.0600208462445857,3.0900312693668783,8.240083384978343,0.0245966443683409,0.02633622938288218,0.024102034387951547,0.023513117006613828,0.024152039895116748,0.024676200170112836,0.023954212709156982,0.024215650406007483,0.024649804891173514,0.02583678902723458,0.02534648981623916,0.022696390117727942,0.024674446139769324,0.02495456459955375,0.02393475363777389,0.02459209403032675,0.025942477657498103,0.025082324645472335,0.023897500106694693,0.02557168897848502,0.025102164538236806,0.026158937932517282,0.024425140625741252,0.024819706508076304,0.024830779132878743,0.02389807216377022,0.02556844853152044,0.02448813709426514,0.02599239735899914,0.024488158359289677
enz_58,6.4704737538053925,6.968202504098115,7.96366000468356,5.475016253219947,2.488643751463613,5.475016253219947,9.456846255561729,4.728423127780864,3.2352368769026962,9.70571063070809,14.185269383342591,8.710253130122645,3.2352368769026962,10.701168131293535,4.230694377488142,6.4704737538053925,4.977287502927226,0.7465931254390837,3.98183000234178,7.96366000468356,0.023478451431712125,0.025553178623083244,0.02544494312781145,0.024673375065594957,0.025306282689332264,0.023737389410796294,0.025693304617640352,0.024929879539965373,0.025747497683129453,0.026779653130978475,0.02511408233877552,0.023940305681936155,0.023647506186179813,0.0253595787789339,0.025625652274397896,0.026410431523327598,0.024791072693119167,0.024501143850773087,0.0244318285547589,0.02431879600376516,0.02331157014882125,0.02483920321128736,0.02535817340156492,0.02494536424710188,0.02501113579964024,0.026780756461484513,0.024238919967813837,0.025345319066990276,0.02578597734172479,0.02603485200119853
enz_59,5.193387320924326,8.90294969301313,5.935299795342087,6.924516427899102,1.4838249488355217,4.204170688367312,7.666428902316862,7.171820586038355,2.72034573953179,7.913733060456116,14.34364117207671,6.18260395348134,5.193387320924326,4.946083162785072,7.4191247441776085,8.16103721859537,5.935299795342087,1.236520790696268,5.44069147906358,6.677212269759848,0.024360169512665345,0.0269358445497109,0.024369366660626942,0.024260200233311414,0.02370209636979805,0.0248890568701568,0.02517942929968577,0.02464278628686252,0.025437836359439046,0.02516865541868882,0.02445732724426479,0.024944194610395952,0.024592084467544954,0.02547077021508848,0.02508139343677855,0.025695823674838247,0.025929141296706495,0.024791688484822105,0.02547733620293648,0.025927524744918596,0.024934822408905735,0.024332987134364697,0.024247641896540956,0.025302833977318508,0.025601163926641097,0.025356495537686135,0.025619184669968265,0.025457163127993256,0.024832539034244035,0.025698284207843498
enz_60,5.006558999070426,6.007870798884511,5.006558999070426,6.258198748838033,0.5006558999070426,2.7536074494887344,7.259510548652117,6.258198748838033,4.005247199256341,8.511150298419723,13.76803724744367,10.013117998140851,4.255575149209862,7.509838498605639,5.757542848930989,11.014429797954937,5.757542848930989,2.0026235996281705,2.503279499535213,8.761478248373246,0.023805406517801317,0.02602604157172948,0.024004485744447062,0.02420431348804758,0.02320398049884168,0.02485293120555065,0.023784862933785064,0.023865815103177587,0.024470623424750135,0.02467449582146651,0.024314616076479126,0.026463976241471267,0.025115190748514496,0.02523661277497933,0.025704895922521516,0.02468654231266774,0.02554126513112572,0.025652928513179105,0.024980159791032266,0.025378311238030624,0.02475636900811644,0.02584083096838512,0.025512198285256207,0.02462929295992884,0.0243786737356364,0.026934580675348097,0.02637612711714707,0.02414607922041614,0.025409257010848525,0.02572118600579749
enz_61,8.373662859209427,10.28764294131444,5.981187756578162,6.220435266841289,2.392475102631265,8.85215787973568,7.655920328420048,6.938177797630669,3.349465143683771,6.220435266841289,17.70431575947136,5.7419402463150355,2.6317226128943916,6.938177797630669,3.5887126539468976,7.177425307893795,4.545702694999403,2.8709701231575178,1.6747325718418855,9.091405389998807,0.024263951732061972,0.026334615270981646,0.024917890936413545,0.024269420357242513,0.02438003404112956,0.024569999023696464,0.02532123842553084,0.025853743729987853,0.02639727788692885,0.025762335715224516,0.026701848966721675,0.02626013965811087,0.02557343211932044,0.025799382775373577,0.024536694661358882,0.027231886458637736,0.025767003279244617,0.024951842432063397,0.024478932832765962,0.025614026384067252,0.024412299390753685,0.02530555336607729,0.025620353560789844,0.024892082688219106,0.024684337256435356,0.02579142558578191,0.024052495709841255,0.024278736902861357,0.026866491608662293,0.025863016980589352
enz_62,7.821886661021088,8.066320619177997,4.88867916313818,6.599716870236542,1.222169790784545,1.955471665255272,7.088584786550361,7.333018744707269,1.955471665255272,5.621981037608907,14.177169573100722,7.5774527028641785,2.9332074978829077,7.088584786550361,6.844150828393452,8.799622493648723,7.821886661021088,2.1999056234121808,2.688773539725999,10.999528117060905,0.024272840693215263,0.02567451591112933,0.02406983690678848,0.024892562852679732,0.025383315970297457,0.02586722426151998,0.026722087511591636,0.025434264094610016,0.026741838100568575,0.025022092575658333,0.025043937717656672,0.02564316654718597,0.02535167543250962,0.02528731086625755,0.02570509406208717,0.025388916496060045,0.024805712628535564,0.024300362552462245,0.024949059103040915,0.026409002811339365,0.02427763143610509,0.025062043390959826,0.025015992903583088,0.024662636257286274,0.025267755241556777,0.024115548365788494,0.025373991222047722,0.025052026189917934,0.02442909030977239,0.025344509430879406
enz_63,6.8139356943252745,7.7873550792288855,3.4069678471626372,5.110451770743956,1.460129077355416,3.8936775396144427,8.760774464132496,6.570580848099372,2.920258154710832,6.8139356943252745,14.114581081102354,6.8139356943252745,4.867096924518053,3.8936775396144427,6.8139356943252745,9.490839002810205,5.597161463195762,3.8936775396144427,2.4335484622590267,9.490839002810205,0.023590868763136708,0.02569848425482666,0.024869314716641847,0.025243327187550256,0.02469203586427455,0.024273927336072455,0.024508236964878215,0.02427611701360849,0.025443264091154154,0.02542875978884358,0.024945286789630206,0.02475046096461804,0.024509244538360196,0.02395279084188249,0.026225192850751217,0.026989739095648155,0.025815296477103074,0.025187912494213007,0.024420347585377054,0.02669569480494496,0.02513757004888107,0.024861852802853617,0.025860923109988318,0.025948053219566766,0.024868938632896232,0.024815978511411502,0.026299880342471146,0.024529123239624192,0.026227455060660456,0.026579076382228704
enz_64,8.315706286813347,9.071679585614561,7.0557507888113244,5.795795290809303,2.771902095604449,3.779866494006067,8.063715187212942,5.543804191208898,3.5278753944056622,8.063715187212942,16.37942147402629,6.047786390409707,4.283848693206876,7.0557507888113244,6.299777490010111,7.307741888411729,7.307741888411729,1.2599554980020222,3.779866494006067,6.803759689210921,0.0231159169187267,0.026287385155010484,0.024984526637401094,0.023519487582361293,0.024200791767661725,0.024851286828052148,0.02484368536271221,0.02546900711654276,0.025370462337304944,0.024087710391744285,0.02483646087402051,0.02513702930036842,0.023489124161470705,0.02312147854611027,0.0254781369907188,0.026385385374355103,0.026026498756148694,0.02427144789465308,0.024888112162002287,0.02521987981629001,0.0266787677523445,0.02536408605961105,0.024706686531778127,0.024162788985965664,0.025319657536261964,0.024847687307959155,0.024929167974577237,0.02418501177323696,0.027118125795344228,0.02511310670886117
enz_65,7.862510321947363,7.371103426825653,5.651179293899667,5.651179293899667,1.2285172378042755,4.1769586085345365,8.599620664629928,6.388289636582233,3.1941448182911163,7.862510321947363,11.54806203536019,8.353917217069073,3.6855517134128264,9.582434454873349,6.142586189021378,6.633993084143087,6.142586189021378,0.4914068951217102,4.422662056095392,9.336731007312494,0.02429440048970532,0.025986981032529638,0.025169191464077093,0.025306869500735636,0.02398171778228562,0.02538978585289696,0.024181960651402202,0.02484728248296152,0.02549212505733462,0.026008360853410316,0.024088091187203495,0.024708878215226153,0.02444393802444849,0.025019346878765097,0.025504704277550735,0.024130567024896393,0.024485096382892552,0.025926074235419778,0.024674728775234224,0.024020958374327245,0.025107156848260814,0.026580421660101633,0.02473600502194994,0.024702519479908674,0.026826353079987913,0.02461141492341129,0.025430595539198377,0.027065411226989397,0.02582151719441423,0.02575409892161977
enz_66,8.315156333727503,6.8477758042461785,4.646705010024192,6.8477758042461785,1.2228171079011032,3.4238879021230892,8.804283176887944,7.092339225826398,1.7119439510615446,6.603212382665958,10.760790549529709,10.027100284789046,5.3803952747648545,6.8477758042461785,7.58146606898684,4.891268431604413,6.114085539505516,0.9782536863208826,5.3803952747648545,9.293410020048384,0.024516744666995913,0.025924209436934173,0.023806642262957638,0.02405782668750452,0.024148176360319688,0.024730855968515524,0.02443403358244188,0.025209078695640822,0.026013433721681956,0.024047910690933254,0.025264023809748043,0.025484900357025924,0.02454549439286973,0.025757774529571866,0.025300200369529364,0.024900612021531886,0.026649575728002,0.02756901731821695,0.0242494702071261,0.024590805629971974,0.02556131025995672,0.02575570926598902,0.0271518065933836,0.024525678040184715,0.02376641362269932,0.024518940541864643,0.025774256328576366,0.02621150274456406,0.023983476435003936,0.026986698150037954
enz_67,9.905967516255242,8.915370764629717,5.448282133940383,9.65831832834886,0.7429475637191431,3.2194394427829534,9.65831832834886,7.677124825097812,1.9811935032510484,10.401265892068004,13.868354522757338,8.667721576723336,3.9623870065020967,7.429475637191431,9.65831832834886,12.13481020741267,8.667721576723336,1.9811935032510484,3.7147378185957156,9.65831832834886,0.023054263725453904,0.025100975410519658,0.024977036334839532,0.02420983308223025,0.02544795303440994,0.026217265844577294,0.024888517136625023,0.025763760612564787,0.026021582457022685,0.02573927649644112,0.024677656034414762,0.025590806514960915,0.02350356023804105,0.024405353147928986,0.02636053518835243,0.02544606162517617,0.02401150786045939,0.025150704957515067,0.02438056031945578,0.024654190710317478,0.02604970880263461,0.026069287449712725,0.024156105481265254,0.02490188230031774,0.024686514608553495,0.025298693312063043,0.02392958107877204,0.02481345788187989,0.026607469740944887,0.026236710706168707
enz_68,7.168490185940644,9.796936587452212,5.734792148752515,6.690590840211267,2.389496728646881,3.1063457472409453,9.080087568858149,7.646389531670019,3.1063457472409453,8.124288877399396,13.142232007557846,7.168490185940644,5.01794313015845,5.734792148752515,7.646389531670019,6.451641167346579,7.168490185940644,1.9115973829175048,3.8231947658350096,7.646389531670019,0.02581446628524674,0.026532680251721397,0.0248632127850319,0.025667515781689357,0.02382191761542843,0.025064670542820612,0.02450625682065896,0.024843929449102728,0.025155883583967153,0.024997651503417574,0.02593707944551511,0.023055015566221585,0.02641852475779444,0.025538729277842974,0.02644023002795709,0.02598450698255902,0.026227396712377383,0.025981522846205314,0.02262726458476934,0.024745385689019267,0.02747774225118344,0.026639259134344697,0.02674520771259297,0.024397127267096207,0.025726385892725686,0.025003857971026167,0.02587315084767826,0.02371735352230496,0.025881734798590374,0.0253646672284226
enz_69,11.201208332037602,9.707713887765921,5.22723055495088,6.471809258510614,1.2445787035597335,4.729399073526987,8.960966665630082,9.209882406342029,3.7337361106792004,8.463135184206187,13.690365739157068,9.458798147053974,3.7337361106792004,6.471809258510614,10.205545369189815,10.952292591325655,7.467472221358401,1.4934944442716802,4.231567592103094,9.956629628477868,0.024840463303009527,0.026100912036966132,0.024627518174893753,0.02420882003018467,0.024777723934443843,0.025003753580159275,0.02397769319991078,0.02391568213011692,0.02437980196533239,0.024613655109733935,0.025305239569797598,0.025175497449820495,0.025493338009397765,0.025144875898443723,0.023770029191039103,0.02603456129227877,0.02449167667300711,0.024694106845455574,0.024533489973094652,0.025804941352962307,0.02429895057788332,0.025462424049706674,0.02504682177564998,0.025678767629999377,0.024981843063660088,0.025357397447820982,0.02643450824613012,0.02548918874731699,0.02561458891463767,0.02582598911519986
enz_70,5.873678932381604,9.29999164293754,4.160522577103636,5.38420568801647,1.9578929774605347,4.64999582146877,6.607888798929305,7.342098665477005,3.9157859549210694,5.873678932381604,16.642090308414545,4.405259199286203,4.160522577103636,8.076308532024706,7.342098665477005,8.810518398572405,5.873678932381604,1.7131563552779678,4.64999582146877,5.873678932381604,0.02477051393477428,0.025454447294855218,0.02326729340181068,0.025360491082277472,0.024419466411117134,0.024544784917788016,0.024471101225155924,0.02234909847737105,0.02556306155918344,0.027198592134559975,0.025065882511542154,0.025522103480592303,0.02443992669506088,0.02615556636021005,0.025382283861263927,0.02542811887155701,0.026466782343459668,0.02549775015298404,0.024606905693972368,0.02519747940865663,0.024580896318698836,0.025916690910376662,0.025681473979313946,0.02540638297790539,0.025678334953647592,0.02642257871111633,0.02482137854755325,0.02381476506869601,0.026467700227448144,0.025311526304484824
enz_71,7.553210583774045,8.28416644671992,5.116691040621127,6.82225472082817,1.4619117258917507,2.9238234517835013,7.309558629458753,7.553210583774045,2.6801714974682094,6.334950812197586,15.837377030493965,7.065906675143461,3.6547793147293763,4.873039086305836,6.82225472082817,5.847646903567003,5.60399494925171,1.218259771576459,4.14208322335996,8.527818401035212,0.024869831293864327,0.027124850395542834,0.024968979249139638,0.024549399055799927,0.02370741302012767,0.02483988911029731,0.025051900288935905,0.024494295483206256,0.02545977194579636,0.026525475651275443,0.02374268618607385,0.024758417737924754,0.024477352140158937,0.025023713577569988,0.025980160717232678,0.02477961971228344,0.026520975932953657,0.02407931122946391,0.026507705461366236,0.026564975433139976,0.025902879818459075,0.025568817955836827,0.0233299894631579,0.025152594847769636,0.026059278860725867,0.025042537837102388,0.02585024325132901,0.025600686189155338,0.023793410399626114,0.026020883439392895
enz_72,5.72505727449307,6.969634942861129,4.729395139798623,6.720719409187517,2.986986404083341,3.4848174714305644,7.21855047653474,9.209874745923633,4.729395139798623,10.454452414291692,9.95662134694447,8.960959212250023,4.978310673472235,4.978310673472235,6.222888341840293,10.952283481638917,5.476141740819458,2.738070870409729,3.4848174714305644,10.703367947965305,0.025437363434427603,0.025683876538105863,0.025001514084240454,0.02378902509680763,0.024319667731449668,0.024922450248397086,0.024265363860028463,0.023751846560473095,0.02527783542754778,0.025162612199310125,0.024717641685147753,0.025772769519692776,0.023276581203919282,0.02586801880706826,0.02458939870944876,0.026211332775569057,0.02551550839672606,0.025876226174860482,0.026271510765751235,0.02554352871057004,0.024690694393383027,0.025404495056940063,0.024067020951210893,0.025017170716653183,0.025985121583979063,0.025016610363609693,0.024269390528328414,0.02554792386574323,0.025506420238161957,0.024325546698837405
enz_73,6.832102942448881,5.819939543567565,4.301694445245592,4.55473529496592,1.2652042486016446,4.048653595525263,8.097307191050525,7.338184641889539,2.783449346923618,7.338184641889539,11.89291993685546,7.844266341330196,4.301694445245592,7.338184641889539,6.832102942448881,9.615552289372499,6.072980393287894,1.5182450983219735,4.048653595525263,6.326021243008223,0.0236443752291723,0.02583974390700505,0.025620956507922222,0.02506253096943191,0.024303439543197664,0.025327163775385193,0.023668437900786606,0.025708686186957624,0.02468195761913024,0.02443348600316978,0.023843423303786537,0.02598756432184693,0.0254012881596891,0.024974950816591894,0.024775971419611728,0.025232708659720077,0.02476783654699029,0.024348059871861276,0.024235661357056737,0.024088569357455587,0.025618871673825722,0.02401828466702687,0.02532442375426905,0.024580207649890353,0.025390717623641455,0.025464147692352408,0.02418484034580487,0.025214855444134807,0.025316278218724567,0.025899711753232392
enz_74,9.634960401446031,7.60654768535213,5.324583379746491,6.592341327305179,2.281964305605639,2.5355158951173764,9.634960401446031,7.099444506328655,4.056825432187803,9.127857222422556,14.959543781192522,9.381408811934293,6.338789737793442,6.338789737793442,7.860099274863868,8.62075404339908,8.874305632910819,1.7748611265821637,2.7890674846291144,6.845892916816917,0.025014748924733324,0.026209085759286398,0.02443917702887268,0.024045776144748905,0.024579820315792172,0.024097967851908323,0.02401875225099657,0.024905693570788513,0.024753787269241125,0.026121336182515387,0.02533096929923212,0.02272569227744729,0.024745559457271166,0.024914392945089077,0.024004746707254245,0.02448009344892687,0.0263354701181262,0.025103944698649773,0.023873725735766405,0.02571542974469512,0.025313392257833415,0.02607875705637871,0.025081277009423617,0.024676962483606638,0.024539334636798568,0.024256582451757436,0.025775495175255077,0.024359646902113886,0.026073469877101574,0.02487732290665182
enz_75,5.19544071870891,7.422058169584157,5.937646535667326,7.669460108570296,1.9792155118891086,4.205832962764355,6.92725429161188,5.690244596681187,2.226617450875247,6.432450413639603,12.370096949306928,8.164263986542574,3.958431023778217,9.153871742487127,6.432450413639603,5.19544071870891,9.401273681473265,1.4844116339168314,4.700636840736633,9.401273681473265,0.02351556973055813,0.025235192861971314,0.023423282221487325,0.024732359183169527,0.024498379215801298,0.02600859935326284,0.024291520610163094,0.023702986914012913,0.02676625224813879,0.025946966691783358,0.024331850024857413,0.024665117461943154,0.024792057354694946,0.02444865023734859,0.025368755081263027,0.02579516998080273,0.025817577395831598,0.025246225765775815,0.025388979349119975,0.026271793052783605,0.024625068968100648,0.024912277830587096,0.025050446493916776,0.024290044507262555,0.026784221511222797,0.0242960520359195,0.024486647406608587,0.027660279444347995,0.024504135690937998,0.02574160239018788
enz_76,5.5759883912028805,8.000331169986742,3.6365141681757915,4.606251279689336,1.6970399451487028,3.3940798902974056,11.151976782405761,6.303291224838039,3.6365141681757915,8.7276340036219,13.576319561189623,8.7276340036219,3.878948446054178,6.788159780594811,5.818422669081267,8.485199725743515,7.030594058473198,2.181908500905475,3.6365141681757915,7.030594058473198,0.023219570919800057,0.025563971317930985,0.0247975497939106,0.0249489214287427,0.024553612331504753,0.02454496412203351,0.025980239263116683,0.02454566404603737,0.025636364633232246,0.0270085573338818,0.023988159176417247,0.024455564135226662,0.025904893145755253,0.024895925861728802,0.026026914228987504,0.026170171897557465,0.02548620030588795,0.025378974170882456,0.02484526684381193,0.02570959458840015,0.026912613285650845,0.02559900259940768,0.02547282055415487,0.024736900511458437,0.024770082236569683,0.025569209518267102,0.025746691873520154,0.02484673486034845,0.025318025331376726,0.0249325618060137
enz_77,10.224064282845424,5.73545069525475,6.732920381386011,8.727859753648533,1.7455719507297065,2.9924090583937826,5.2367158521891195,5.2367158521891195,3.241776479926598,8.977227175181348,12.46837107664076,8.727859753648533,5.486083273721935,9.725329439779793,5.73545069525475,8.727859753648533,5.73545069525475,2.7430416368609674,3.989878744525043,5.73545069525475,0.025208479833855393,0.025043782646880564,0.026142320490705185,0.02521931898777056,0.02477898832207094,0.02490731772383205,0.025771550408819083,0.023454800700811684,0.02606163149341132,0.025458533018615902,0.025843478920873488,0.023686427030701323,0.02514075323728807,0.025509802262702174,0.02559790559758814,0.02384985443680702,0.02493308951806078,0.02478645806138489,0.024321254180075347,0.025984179939111243,0.025959753124795648,0.026133499631341296,0.024779534003918264,0.024249726581646966,0.023047045187625573,0.02558502928711136,0.024354447650560714,0.026008711502585845,0.02453912624994965,0.024275778436284375
enz_78,7.5912085572742685,6.579047416304366,8.60336969824417,5.060805704849512,1.265201426212378,2.530402852424756,6.32600713106189,5.566886275334463,1.5182417114548536,9.86857112445655,17.712819966973292,8.350329413001695,3.289523708152183,7.338168272031793,6.072966845819415,7.844248842516744,5.819926560576939,1.7712819966973292,3.7956042786371342,6.32600713106189,0.02426405155583275,0.024920202544996245,0.023645507085457037,0.025689995128029865,0.024770543782972745,0.024581199755587084,0.023977863378989432,0.025202233139322384,0.025723830774136165,0.025541006584350243,0.026101928022643963,0.025134688793747032,0.024781359495393392,0.02428896593647864,0.024505524657942004,0.024680838368669984,0.027126441802408207,0.025450314598832676,0.02706281401161622,0.024584091951920364,0.024219935144975935,0.02458319730444931,0.02507836637329652,0.025652093239566562,0.02458086069414986,0.024040186207953153,0.02407333986532334,0.024822701605552208,0.023148050587424314,0.0247275823655068
enz_79,7.6139312462274376,8.10515261695179,3.684160280432631,5.89465644869221,1.4736641121730525,6.385877819416561,9.824427414487017,6.385877819416561,4.175381651156982,9.333206043762665,18.17519071680098,6.877099190140911,4.175381651156982,4.912213707243509,6.385877819416561,5.89465644869221,5.403435077967859,1.7192747975352278,6.140267134054385,4.666603021881333,0.024070986518104378,0.02560528217045343,0.024722669615027944,0.02415480035356559,0.024120378228392008,0.024849170944756045,0.02468280799709838,0.02449581009666191,0.024200838840316895,0.0251292587573408,0.025250591882042466,0.025044912805163813,0.02470367530436971,0.02483654930278833,0.026629047729587053,0.02662056541060795,0.025137683789227466,0.025680270763344823,0.02636613265431259,0.026549669482323984,0.025151988769707142,0.024785655157383252,0.025514221501289243,0.024570335638451103,0.024673971698954494,0.025819811978559367,0.025910035130887733,0.0246203741069508,0.025868472074764046,0.024623345935391835
enz_80,6.620123850508041,7.802288823813049,5.2015258825420325,6.38369085584704,1.1821649733050075,2.6007629412710163,8.984453797118057,7.092989839830045,2.8371959359320176,8.275154813135051,10.639484759745066,8.511587807796053,3.5464949199150224,9.220886791779058,5.2015258825420325,4.492226898559029,6.38369085584704,0.9457319786440059,4.965092887881031,7.5658558291520475,0.025038352573752583,0.025659537809033,0.025338978319913222,0.02505369158303964,0.0247135999585033,0.024742864406432422,0.024670567581811274,0.02533135063832576,0.026095622909886776,0.02645712450986143,0.025776283680329342,0.024108816928919558,0.025251310165268534,0.025445413609018534,0.02626338809045556,0.02614800759873519,0.025589255681463724,0.026970471836109983,0.0252880432398709,0.02616775255498473,0.02438703933407537,0.02575373836521421,0.024732938783191535,0.02534300964194949,0.02620815562699328,0.026281332454608924,0.025751184837700322,0.026843410524616577,0.023561721819688252,0.02459404027524511
enz_81,5.816663819875246,8.59854651633732,8.851444943288419,6.575359100728539,2.5289842695109765,5.563765392924148,8.092749662435125,7.334054381581832,3.2876795503642695,12.139124493652687,14.162311909261469,6.322460673777441,3.540577977315367,7.081155954630734,7.58695280853293,9.61014022414171,5.310866965973051,1.7702889886576836,5.310866965973051,7.839851235484027,0.023466392214983655,0.025917214794490228,0.02432875299780362,0.02482707864106917,0.02381397586734165,0.024390065721460553,0.024319229399618347,0.024411714627344233,0.02529028515372347,0.02462595805235809,0.024591409277728186,0.024427198827053388,0.02447699321356357,0.022750561940684175,0.025316632456033085,0.025289986963607645,0.025868379194546976,0.024131132195993752,0.02428525210785124,0.025708172868184935,0.024878677306494516,0.024407235386724558,0.02510464912363783,0.024656240446089887,0.026805130927306117,0.026179217707306687,0.025014467261531177,0.025743902364303815,0.02569701437716511,0.02637865163290273
enz_82,9.528190925977267,8.550940574594982,1.9545007027645676,5.13056434475699,0.7329377635367128,6.352127283984845,7.0850650475215575,7.329377635367128,2.6874384663012805,5.619189520448131,19.056381851954534,3.909001405529135,2.931751054146851,5.619189520448131,6.840752459675986,5.619189520448131,8.062315398903841,2.4431258784557093,2.931751054146851,5.619189520448131,0.02453072012613239,0.02556166731694999,0.025308671852707763,0.023070842576828548,0.024956458839148772,0.02535047627384894,0.025653476439796867,0.02442723639265718,0.026049665460203403,0.025176345138714036,0.02560058204461648,0.02456142312148181,0.025067983894722708,0.02481931328094889,0.02552029379348026,0.025892256358746844,0.026522707792546295,0.025676022590772195,0.02375165938988659,0.025887354601713458,0.02695704692993712,0.024864098746899096,0.026369786688638885,0.02383061897332895,0.02422628609571649,0.024833896590174348,0.027243674989626734,0.02477968993667301,0.025001401908097867,0.024195754009433214
enz_83,6.887838940321728,7.133833188190362,4.9198849573726635,7.6258216839276285,1.475965487211799,2.951930974423598,6.149856196715829,6.887838940321728,1.721959735080432,9.101787171139428,15.251643367855257,9.34778141900806,3.443919470160864,5.903861948847196,7.133833188190362,6.887838940321728,8.117810179664895,1.721959735080432,5.165879205241296,7.871815931796261,0.024567302093053273,0.02499319765604179,0.02502923509808336,0.02446841888479585,0.025839442498325538,0.02466199913950766,0.02510685929281456,0.02450523703236414,0.02641685434768649,0.024827476554110016,0.025709345338949315,0.02455650305062174,0.025331493534988925,0.02451417846133807,0.024873452670082678,0.025943340988930096,0.026906456271197535,0.02386682406245186,0.02514906477637744,0.02514952782896524,0.02525059423064565,0.024549228114000655,0.02450788276004633,0.02599710327419368,0.02437691740259116,0.02495295110729959,0.025482483149395933,0.02518738251608144,0.026014901781842455,0.025270098214584202
enz_84,3.8495828364144984,8.420962454656715,4.571379618242217,4.811978545518123,1.443593563655437,3.12778605458678,7.2179678182771845,8.180363527380809,2.6465882000349676,6.496171036449466,13.232941000174838,5.774374254621748,5.774374254621748,5.293176400069935,5.052577472794029,7.2179678182771845,6.496171036449466,1.684192490931343,4.811978545518123,5.774374254621748,0.024761226270362053,0.025872848715604475,0.024096200780333955,0.02479997418139092,0.02454152330525678,0.02526122999933134,0.025274124602164796,0.02507443878091511,0.025981868526741492,0.02627557972433972,0.02338475555652064,0.026398067058959838,0.02592606603559035,0.02550747905869321,0.026033371482608616,0.024612603818163364,0.025255168848287282,0.025632423582365487,0.025423505971718007,0.026311932272480354,0.024909701367780285,0.024558040480686966,0.026309128181299987,0.025142798894789976,0.024799774837054027,0.025321476656640234,0.025678308992560947,0.02411030169612248,0.02615194428610671,0.025995208759224477
enz_85,5.235772398919516,5.734417389292803,4.487804913359585,5.235772398919516,1.9945799614931488,4.986449903732872,7.978319845972595,7.230352360412664,2.991869942239723,11.219512283398961,15.208672206385259,11.468834778585606,4.737127408546228,6.482384874852733,6.482384874852733,7.978319845972595,7.978319845972595,2.493224951866436,4.238482418172941,4.986449903732872,0.024981021098945212,0.024473509971699694,0.02302809661355016,0.023800991198422564,0.02592383844286777,0.023997692772242975,0.024801129643881006,0.02471243449664667,0.024131826737992367,0.023950459794636104,0.0245808612050888,0.025218423951473574,0.0246383032524126,0.026039802626970896,0.025433641776122985,0.02546725900340179,0.02487054121145637,0.025125132531254847,0.025021409241571445,0.027072768476281768,0.025163694307408658,0.025578151203558747,0.024658853659612533,0.025954143942464047,0.025086752190087647,0.026342046175769327,0.024382340805683304,0.025390308491447345,0.025877390985843324,0.02497467900456195
enz_86,5.103842516522447,8.506404194204078,6.0760029958600565,6.805123355363262,1.944320958675218,2.916481438012827,7.777283834700872,5.832962876025654,1.944320958675218,7.048163475197665,15.068487429732938,8.263364074369676,4.131682037184838,6.805123355363262,4.860802396688045,8.020323954535273,8.020323954535273,1.4582407190064135,4.131682037184838,6.319043115694458,0.02456103585695729,0.02675321289905673,0.023018250631714417,0.02475985253374941,0.02407583012605515,0.023584946788975734,0.02574894959230928,0.02569047427011583,0.02588372654021608,0.026256015055060523,0.024170301699031,0.025640945433019154,0.02516243700847365,0.02541868380874057,0.02569051859982978,0.025482414765244033,0.02518687915737557,0.02488617615827561,0.024762309649940955,0.026147180909375005,0.026459157748486194,0.02606719132184318,0.02434645126704655,0.024697564454228976,0.025208085225858063,0.02499538055566333,0.025937824407673452,0.025030335001812388,0.02469413332752546,0.026643615371944422
enz_87,8.321976916411414,7.133123071209783,4.993186149846848,9.273059992572717,2.139936921362935,6.419810764088805,6.8953523021694565,5.706498456967826,1.4266246142419565,5.944269226008152,10.224143068734023,9.510830761613043,5.706498456967826,11.412996913935652,3.8043323046452175,5.944269226008152,5.230956918887174,1.6643953832822826,3.8043323046452175,7.133123071209783,0.02392294543682608,0.025878097623553135,0.025647750802178647,0.025962041115078754,0.025214626937684496,0.02626643933532307,0.024212094278589988,0.02488066182949918,0.02481924381701198,0.026246515689250766,0.02501621835302083,0.0258335324289918,0.025781638615401784,0.024580099474020938,0.026129059084741172,0.02585116853045685,0.024699427399415816,0.02405214818290692,0.025993159967685735,0.026010412468509287,0.023955208180031586,0.0259924518174109,0.025549806564699015,0.026368151089552386,0.02572218496112413,0.024499901899919505,0.02540410027308168,0.025565574029930694,0.026580637048671987,0.025593933725104972
enz_88,6.269895494408826,6.771487133961532,4.765120575750708,6.269895494408826,1.7555707384344712,3.7619372966452955,9.530241151501416,7.022282953737885,2.7587540175398835,10.031832791054121,14.79695336680483,8.27626205261965,4.5143247559743545,8.777853692172357,6.269895494408826,10.78422025038318,5.015916395527061,1.0031832791054123,3.2603456570925897,7.022282953737885,0.02347631361901554,0.02608860220660676,0.024090450460473586,0.02359920452849816,0.024113717086403478,0.026070397222886864,0.02374778537286039,0.023934373769543126,0.024436634403215533,0.026009594436799455,0.0251995533175664,0.024243549544978777,0.025319211093482844,0.023907835375030245,0.02476239960994842,0.024665584880401586,0.026023700045829212,0.02664639315141005,0.024425564486800996,0.024727313505979856,0.02706002032584134,0.024858686884536463,0.02371049446512203,0.024359616369336447,0.026423775459227153,0.026088798271208878,0.025275178002461155,0.023821113455019995,0.025071575094991333,0.02704674377817091
enz_89,7.399336357168706,8.115401165926968,4.773765391721746,9.308842513857405,2.148194426274786,3.8190123133773968,8.592777705099143,7.399336357168706,1.9095061566886984,6.20589500923827,14.321296175165237,9.308842513857405,4.057700582963484,9.547530783443491,5.489830200480008,9.547530783443491,5.251141930893921,2.148194426274786,4.535077122135659,9.547530783443491,0.02483087521823208,0.02602968043586278,0.025083899620543366,0.025524394625865008,0.025500396185717037,0.025312652757265585,0.026449656775096177,0.024971398617752973,0.02601751847034672,0.02708508743292454,0.02421781888540536,0.024616326691978167,0.025508456037915586,0.024325769630204178,0.0249808880676369,0.02645261899343825,0.025529684983271194,0.025558191445122922,0.024521303686869153,0.025523655965835484,0.024563664058982027,0.024365464352854676,0.02599366355457519,0.024266294208735464,0.026769628436829233,0.02432323490940815,0.02557657848972069,0.02647924846478819,0.02473214891857766,0.02620153049215796
enz_90,5.850265663560332,6.825309940820388,6.33778780219036,6.094026732875346,1.9500885545201108,3.412654970410194,8.531637426025485,7.556593148765429,2.1938496238351246,8.28787635671047,13.650619881640775,8.775398495340498,3.6564160397252077,8.044115287395456,5.606504594245318,5.11898245561529,4.875221386300277,0.9750442772600554,2.925132831780166,8.775398495340498,0.024523443681431948,0.025466471031366313,0.02318496203900744,0.024812053608060138,0.024665252718236712,0.02380447778308264,0.02430693987591942,0.024667280642424096,0.025444514393811853,0.025609007338191755,0.023682635794922087,0.025032099717460836,0.025882227254198212,0.0253240447542496,0.024867680956990715,0.02593696421325014,0.02541915207853987,0.02566129543549419,0.02679718251022681,0.02624653523670401,0.024653363612513024,0.025170582763650327,0.026167660262684564,0.024495154532285963,0.026956423412927068,0.026004808770712828,0.025498733766581638,0.025074335657117225,0.02504852621149941,0.02583512063144534
enz_91,8.363251332798901,6.395427489787395,4.427603646775889,6.395427489787395,1.7218458626350681,4.181625666399451,9.101185273928216,6.641405470163834,3.4436917252701362,8.363251332798901,12.052921038445476,9.839119215057531,3.4436917252701362,6.641405470163834,4.9195596075287655,9.101185273928216,6.149449509410958,2.2138018233879446,3.9356476860230125,7.871295372046025,0.023028461353812632,0.02535559706774446,0.02363111453356886,0.023292680943396996,0.024051946931720376,0.025443804844696043,0.025968018114843068,0.024628518518702076,0.02565120087108102,0.025725249583219603,0.025130922341832035,0.024527358469492132,0.025323390531130904,0.02600715577511212,0.024734198365199148,0.025301808201424428,0.02472645806631367,0.026083706735453367,0.02490319416000535,0.0249143870013666,0.02523979735536912,0.0243588600712372,0.02558535737402575,0.026119897695134807,0.026277914916341034,0.025865485975076173,0.02537973747273562,0.02492207334576978,0.02563592945652126,0.026207793551235817
enz_92,9.621662205299835,6.907860044830651,5.180895033622988,5.180895033622988,1.4802557238922824,1.7269650112076627,7.894697194092172,9.128243630669074,2.960511447784565,7.154569332146031,12.5821736530844,7.154569332146031,4.194057884361467,8.141406481407554,5.674313608253749,12.088755078453639,4.194057884361467,3.2072207350999453,1.973674298523043,11.101917929192117,0.025573410930764835,0.025896531042282473,0.024500529021678482,0.024956055232831693,0.024931896116251597,0.024146232103247973,0.02670421709764417,0.02495064951859342,0.02433673912970639,0.02443730997591354,0.025694946652789683,0.02416666573780684,0.025699074233461107,0.024954210225846235,0.02493542596392594,0.024927981977596367,0.02585382251574326,0.02461787340544154,0.025278941752349068,0.02413080557320811,0.025671901516323235,0.025053680091974943,0.024590624604269536,0.024974901365575345,0.025716901688359817,0.024434195251408296,0.026067502976758413,0.02451639470961371,0.025886595922277492,0.025684696350976234
enz_93,9.933018318402162,8.194740112681783,5.214834617161135,6.70478736492146,1.4899527477603243,2.9799054955206485,10.42966923432227,5.959810991041297,1.4899527477603243,7.94641465472173,14.402876561683135,7.94641465472173,2.4832545796005405,5.4631600751211895,7.698089196761676,11.919621982082594,7.449763738801622,1.7382782057203783,4.469858243280973,9.933018318402162,0.02418936214152936,0.026911665666549078,0.025745570977922284,0.024276099562829223,0.025249045967859395,0.025394078032825826,0.023069147432234687,0.023834370866983902,0.025931553276572965,0.024984928120779182,0.02408891158454445,0.024970919926748297,0.023645280743934103,0.02571958195085284,0.026007790502458192,0.024172126876228602,0.02431972337492399,0.02609772987145,0.024883916883742682,0.024263833388655058,0.025130513574820434,0.025901383085596214,0.02579337561716332,0.02452169061502124,0.025782342218062575,0.025127817084798425,0.025078376188714065,0.024328888440122626,0.025833019844076197,0.026421498221946754
enz_94,6.368181920517493,7.3479022159817236,4.898601477321149,6.123251846651436,1.714510517062402,2.4493007386605745,7.837762363713838,8.082692437579896,3.6739511079908618,8.082692437579896,17.39003524449008,9.307342806910183,2.694230812526632,5.8783217727853785,6.368181920517493,7.837762363713838,6.123251846651436,2.204370664794517,3.429021034124804,8.327622511445952,0.02522207240517182,0.0259901320815371,0.023159704672514197,0.024483685706380133,0.024108069903505006,0.024332959665412112,0.025751144390434976,0.025971026439042092,0.024951921298998453,0.02498382563954824,0.025269585277425802,0.024720014036887165,0.02369155948537239,0.02549954373771849,0.02458206753216742,0.026118821882234352,0.02702295864276042,0.025553471386161222,0.024746500441603193,0.02665634971856223,0.025909424153572284,0.02497683947294657,0.025670879824561284,0.025168916008536418,0.02490761604414198,0.024783478385923444,0.026241367951478835,0.023354337082569003,0.025091077935807605,0.026150574930968187
enz_95,7.359052314681121,7.612812739325298,6.344010616104415,5.836489766816062,2.0300833971534127,3.298885520374296,8.374094013257828,8.881614862546181,3.806406369662649,7.105291890036945,15.225625478650596,7.866573163969475,4.567687643595179,5.328968917527709,7.866573163969475,7.359052314681121,6.344010616104415,1.268802123220883,4.060166794306825,6.597771040748592,0.024180564432808117,0.02634460528395902,0.0243733015709227,0.024040837293686296,0.02482125888846656,0.024739039380471266,0.02497884922962945,0.024367758143839617,0.025015950046589998,0.025149109988859056,0.02434862433316859,0.024161715632393575,0.025218570459813863,0.02498167561296754,0.02477162230273753,0.026149445499033055,0.024883797333895855,0.02470319344838212,0.024996994361884402,0.026727018471233065,0.025119893508770433,0.0245937911785024,0.024412111817793132,0.024341692816315215,0.02485830091414278,0.02401574408189597,0.025885323474767685,0.02529216247823466,0.024068695619543366,0.024697927751116087
enz_96,7.553210583774045,8.28416644671992,5.116691040621127,6.82225472082817,1.4619117258917507,2.9238234517835013,7.309558629458753,7.553210583774045,2.6801714974682094,6.334950812197586,15.837377030493965,7.065906675143461,3.6547793147293763,4.873039086305836,6.82225472082817,5.847646903567003,5.60399494925171,1.218259771576459,4.14208322335996,8.527818401035212,0.024869831293864327,0.027124850395542834,0.024968979249139638,0.024549399055799927,0.02370741302012767,0.02483988911029731,0.025051900288935905,0.024494295483206256,0.02545977194579636,0.026525475651275443,0.02374268618607385,0.024758417737924754,0.024477352140158937,0.025023713577569988,0.025980160717232678,0.02477961971228344,0.026520975932953657,0.02407931122946391,0.026507705461366236,0.026564975433139976,0.025902879818459075,0.025568817955836827,0.0233299894631579,0.025152594847769636,0.026059278860725867,0.025042537837102388,0.02585024325132901,0.025600686189155338,0.023793410399626114,0.026020883439392895
enz_97,6.729414491725173,8.171431882809138,4.085715941404569,7.690759419114483,1.2016811592366379,5.04706086879388,7.210086955419827,7.690759419114483,3.1243710140152587,8.652104346503792,12.737820287908361,9.132776810198449,3.3647072458625864,7.931095650961811,5.527733332488534,6.008405796183189,6.2487420280305175,0.48067246369465516,3.3647072458625864,7.931095650961811,0.025628200782608683,0.024328153425927992,0.02593879607259697,0.024648873708487964,0.024314941391915583,0.02541079977877937,0.024434266936412555,0.024510040481285116,0.024430228407289097,0.02570534293691162,0.025881411395506194,0.02538199969400487,0.025590888506381627,0.02480054295695369,0.025629427496888738,0.02461786464819666,0.025021469603055103,0.026944688272514842,0.025739952627178465,0.02471080669798229,0.025389809005182406,0.026692163848252962,0.025089025000028516,0.023548686100480016,0.02685350002135835,0.02571279773798789,0.025360418826585397,0.02513371820577615,0.025856743863182347,0.026358209722960938
enz_98,7.367887962501011,9.506952209678724,6.179518936291171,6.892540352017075,2.376738052419681,2.376738052419681,9.269278404436756,8.318583183468883,3.3274332733875536,8.556256988710851,12.121364067340373,7.605561767742979,5.228823715323299,5.704171325807234,6.417192741533139,6.179518936291171,7.130214157259044,1.9013904419357448,3.565107078629522,7.605561767742979,0.025742574194291917,0.026269599158101908,0.025144035871980237,0.025301905795461148,0.024639074978918596,0.024939882123023838,0.024904087335838904,0.024844140783710292,0.02496990705116658,0.024755306455951764,0.025355384488929426,0.023439577776345023,0.026344472301920635,0.025927814918262012,0.026599185471454054,0.026204310740857762,0.025788789482618063,0.025950599562960367,0.023219929296373037,0.024847596237523504,0.027610752839306387,0.026473547141400558,0.02687574098279713,0.024884813553300366,0.025274966257587423,0.025406924692006193,0.025606868712098618,0.0239182517859195,0.025749271960017778,0.025336882807908957
enz_99,7.122697497784331,7.122697497784331,3.9297641367085965,7.859528273417193,1.2280512927214364,5.157815429430033,6.385866722151469,9.578800083227204,3.9297641367085965,7.368307756328618,12.771733444302939,6.631476980695757,2.70171284398716,7.122697497784331,4.1753743952528835,8.596359049050054,7.6139180148729055,1.4736615512657236,5.40342568797432,8.10513853196148,0.02456385398968018,0.024437482240658465,0.023630148816666655,0.024860980038289245,0.02506474283196115,0.025746879703710816,0.024167471098827383,0.024950002500694263,0.025810457878797655,0.024400648967444476,0.024906342314333772,0.026250430340404314,0.024572641562637408,0.02448392676912332,0.024881064279998935,0.026733474205384807,0.02425174204436275,0.02496434368606716,0.02611970875589057,0.026357627629131724,0.02380709263956084,0.02625742506632685,0.02603497428279963,0.025760714262067577,0.026189830514113444,0.024378357124559952,0.026164147611343905,0.025651764215613056,0.023459403148764026,0.025532062936498196
