enz_47,0.08690252947196161,0.15122883768569467,0.06884267800894536,-0.1307960315784809,-0.5195582422050995,0.06615508107776122,0.006702365481174376,-0.2977642272174964,0.1594343160922726,0.06718767355233235,0.19329173821208448,0.17285601072433351,0.24677135524209812,0.0905939123821639,-0.24510488995340965,0.2394652920883362,0.18336615687472382,-0.49800558765641806,-0.07900852492616918,0.03743955664319132,0.8953337714035193,1.666960562694556,1.2368107069934478,1.9778750067184243,1.2534715376209289,1.000237157845724,1.6079336038134178,1.8382940387778728,1.4632033452730138,2.0400908995322085,1.8518600670474403,1.4615825341583646,1.5551670931873884,2.302764829148357,2.652562258839882,0.7836564731409105,0.7585272719348936,2.354910268360696,1.5115852848918943,1.3915458322485872
enz_25,0.10983196462930063,0.10885863428598024,0.027442658980501477,-0.14664448157131912,-0.5623823665818438,0.05655979573324593,-0.005043941495263637,-0.298870783631111,0.17965331265294127,0.0833062861321389,0.1980445575650144,0.1420983411935563,0.29251349933495396,0.060081210245811555,-0.2140030717950802,0.2249451684248613,0.18557314017490817,-0.4379016725146142,-0.08294827552911578,0.07888602376513326,0.885444290831115,1.6769953835791855,1.3389817786921145,1.8806150157828576,1.3507987738696245,0.982064096810241,1.544061960091095,1.765328862159856,1.3952827581815435,1.9390913195003296,1.9183261660893616,1.3842761514895292,1.5785935339368886,2.5139649639720942,2.4809288975080417,0.8217752834021756,0.7055685189956851,2.601230007774706,1.5271112985568736,1.435857219163296
enz_38,0.08365568388338579,0.1345753288620816,0.06636701633082531,-0.12445350160341843,-0.5260994325935296,0.07198302057341531,0.03146729103682423,-0.3296266454341784,0.20380069762818018,0.0416409449492634,0.16077096186340536,0.167303735427186,0.27710389747418485,0.06471718043844137,-0.25723499707992714,0.2243418976503198,0.17235296393639019,-0.4356878870414063,-0.05682393556981922,0.0298457792683768,0.8839894752056321,1.6733179831327434,1.3271403090220693,1.8641619709900237,1.2697744222259546,1.0296428211334168,1.6291642796684556,1.9031125578415913,1.5021350307446617,2.0244068836487674,1.8651291849725398,1.5100799756325427,1.5821523427247466,2.4522140760122575,2.328844136049845,0.8538154081459108,0.7225929804651285,2.334779961751164,1.448397307635574,1.5380304909487321
enz_97,0.08623951444861018,0.13608126440941393,0.06460963926962458,-0.12737087474737685,-0.5298236763991201,0.08173639823888862,0.023026062333862347,-0.2950114973687002,0.21212080409748843,0.0527085190302724,0.1638164902271835,0.16694704995530762,0.2538889219599204,0.05617707220047393,-0.23330022073346354,0.20976589214302477,0.15368517017717673,-0.4370628578295772,-0.08833829363776834,0.05010462222476034,0.8822384146470881,1.6263117310163526,1.2999825957317344,2.0039350701333603,1.2734984207623175,0.9954577786868728,1.6411259426878406,1.9415958269937112,1.411133827383728,1.9528211523021186,1.9028146035756082,1.473209778740512,1.4900496118849833,2.4969469726648614,2.3989843914232436,0.8319365392714417,0.7237744774750662,2.4063026563568286,1.4387331569663069,1.5190018659875506
enz_76,0.0846877381133923,0.11281014898415363,0.07810683384627976,-0.12246684946922609,-0.4669390130444708,0.06322545317349083,0.018571011891258,-0.2978630043912559,0.15794935376523825,0.06824577161717053,0.17217428880881097,0.1755756075404702,0.2709452794503894,0.06351005363493381,-0.2761761550446326,0.23737513558767967,0.15482866364503572,-0.43821151200981373,-0.095268674419168,0.03891986832026346,0.9149767037043565,1.6341406969359262,1.3575919120607247,2.0321036688162653,1.223949952530877,0.9511325363611498,1.6684838745406436,1.7492283892156406,1.5288312005718396,2.061686307572688,1.8374262630199871,1.5985601722208425,1.4969353504198604,2.386693233268702,2.5115591854493404,0.8747119027612678,0.7161495632527126,2.3010805902628615,1.5382833443218067,1.5600134184113297
enz_61,0.09387155509978351,0.15330543131427218,0.0762840090868741,-0.09758811777343894,-0.5798404490537359,0.10581961031467962,0.0005107396542781688,-0.29225881707890977,0.16497495072866789,0.019587097330772688,0.17003557535271754,0.16403637931330664,0.2625681137307464,0.02902920829405135,-0.16007207562910625,0.2325230750662336,0.17205236472898353,-0.4669080910077966,-0.10096024187783495,0.053029682405455615,0.8992012204988028,1.6866522468755432,1.3011988948695048,1.8691845754789773,1.408196193961606,1.0984789969012587,1.552063477482273,1.8500232241727352,1.5091760439643003,1.9248765166582378,1.8722408428841668,1.468692806872739,1.4729487220484934,2.3357129934017826,2.3974818227828383,0.7816881536791871,0.7570701321369749,2.2481990306822275,1.5025105797632994,1.462849151679107
enz_3,0.09539328693509981,0.09568023245379681,0.07114901850302005,-0.12715013313716833,-0.44240313521533814,0.061785008689722185,-0.008379607447703328,-0.31470086717298246,0.17225261462375063,0.07658265191781102,0.16945609881640186,0.14795113760793532,0.2598298371187271,0.08277739736561963,-0.2989591416855171,0.23053889699955118,0.1852851847473361,-0.4281039956908604,-0.08711122383991718,0.058126738410714994,0.9064802788459085,1.7721303840452591,1.378634251167789,1.859987480717669,1.338106697857245,0.9769514529608876,1.6366158500767745,1.803648234950928,1.426536388491546,2.0689597506674913,1.868943275745106,1.5917173629426697,1.4920784032291556,2.430509388488858,2.59648673551388,0.8546123799697521,0.7671020858031673,2.3645391488564957,1.6087228725548601,1.5460906414192574
enz_80,0.09276708862281437,0.16454124874598508,0.04819767917053057,-0.11183590727826417,-0.527316487487128,0.07629620861213826,0.00962825831968425,-0.3042792673861528,0.1857182034623643,0.049386272925086495,0.1714125291505131,0.17238776073774303,0.25337086902092987,0.05194401667675727,-0.2726058176875592,0.21751646119784684,0.16765389317410137,-0.41640131626581184,-0.08001501975833704,0.051633326046758354,0.8765586471348572,1.6975966318879776,1.3641840962899876,1.9536734271465634,1.3866379637600277,1.02764785885607,1.6018983892851975,2.0048898408576106,1.576223592446386,2.0147219100988107,1.8563316830160042,1.502259958654329,1.5182122598453291,2.445206236584889,2.355084193050146,0.795787446523361,0.7407877283313046,2.2570682368235344,1.5395810810653332,1.5206636325586487
enz_42,0.3047741690025562,0.0962274794722143,0.047202341247616,0.07844427639864379,-0.503469392946852,0.2540685996290802,0.27773298761116644,-0.1945733742924064,-0.01486808996265295,-0.11254189557385835,0.039614997596209664,0.23299930263821017,-0.03820984873708768,-0.2327270648284461,-0.015418666635934802,0.32901269904901026,0.2668506732148901,-0.673548923919096,-0.1935749262760723,0.05200465731281052,1.0392467571959394,1.5917604145827036,1.3833878933064911,1.9909924034380668,1.6628679129046764,1.3361693081940793,1.559654784504756,2.2500024787382418,1.8130574073541357,2.0491231436473925,2.229601411536586,1.250064772876753,1.3380676970009768,2.4396123661289177,2.1645143547628596,1.127881998205369,0.9814224927875732,2.4850925744562846,1.630154056168503,1.5658869984560595
enz_7,0.11129250826910485,0.12080773707510913,0.09124975726402379,-0.09422695897407876,-0.5368244392813043,0.08485851350389799,0.031822493586873106,-0.2865555853150401,0.12979991076727734,0.08591271893993158,0.14188439457914823,0.16718538843050804,0.23789882720806885,0.005241488239704795,-0.2016699000936803,0.23407985826515723,0.1979036676404864,-0.4725384375665022,-0.11857529603254824,0.07045335349386186,0.9505369737416481,1.6268746442851159,1.403227554967688,1.7545605809032667,1.3591246600532276,1.0506050736617256,1.57708435149467,2.1011959945634096,1.371099520920036,1.9058799724760396,1.82665975579567,1.3944774624859193,1.5322591935014749,2.314345900012033,2.585528025613393,0.9040152029531036,0.7059200983516595,2.5216150548023593,1.5225010825501655,1.4509663999449334
enz_10,0.0911342259330808,0.1636997123597432,0.06740874377826975,-0.1257134207846291,-0.4934050153906242,0.07602079559790141,0.03232748436128114,-0.32012809888714855,0.16156860427394634,0.0495916555860123,0.18640712098354634,0.19274703995412806,0.25915750533903875,0.061285531605639786,-0.22357442857327953,0.21563479549313672,0.163799640899863,-0.48264361559283053,-0.11527019899740974,0.03995192206033336,0.893830099733874,1.745319011724406,1.3845547580400528,1.9844016941714675,1.3337829309714773,1.0258895344021954,1.6027768408316911,1.7467497188939223,1.502004364251009,1.8972879563637923,2.059911486717517,1.5190675740778674,1.5504922235020793,2.2475754094321214,2.5987496038883617,0.8081901746548885,0.7902697357889568,2.3276657599510755,1.5330953771854288,1.448215957985193
enz_83,0.08534714869499957,0.16185540418531105,0.06103618467077888,-0.12421906437230867,-0.5092450477058864,0.09351633001524919,0.03278004319760242,-0.32196670638960606,0.16385814332546345,0.0459962151498145,0.170100838187599,0.17465735164789073,0.24764611238737827,0.08256113614621857,-0.2479866167662471,0.2233468851874134,0.1668259186748081,-0.4426785970671798,-0.1041690068852202,0.04073732771592124,0.9455245940318288,1.7884986102201421,1.3875964353959784,1.9401684266337018,1.2542768781589622,1.0299071194324367,1.6209633263818712,1.9012398090203118,1.4819445599789298,2.048564359174511,2.02780757399424,1.5228262028479367,1.5629861898925712,2.329880301540168,2.6211264134456163,0.8255065797797657,0.7299447772323493,2.3353458874104938,1.4811205696986276,1.496270530150525
enz_92,0.10999414234996675,0.08531953450963954,0.05075159792653743,-0.14953262724531624,-0.47626630750045074,0.07617913357368104,0.0036639045012962423,-0.320178856877466,0.1604318294322881,0.09178791224598538,0.19130107115216868,0.12577818025469992,0.28558455951979633,0.04109515949107398,-0.24926777426186858,0.25478039031662264,0.2022064516123717,-0.4469356882625354,-0.09327707655238837,0.0565844638138979,0.9752943388947025,1.6636960343411589,1.3350979333440463,2.0186124832513905,1.2989705503031803,0.987035412229598,1.6469869464451936,1.9892491197303779,1.5484744725397697,1.970603541387911,1.9306627031638028,1.4403905341820056,1.637712985912084,2.5438609145548288,2.4106486289290396,0.9530678859323274,0.7361193638206569,2.278163364232816,1.6672869732703766,1.5008575568668283
enz_21,0.09649034452995117,0.14729726676337956,0.05688781349165597,-0.12609184387795339,-0.5440976284104858,0.07779775548183467,0.016973986390194,-0.3000478858332504,0.19667666861571742,0.058190316020409076,0.1685299889354422,0.1578359640375645,0.2625512329097848,0.05810163834783453,-0.25869331480931995,0.22636999068285457,0.16506353588891312,-0.43077726367151753,-0.08789434916995115,0.058835783676942865,0.8594795639504147,1.6705191089553066,1.3374544572533533,2.015498598316086,1.311313896845428,1.0363146922912583,1.6791697805013122,2.0382585224119483,1.4966655619139275,2.0304094612995347,1.8784862824366295,1.5126163158606971,1.5219245190253265,2.552164428840489,2.523193934322176,0.783778925330589,0.7613343143450825,2.1948370700814475,1.5317794952532342,1.4531662359068358
enz_17,0.06833764218131856,0.1332149447242579,0.07039509883078846,-0.0932163881141514,-0.5536595302944999,0.08138381413944987,0.02915884603825354,-0.30377889476587683,0.19309792181998692,0.07910571030163678,0.18035600414420036,0.17650332348315603,0.24652555529564468,0.10868806388984391,-0.2616442435636226,0.2074358987977516,0.15301755618294782,-0.4576878962946241,-0.0906422114238824,0.03340878462742062,0.8663436782804135,1.604489652276354,1.3982017489202816,1.9350746325697996,1.352536791815407,0.9270027825776747,1.5854511366233508,1.7918299211308844,1.3745738219828303,1.9982831880269183,1.9014973737745768,1.4447871786966398,1.5903189436401794,2.3104944861475403,2.279965417245796,0.8176159437334946,0.7625489510517915,2.5427969358834197,1.59967752934595,1.4350752214309181
enz_20,0.09991946299153863,0.14248762233293094,0.04538393297113027,-0.12008378654773418,-0.5458860681986976,0.06794873451634548,0.015806907550599807,-0.31894425765766415,0.19696321335414563,0.06969837971166921,0.2003934944540919,0.1363616065384798,0.26375325330497573,0.043750378825406805,-0.26509428550795167,0.22637447082109313,0.1884363154646626,-0.42329018146467706,-0.0888958790147192,0.06491668555437413,0.9389678915055254,1.7139582674865508,1.3630774048749081,1.8814830747688238,1.2456567855118827,0.9852907450420705,1.5493419427556048,1.7467384740192722,1.4770411337371467,1.9725273082638297,1.8455426077722497,1.4483344778161866,1.532252483043895,2.4857871092805475,2.3366526285440505,0.7795509491306242,0.6954611237409661,2.4002489241766,1.5369847100797662,1.4525131741675017
enz_66,0.09170726030780808,0.10156490128992413,0.07485518025687682,-0.12772316810575035,-0.44350625815852274,0.07583552826294213,-0.0022505477651816237,-0.32432961923902925,0.1889377243876371,0.08541973422411026,0.15904364841673685,0.16245928959310268,0.2681335260355058,0.07234471691143601,-0.3051635595367673,0.23368172664348064,0.16863748726501432,-0.4375290842785732,-0.10431897352446559,0.062200487013715326,0.8768820044678861,1.7350678451981352,1.3837376668632835,1.9985373529978787,1.2472186706901276,1.0185509492804636,1.7610732148890411,1.9182128553358424,1.4273746176026312,2.0536893755504138,1.9987828860512802,1.5545435659652755,1.6843622525725621,2.350634045424427,2.6156959802810498,0.8431410176477537,0.7585636422977593,2.2698003980178707,1.6529136017188881,1.5141626436527276
enz_69,0.1593289989777407,0.14446121057707406,0.08715191886938053,-0.10875844406787204,-0.5031340447879095,0.1315106931148162,0.04676271428438439,-0.2680825583169769,0.1108971063418557,0.015499187591355709,0.15402213924015698,0.16355232227808864,0.26452107361229044,-0.040534482885032176,-0.22001076715009651,0.32539707681386293,0.23547130204787856,-0.5463659332649708,-0.18307585585950387,0.031386342583477445,1.0081475547103482,1.7025636482203461,1.3456451079074128,1.9137032436464503,1.2762007612069524,0.9908369379269925,1.5372345545158392,2.1521254669668624,1.4596860517583856,2.0244139221460005,1.9058690095371813,1.4223785378274623,1.614723342366341,2.3033435898810604,2.7173625769166443,1.0160111802683807,0.8825723301774588,2.2728227063993827,1.5171528644960486,1.5688088549418935
enz_91,0.08290892043057389,0.11184938796112084,0.07749007569557664,-0.15058576471771734,-0.46947180977723385,0.043528896110341844,-0.019856599034202987,-0.32654435892226624,0.17210525768581328,0.09939795179068361,0.19318280538607652,0.1361059045348135,0.2716767470537228,0.10215407885237356,-0.27132193896489754,0.22666228756737017,0.16328169664163403,-0.40341511290996973,-0.10125466208198731,0.06210623669817373,0.9558142374373048,1.5964063122617609,1.2948134252951602,1.8634538435607022,1.2371450926189498,0.9500521690679211,1.5561336246593558,1.802136625940007,1.459396507934555,1.985133665435054,1.8479888680817307,1.473512244582893,1.6460083367536487,2.384506117583013,2.4877626714494507,0.8254961093728832,0.6819636546768192,2.459017798738787,1.5375409914734304,1.4691873773331376
enz_90,0.09560875292011993,0.09930676009995446,0.06996015571538798,-0.12252643260006794,-0.4848812858357821,0.08269230715941261,0.0053523504610990934,-0.3204224476040674,0.20039824538727186,0.05989649800252258,0.16453241035587182,0.14857411139306825,0.26710636039448926,0.060010994445143795,-0.30735348988198025,0.2385653835382564,0.1828625126148062,-0.4034473708561134,-0.07733535292038642,0.04109953721099355,0.9243798397992625,1.685805405337106,1.3411869657201372,1.9699993940614244,1.3054978494591325,1.0099069909829288,1.7089167996882761,1.9699969061767286,1.3512375239792,2.0506709340710265,1.858262563331158,1.511355055938678,1.6680312685622358,2.4005282865581763,2.4362574438717077,0.8803819457952581,0.678432112978602,2.3390351820922444,1.545763192187068,1.5069997778879327
enz_28,0.0906411240279372,0.13852010293099937,0.06869482351411124,-0.12240277900916227,-0.5419372994176411,0.0831773506997194,0.016192016959229866,-0.3395135662364335,0.16031795593746673,0.04767533772419103,0.18131913303540675,0.13858053610136334,0.2835624347748812,0.06962290310256598,-0.21355964625294488,0.2447650386378472,0.19258764133884085,-0.42828138369893265,-0.10446154569082913,0.034499821521382736,0.9223723925522813,1.6946532693104643,1.2572231487965606,1.9183203964736384,1.2767123463640544,0.929071032073169,1.5589714845237044,1.8435262486711184,1.4895022944630945,1.8697755873643056,1.8414801189343977,1.3839851326780943,1.4663236110291298,2.341508451135501,2.434974946958631,0.8268140166958573,0.7539557616003197,2.4686379767912916,1.5103414719973307,1.4182133243347335
enz_31,0.08594858348847467,0.13571375196088448,0.07847178517000829,-0.09821328588633739,-0.5449184985097764,0.09383950898405721,0.0616105789513408,-0.3467134679635058,0.14410034995313908,0.05390234756114073,0.16404324508150525,0.1590952247811906,0.24819906671201394,0.05971289171305497,-0.20200092353075533,0.23492658744280642,0.14947920405451065,-0.404485565988901,-0.11266836846388387,0.03995698448903306,0.9177289606953317,1.7603910043182456,1.3110100470174737,1.9505201921376476,1.150395285086648,1.0435496391183463,1.6229134444740028,1.794510383680286,1.4263276856709282,2.1197071985562395,2.032635526250043,1.5689790011778593,1.5755124544128174,2.44551916322622,2.388050077967593,0.8435470989066459,0.7342020699645537,2.320063895735247,1.4804255521059164,1.5373722519152295
enz_63,0.08589340186772854,0.11526954455763468,0.07081898143564505,-0.1279262282645651,-0.44629023908988497,0.06837050098744522,0.01966188963683718,-0.34561516089041167,0.1967459272474728,0.09723152206932441,0.18237282057239573,0.17527468795854312,0.27224878226804555,0.05917620890812544,-0.3084387936906871,0.21659764343989063,0.1743888722800496,-0.44400625488053896,-0.10918297400395745,0.0474088675909064,0.942828361705779,1.7169143223473287,1.3567779970077085,1.9857203981477647,1.457986510176051,0.956321135477894,1.54115401950217,1.7922952528032832,1.376180543643537,2.007979375358309,1.911524003828231,1.4582535471671199,1.5915832816664401,2.2993755237544096,2.711691942213447,0.7897823948218174,0.67391451289649,2.455395143337739,1.562472618569037,1.5124215371967509
enz_59,0.09386952236478846,0.10066425356481604,0.06841598302374576,-0.1216886470697868,-0.459208369657888,0.06382193555468305,0.0060790351582108906,-0.3292834824656448,0.1674668155419028,0.07627402345151044,0.1793864042333749,0.1572283949361879,0.2803392799341602,0.11065902956085463,-0.3108830326509347,0.229736942843623,0.16860256897583478,-0.44015458229644894,-0.10648407111822207,0.06515799611523257,0.9523512905928236,1.7514653546315306,1.4148450204746086,1.8854898698813511,1.3649752968115376,1.0086390483980663,1.693186954585456,1.769082484865328,1.4364804276187106,2.0107992730319326,1.9094256077824536,1.5472814146480793,1.5809434111216014,2.4025295504251565,2.6242047747493347,0.8987980270141496,0.723946717001167,2.225201277822021,1.6518367249592907,1.5585861529777185
enz_50,0.09171110531503648,0.11652054802930002,0.053467872345089394,-0.1332823507776248,-0.48005294710850305,0.048280174234940666,-0.016151263049369452,-0.35813310711793467,0.18641939786824172,0.10739528079742508,0.21100761134181265,0.12393648710759421,0.29766680024058206,0.09431356686438169,-0.29676058598180394,0.2292490369197467,0.1910776887916413,-0.4568978977368404,-0.0936147950771657,0.08384737699344988,0.9115454188590568,1.6496630964586692,1.2368815608421593,1.8500534901256933,1.2339097950718683,0.9704553472646799,1.6838158661520926,1.9244293080568364,1.350946641090231,2.0331213460191204,1.725230506580041,1.500680577413996,1.5123328882500378,2.3640101689905832,2.6366097957432233,0.8141396700951593,0.7263913149173368,2.3166701753595893,1.5721229422790215,1.5025889491465085
enz_78,0.08012679601505504,0.13640449477161376,0.0531490834658605,-0.14571565991916086,-0.47301082116236415,0.06732907960818436,0.008611089931409313,-0.3236309131626962,0.1775194086699709,0.0665661617736937,0.17455109996973364,0.1701103426360692,0.27573280539861333,0.10382855721226882,-0.28617319293278526,0.23044854063340736,0.16564720732473806,-0.4692306466628761,-0.07102867753683685,0.05876524396610069,0.8920525028843361,1.8006507041486775,1.3329583490666024,1.9722136708263074,1.325818201602608,1.0544654028957172,1.6717370013277106,1.8649966042238042,1.348892232877295,2.041780390085684,1.9762736001425523,1.5064630221508828,1.5241548204579443,2.3543647777694856,2.395290573760568,0.8683259626996406,0.7636584038400416,2.4221866454398167,1.450245759984499,1.5074216720986378
enz_74,0.09131347470601271,0.06864766145538873,0.06646186583828992,-0.1355511329622838,-0.4925134433520716,0.07208399181291328,0.013450386654258644,-0.33158585664030676,0.14268245202454494,0.07074009354946884,0.18546387086219285,0.15758603080978184,0.2697167646510617,0.08445214988199665,-0.2635788084360738,0.2587183248890819,0.19099197532401785,-0.4152739726235139,-0.07869456019615317,0.04488873175139297,0.912138143108023,1.6350489872914828,1.3827147612771613,1.9952661460083296,1.3014921707358607,0.8789395635497752,1.590851875257197,1.749709005682827,1.404121420479938,2.068726069925903,1.8600018349254808,1.3851078651815407,1.673742933115504,2.4219531811587625,2.5011666943828543,0.8908040351265659,0.7513707364327376,2.076530690638809,1.4732304237771636,1.4826704646397986
enz_51,0.0888460145391843,0.12639080272995198,0.03925653338231644,-0.12210941605557993,-0.5681290103508972,0.089976696510304,0.032039880452855204,-0.2591686094226181,0.2099141019424446,0.04417390990667358,0.18024014692093418,0.1668697045900953,0.265631212834367,0.029376118155995626,-0.26743381789273496,0.2217214785669193,0.18107043840334336,-0.4145038704224178,-0.09680411783563106,0.0526418030444938,0.8954828065597642,1.8168225788826784,1.3140666795387208,1.986885280048984,1.347453725054735,1.0043421680099116,1.6451390144137394,1.8987192862765687,1.4608706320449336,1.979197129065334,1.9105561679529823,1.4434299466407348,1.4641589372901196,2.560577275884741,2.454387671109852,0.8546931741458013,0.7209943410495181,2.312608733692466,1.5178532186743767,1.4902364149581997
enz_82,0.08627651993438534,0.17633563082082918,0.07265979819626192,-0.13536984551438364,-0.49774185279137145,0.08663352932375093,0.01162954377383778,-0.3316137518289349,0.18239862185398337,0.05159877982947594,0.15230658163398691,0.15252341586780857,0.27660333544408805,0.09675793136267902,-0.28481806242449076,0.21287165936079458,0.15664143883976278,-0.43603247451635285,-0.0870603665865506,0.057399567420439335,0.9430329946250469,1.7921594297669625,1.2783215804859531,2.063737955042323,1.3597306540986276,1.081066302082377,1.723813358845844,1.8470309788305188,1.409319823082654,2.036157928587143,2.1680497284981155,1.5559271565179749,1.600406547730196,2.4864850607467175,2.6121792405954145,0.8731764987852324,0.778862091567379,2.3149428634120923,1.4349129483382406,1.5366834020016196
enz_95,0.09509339472229697,0.09911253549070446,0.08010350370305984,-0.13156355820788804,-0.448306408853088,0.06950007377780004,0.0063487518707283355,-0.32327761439970615,0.16250223302209238,0.07310749472067102,0.17438620169966676,0.15449923261494758,0.27580101892464526,0.06964134946639475,-0.305827914946337,0.23006420779952486,0.17836960298570262,-0.4214336222174924,-0.08998090251398516,0.051860420340261615,0.9551825086813636,1.7567815450922453,1.447832644601984,1.9899431375004137,1.3335393710251153,0.9607191242862742,1.7297567547657946,1.8142598443089946,1.39608583866494,2.0619688575518245,1.9675552718271712,1.557959232675594,1.6109695429352933,2.4202946524785864,2.6106827926865495,0.8590089274018564,0.6792851191372039,2.349204481062643,1.5697768157078797,1.6194665351209359
enz_72,0.09541831000439598,0.12781037017608524,0.06931443631529201,-0.14667359422058746,-0.5439001380071106,0.06689076508253608,0.009526339236884365,-0.3184887596599192,0.16081109240081268,0.06540325047445109,0.19126183338066138,0.15485070365351075,0.28277127448961936,0.09569667753144878,-0.22003237215219512,0.21375262145484109,0.17724974716297573,-0.4257829552060311,-0.09077008051965936,0.03489047840198853,0.8900202658181234,1.6658306490933585,1.3744771180537838,1.9947564121422223,1.316447826770312,1.0224261371090382,1.6459734555603815,1.9033500242230161,1.4590286405940414,2.040395432932017,1.898899489889491,1.5822891288344263,1.543509657103618,2.233176017296851,2.4620101374361454,0.7804745575201533,0.7032806243512653,2.1434221682414276,1.5487726222277018,1.455481877647352
enz_64,0.0913355024024801,0.14222338262979528,0.054883873348263716,-0.14785183109152383,-0.5018302271780378,0.06695655327401757,0.013148353705498318,-0.3412320640315007,0.1543029699182527,0.06840411009906544,0.1965379560033999,0.1422720255026719,0.2811212519118491,0.10889436776462746,-0.25419000072587844,0.24331925881714478,0.1836183694788492,-0.4602960653213746,-0.09522935020693832,0.05361156369933823,0.8931732767801978,1.7432430368160066,1.2982436698421658,1.8183714035117589,1.2929959665467938,0.9868366255031602,1.6177200656613835,1.8656295138869363,1.4523388608976284,1.9481348381370125,1.886633586677156,1.4225143270954395,1.5587051656518252,2.3213525074317443,2.294914051176233,0.793965633177435,0.6829266898356021,2.2715358084827115,1.4493239571691745,1.426447830268332
enz_24,0.08513661432646123,0.10965343997818806,0.06926607194928225,-0.13629320446172577,-0.46324257694150084,0.06585303289057917,-0.00396146390751606,-0.32331476208380877,0.17048365117120667,0.07947507087382584,0.16099763767992561,0.16888861426970656,0.2633195437742876,0.06342242145902048,-0.294228475750736,0.22651787431606696,0.17961359803734,-0.405317552670433,-0.07909994878893688,0.0628304138787678,0.9145091516537546,1.7578960522747251,1.3748885535649689,2.0961639197682245,1.24794299009321,1.0121126220782337,1.6797697987661666,1.9867175244164168,1.4498899295714447,2.1221541054612127,2.033249285109528,1.5462146330180562,1.70880547885781,2.3886906087469972,2.632422927730116,0.8570553523855303,0.7147386902284983,2.22373794051402,1.6329893051394468,1.5025346440825216
enz_15,0.086742734658804,0.09950430372428835,0.10702774681568017,-0.1373435277464931,-0.4484015734200935,0.06277860034491159,0.00842154763589844,-0.30991115144153714,0.18844419728782227,0.06931394783023931,0.16871548983387796,0.1604955501409153,0.2466652316979003,0.047358345362223705,-0.2743038960600247,0.24120386794533447,0.16416784685110372,-0.4232691810625631,-0.09645684912297489,0.03884676872468611,0.9481064406733639,1.6083787692694955,1.3236422950324707,2.0281481268382056,1.3529926317829064,1.0929265565699304,1.750005343593563,1.8154511655761028,1.3983919905861768,2.0092705654360885,1.895472763780637,1.4691701297945885,1.5866243649557152,2.294097976654264,2.375869388867942,0.8813577507081478,0.7552912633876521,2.213159286447307,1.5058643515991128,1.5281268350538122
enz_45,0.10847985126303648,0.16923622664363042,0.06845392362664068,-0.10438541085473313,-0.5139954742003564,0.08240474484861933,0.03002333499928664,-0.2904149042347949,0.14949488510456913,0.04668661831118885,0.1529277805359808,0.15999013039137064,0.24470896196514652,0.01619986176796827,-0.21148903346818562,0.23940083398955025,0.1679809435489907,-0.4547343618622333,-0.12508581112459083,0.06411689874891566,0.9084096506703865,1.7119136396554946,1.3235638822480262,1.8576453227341008,1.2924931647725946,0.9789318059589535,1.565239826107426,1.9826470451075007,1.5003548274786802,1.9309894827970893,1.8378227357168333,1.4467308093612574,1.5126145423009212,2.3850536706326992,2.8555786524784956,0.8010805646065816,0.7061914903174519,2.4537342463742315,1.454276680465569,1.38465821249854
enz_9,0.09938595180715183,0.16338257420479715,0.02595685223381848,-0.1459289673271629,-0.5490295867316526,0.07461372379898691,-0.012750712482531385,-0.33335003377155237,0.14324909498882007,0.07807617119922752,0.19739494146127423,0.14281576151484068,0.26377995457825804,0.1066737955330497,-0.19264477082109344,0.20148780852825576,0.16792498811353251,-0.3916709938914196,-0.10724212851641966,0.0678755755798189,0.9519839360171859,1.6764507495667902,1.337807690791053,1.8204299912621387,1.2689486166810007,0.9802498252760725,1.5156797789895071,1.8238171030087644,1.377653931878294,1.9155973526421508,1.9064916783637487,1.4473029853175456,1.460424383336196,2.3268999281271046,2.28494609457729,0.760143194148847,0.7137375462677111,2.3598500536707334,1.4364699590762853,1.4340495541928362
enz_46,0.08688418102749945,0.14307400987466729,0.06350316607292342,-0.13959001926500536,-0.5376966903997114,0.0764857770592288,0.013814252367110296,-0.31274205383208703,0.15815065851871493,0.04980486512328724,0.1867480858974549,0.15792846581035544,0.2692748736680748,0.09524706450824963,-0.19204623021674067,0.22646338264532273,0.163134952615863,-0.43398149933759156,-0.11181041853030653,0.037353176392691,0.8399634677419843,1.5648793622457111,1.329861512165085,1.9593340326902704,1.213776578411881,0.9947549576902693,1.626017418099275,1.994292046649717,1.5423315280141268,1.932442956501202,1.906570753206289,1.495865689989299,1.6040751607626145,2.3280535597712575,2.4377363206864238,0.8459592427952889,0.7205057327498229,2.2961837693081573,1.4374764549527215,1.4302982048495978
enz_29,0.0945078937535789,0.16160978079481514,0.04055945138142368,-0.13318834925085707,-0.5509096611603764,0.07377176403229678,0.0136695931622381,-0.311726694228521,0.20552784090480677,0.06199432967184989,0.1853663097555718,0.16078711986628455,0.2580330225547317,0.07773779590587544,-0.26398362296029215,0.22032428570541793,0.1607088454447462,-0.41355294440335383,-0.08787002533367348,0.046633264403437055,0.9153992713739622,1.6312722434155835,1.4171332440713558,1.912272958815389,1.252379484853338,0.9789477859204453,1.5443515216063572,1.9097277986398091,1.3595733006133859,2.037532766707556,1.9322294249058698,1.4759837067918797,1.5371246341021632,2.411887119022759,2.327461253318982,0.8012852043083706,0.7455853842751271,2.342377822112925,1.4564506594269644,1.4647505363324362
enz_60,0.08334353442371596,0.14595916146397336,0.05696379900389288,-0.16297609770717117,-0.5036216939091929,0.04787120357060503,-0.013886835235794336,-0.36918936556661786,0.1715954835957467,0.0772284335068895,0.19125756091826493,0.183053459895394,0.286001065355685,0.08952270504172963,-0.23659513016517877,0.24999545282227154,0.19210268803276262,-0.47765708867306483,-0.06087644417745737,0.04990810780354609,0.863985569388281,1.542623915848942,1.3746320525503617,1.7882394058090294,1.3474006875334856,0.9805149957590414,1.5971790405293613,1.8561190102870146,1.525945175240091,2.085825952304249,1.9426047992440463,1.514975632599592,1.6620531323611107,2.3797456042239373,2.3667522108249845,0.8004942775936932,0.7202436963980029,2.361240231873526,1.4242797481207279,1.494931810942536
enz_85,0.10364337015552856,0.1253329673938119,0.06104170186779944,-0.138684465001626,-0.5368011234095884,0.06974852677565542,0.021115552091854346,-0.28181108085274875,0.15182700893797466,0.04266937675489138,0.1819332203621407,0.14266667143650102,0.29343975256014865,0.0906895381710146,-0.24155725273112735,0.21986928699079286,0.17281077437946538,-0.4234117763181236,-0.08861482832780845,0.034092778763444055,0.9156999969274173,1.6648748713075512,1.2721933252642779,1.869024777847465,1.323009271113325,0.9958632416594366,1.6612650281484376,1.8545233376650136,1.45382612725517,2.0442154331526603,1.8844789648787992,1.4399907208530522,1.525594417958933,2.426604146123558,2.5764443314164405,0.8233273233815089,0.6733002113554739,2.550284159984016,1.490071122286166,1.4910561358158472
enz_73,0.10061728263448255,0.11532967829293451,0.039806762012168234,-0.13052416416478457,-0.4679768367752275,0.0553551429812752,-0.0022272941351823583,-0.3686392431915864,0.1589662317059238,0.09475376668615013,0.21235070143185722,0.13022032960696275,0.29962536570916193,0.0882933911722038,-0.27288975556077677,0.22149035200095799,0.19747356528982088,-0.4820428273673813,-0.0866752665480658,0.09669281821910594,0.9149002254619516,1.7530825875393192,1.2330529013277958,1.855111748704495,1.228069205483668,0.9922885919697908,1.729742500465699,1.8663185750797235,1.4122214453470812,2.0444381783330585,1.8575188518285592,1.5412217167252795,1.6128300440986978,2.282161642040078,2.5758186558982987,0.8224171547563587,0.7121933503282639,2.2441419241701515,1.5375785328132605,1.5200340501674725
enz_93,0.09204065383356691,0.18449049934445055,0.06674650651747935,-0.14904566998408128,-0.5522200263027582,0.09326263021016551,0.03157379047741136,-0.3481586037762693,0.1644030891478252,0.05573819724690697,0.1753616145911763,0.17225610125739807,0.2550311735443091,0.08493077923658818,-0.2383592439459387,0.2762602238784498,0.1873989885406055,-0.46485999553117097,-0.12628234836631821,0.03943164008020438,1.0155842615412969,1.7940286303607058,1.3363545879652612,1.8469561923848925,1.349345894748001,1.0654940400141775,1.6291528473895907,1.7800767170893914,1.5483856277029533,2.0340349251576497,1.9870144759495885,1.558556914158298,1.5367760673675153,2.356993091069972,2.6701877362116964,0.9271748966864769,0.7551258860551419,2.466442618603419,1.5634559492639202,1.4562295861392882
enz_30,0.10715047532626407,0.15022556185686234,0.05064884326728405,-0.16578306642978224,-0.4784034205846454,0.06397249703528386,-0.0009002455847994798,-0.302498476346181,0.16491815924003544,0.06351067284621464,0.1781254138597676,0.14318238871143102,0.26622269911368596,0.11346009726451986,-0.29952466785224263,0.22313041985034007,0.18552377837003575,-0.41259129828727736,-0.1073605943800709,0.05699076272327357,0.9339538740075343,1.7607188615813179,1.26963193712602,1.8249587251705632,1.2296574164261873,1.0935375990828764,1.6041902068490004,1.8490211787737474,1.3672145677378011,2.0553254730507926,1.9159605808837226,1.5304697506451364,1.5996500436123653,2.2552519947260543,2.3668391494178116,0.8357118129827875,0.7096171532755681,2.4572719208542586,1.529664007732831,1.4887628223553715
enz_44,0.13175953701119722,0.16522091647464973,0.03268733249524721,-0.06721325079814451,-0.6415579649628269,0.08365987856250093,0.11286120913801641,-0.2743963062702018,0.10600481068495636,0.037744252173797184,0.15889480522281452,0.23355912115256772,0.2675445837536144,0.012512559632298746,-0.14052151441643876,0.26169478967870635,0.20789950825286116,-0.5900588064192755,-0.15403451151009623,0.055739050143756054,0.8831414974676209,1.694935947738864,1.4382584839668384,1.9068875922068331,1.2352424570682528,0.9147399608368058,1.4016581375935862,2.0821795114236097,1.4467722398894165,1.958844532366257,1.8974729567268638,1.3396752170604347,1.5841336988700945,2.4424096383462,2.907704452823324,0.8366490041196865,0.7700411570183701,2.3518983060359138,1.6285696367358895,1.447621440082257
enz_55,0.13531484124202914,0.19693931153182911,0.07510212520099764,-0.11053218419540925,-0.5479977604704099,0.14877845923474747,0.028726669205471154,-0.26562409987710556,0.15020343827143084,0.00855254091837413,0.16742171210385481,0.156513469180221,0.25908334772773056,-0.017903258035596694,-0.2440139137997643,0.26244876255802857,0.20226156812759766,-0.4657566017746885,-0.17771966955846644,0.03820124240912876,0.947312871205012,1.8246573137407607,1.48048497535281,1.8452635767220134,1.5811581319989325,1.0985182536461469,1.5777369458119876,1.884638492773653,1.499832660804776,2.028424334101811,2.0229833925679603,1.5295465715368637,1.6075619846866702,2.5072245700937685,2.752286793796773,0.9752227822118847,0.7719191665026034,2.5371841378689606,1.5282593762099803,1.5543894808714194
enz_4,0.10514602348021873,0.1041876866234431,0.06802470494232743,-0.135542799670004,-0.4959368798417202,0.06185636057019676,-0.003774775286735697,-0.3143176711481816,0.1675475117622946,0.07244140947012621,0.1712226431745603,0.13766082644396016,0.2519755300526449,0.07638566361012844,-0.269328898835509,0.23498893878636123,0.2011395397114831,-0.3898078960381447,-0.09958276867980559,0.05571485087235569,0.8414112510406404,1.683706524306684,1.356015897116377,1.900999203896254,1.3329559484152362,1.0699650335032023,1.7127334261264053,1.7803347196678077,1.3293380372666208,1.9595358800034555,1.867200327269245,1.5304792277191923,1.613013217155534,2.4026944010198257,2.446631699758161,0.8444172037786383,0.7144660662083244,2.3393505709565936,1.5737897566549857,1.502023694709271
enz_96,0.10861509568623709,0.09040992483138532,0.0704888527613479,-0.16103905423815673,-0.4430903224568379,0.0601757442514102,0.002129584141050809,-0.3383079026968642,0.17036154768404219,0.10921957647267666,0.18720665992345004,0.14522782354104954,0.27045107006092733,0.09318022742670659,-0.3113898987619201,0.2313631805743303,0.17285995662632545,-0.42564219175592566,-0.09826299261940169,0.066043118548167,0.9438996031148521,1.7523053731658218,1.3495389084121887,2.0317622444108925,1.2970667967672698,1.037843343755204,1.686141022300911,1.8364014201407821,1.4767506578131746,2.0704164433431607,1.8923367410829954,1.5717845432015514,1.6381092583912558,2.3924571609276595,2.65010103836187,0.8509934956886455,0.7295281731822998,2.2634930660143895,1.5599222631071252,1.5413493516975192
enz_32,0.10002169267787167,0.0733104354625943,0.046485114425112245,-0.15876190000267393,-0.46189860584495945,0.07060588869488174,-0.02019623194082505,-0.34167377892278683,0.1282030265466531,0.09016474044644812,0.19255782716207823,0.1386278822911964,0.29783470376619336,0.08459164411343816,-0.25812207530400405,0.26421880461781694,0.19219779266474213,-0.4135557394535605,-0.09110374269431139,0.0664925212940936,0.9838085844836435,1.7017308456936315,1.3377388000583048,2.0411034914638,1.3021571201414734,1.0351478029351178,1.6293224819910068,1.9195196770158875,1.4879678340658362,2.012916757095686,1.985859396255963,1.510576705889201,1.732721047044227,2.4220305781896396,2.426800305177887,0.9084927220489837,0.7433338172790946,2.5293871828569556,1.469406940334248,1.4917087823625388
enz_11,0.10772175093347813,0.1503659508747658,0.060207492059573556,-0.11929366644348705,-0.549714096004046,0.09250095961760676,0.027023429622522674,-0.2857414429081724,0.20893939348680216,0.026667528988943326,0.15548837136655094,0.16182007746003116,0.254255221734101,0.03361659572839312,-0.23391965558881253,0.209989843383527,0.19188416286034765,-0.4338148260135171,-0.09348690253282146,0.03548981137421292,0.8855495211391434,1.7438788831623475,1.3023632416336346,2.073999215524366,1.3861504723596747,0.9728143076949404,1.7006012826466628,2.030392778549259,1.4023707509425087,2.0792636430668585,1.8230979306726725,1.477219314452371,1.374602765742389,2.5438512783106586,2.565903395873695,0.8276095590475092,0.780961806456636,2.408428219134096,1.6123879030093242,1.4458924278957461
enz_70,0.0751890520005031,0.13801383808401282,0.04909386960418692,-0.10963649668457881,-0.5553960965498312,0.05949401827137911,-0.00014371607378362093,-0.30211422454509024,0.19785932069391537,0.07355732684366381,0.189888024149189,0.17041869079608205,0.2703817276281462,0.06178753531543571,-0.22684652901557212,0.21568917971125026,0.16729934171597746,-0.44181491770913844,-0.08224723880595387,0.04952729457020611,0.8843383876080494,1.7796655697090207,1.4148164534619454,1.8948997021751466,1.3112792876284294,0.9966262231817643,1.5502156518938859,1.8032598721296982,1.4206871010428717,2.0195442444059513,2.007139424793823,1.477104776479067,1.5578757392564393,2.5144779144198024,2.371377480606597,0.7775978269732491,0.7626681752009941,2.4427363324500746,1.460970797361594,1.529702790786432
enz_77,0.09330117736401672,0.1375688174226328,0.06171085814475925,-0.12505449072747546,-0.5462522429876979,0.08266427626334254,0.028111791338580827,-0.33157529630763904,0.1635710286742255,0.059757212888979915,0.1796847315937214,0.1384514585057839,0.292740770833286,0.06904192470837865,-0.22259679493323986,0.24593627126001025,0.1928093148794846,-0.4502156419070101,-0.11726734721743677,0.04761218020329724,0.9196822808284939,1.6513973371962791,1.2548259665372494,1.8948185662697907,1.2381940816149215,0.9320898889880751,1.5357853864174118,1.8304552567168426,1.5043397855927307,1.8795024377302862,1.849182971203048,1.3868670821839753,1.4828431027684048,2.320936614053316,2.4548868534626944,0.8292383721316073,0.7667890249162539,2.495025389332371,1.48525473902143,1.3910713871005824
enz_67,0.13192933806921273,0.18345197980119893,0.061423147436234185,-0.13632021881852868,-0.5218125764082342,0.11769918362210076,0.06749354192801155,-0.3682116155710632,0.12321204711476953,0.052716238395383926,0.15113351638266723,0.19493605190328994,0.2504858027478772,0.03038274805672042,-0.24388975204922964,0.28544839269816846,0.2189386125226939,-0.5581592185081844,-0.11653647358895178,0.07567925426586233,1.0671703035944005,1.8848340605804978,1.3138326806873644,1.8262521197162018,1.2884621701597865,1.0000756747534227,1.6889107148572229,1.7477666552285775,1.470079902515934,2.1499904864322166,2.0644772157191187,1.4873973527455615,1.574419018950343,2.351578890447293,2.749958996817707,1.0363021499924192,0.9089877406290386,2.2179628885911042,1.531080939039023,1.6316973470438203
enz_5,0.09539328693509981,0.09568023245379681,0.07114901850302005,-0.12715013313716833,-0.44240313521533814,0.061785008689722185,-0.008379607447703328,-0.31470086717298246,0.17225261462375063,0.07658265191781102,0.16945609881640186,0.14795113760793532,0.2598298371187271,0.08277739736561963,-0.2989591416855171,0.23053889699955118,0.1852851847473361,-0.4281039956908604,-0.08711122383991718,0.058126738410714994,0.9064802788459085,1.7721303840452591,1.378634251167789,1.859987480717669,1.338106697857245,0.9769514529608876,1.6366158500767745,1.803648234950928,1.426536388491546,2.0689597506674913,1.868943275745106,1.5917173629426697,1.4920784032291556,2.430509388488858,2.59648673551388,0.8546123799697521,0.7671020858031673,2.3645391488564957,1.6087228725548601,1.5460906414192574
enz_68,0.07443049071120914,0.09160664812682712,0.04049155869051729,-0.1561305626970511,-0.4977259581007329,0.06114998409851678,0.003407802567865091,-0.3351495114229254,0.17140373800934552,0.08383341628094622,0.167350142824984,0.1575732661947486,0.2895003460681916,0.08608073192999076,-0.2288536908715494,0.24658463062247502,0.1661654047044863,-0.38532780720170845,-0.0830741185655722,0.04668348802943562,0.9380743152109149,1.7442750242355616,1.3743664278618575,2.0015455629532215,1.2606749129320414,0.9517319856130437,1.606846583488925,1.816464069247204,1.3514050723763769,1.8960343622600593,1.871550784697162,1.4828121838222728,1.6037191546777096,2.312804775951721,2.674810037348536,0.9276729064292568,0.7404379826826012,2.2596437810199785,1.668612850632275,1.4023301359159939
enz_84,0.1275757705904376,0.12220101744228347,0.03593061556273427,-0.16840720226720396,-0.4723217949055526,0.04922366166634136,-0.0055302941475834635,-0.3642001917800785,0.16532231252415094,0.11020479561084895,0.20967954330582636,0.13905267334188398,0.29309457517954557,0.1125927531961224,-0.27066399129918156,0.2327176387177829,0.19474601721856263,-0.5142690996787936,-0.09171555939134664,0.09476675911321956,0.9164989988629745,1.6092673225715188,1.2882917732030357,1.848917176833844,1.2751203893485603,0.9799134833855492,1.6069490334171501,1.906451992484447,1.403514951553269,1.9800351787076327,1.7528834215544615,1.398697773796075,1.6009357210600712,2.43722560814203,2.567718445533213,0.7722357179421483,0.701331091005341,2.1463988116951187,1.46783607091987,1.43218283254282
enz_49,0.09702512029022581,0.16155502395417615,0.05221168163863259,-0.11594615857186151,-0.5355982128876757,0.07035459539372393,0.01956107698831581,-0.3212920858889111,0.2014342168543609,0.0576694582604182,0.15989047567416584,0.1583618792928588,0.2567592473406466,0.059315438893410614,-0.2676526266786879,0.2174294775941175,0.1667354595542883,-0.3916818330227898,-0.08729814725237359,0.041165912572958374,0.8650221929968076,1.6321632796026055,1.3919906931970067,1.9251431968142045,1.3459659102166863,0.9779359661456015,1.573907080395507,1.9207156158990786,1.4993976705084242,2.013559797844293,1.9471701727180206,1.500048312565046,1.5352277052227274,2.4918730440138237,2.338944969405664,0.8082494824902761,0.7396392298359604,2.2226829937563357,1.4808108160383089,1.484898783049461
enz_87,0.08242288876108005,0.15458687301069307,0.054583408750083384,-0.10844337828638947,-0.5560295317093901,0.0756502989067698,0.02433513286973339,-0.3013990951122476,0.19210095050060075,0.06311304579993901,0.18170622674914844,0.17301955957937987,0.23930583618488438,0.04915845892337533,-0.22712353828188306,0.21938077543085094,0.17314799949036486,-0.45632240706024796,-0.07518253530112645,0.04198903079438072,0.8852555196948015,1.6757012988985542,1.3621860396983159,1.8283203435499251,1.311921277039419,1.0482237250917694,1.6333851997663518,1.8936451883326515,1.4537302761324593,1.9712248551705582,1.8555344902015758,1.5004920927827365,1.6246137590003686,2.6159240549437124,2.4216242216378436,0.8609532656918327,0.7669341117219947,2.315555688294584,1.44280175846069,1.4654710846632584
enz_71,0.10861509568623709,0.09040992483138532,0.0704888527613479,-0.16103905423815673,-0.4430903224568379,0.0601757442514102,0.002129584141050809,-0.3383079026968642,0.17036154768404219,0.10921957647267666,0.18720665992345004,0.14522782354104954,0.27045107006092733,0.09318022742670659,-0.3113898987619201,0.2313631805743303,0.17285995662632545,-0.42564219175592566,-0.09826299261940169,0.066043118548167,0.9438996031148521,1.7523053731658218,1.3495389084121887,2.0317622444108925,1.2970667967672698,1.037843343755204,1.686141022300911,1.8364014201407821,1.4767506578131746,2.0704164433431607,1.8923367410829954,1.5717845432015514,1.6381092583912558,2.3924571609276595,2.65010103836187,0.8509934956886455,0.7295281731822998,2.2634930660143895,1.5599222631071252,1.5413493516975192
enz_18,0.13344444622917892,0.19837313946279797,0.0822199460430961,-0.08447542417827199,-0.6034677387735834,0.09506767517819217,0.06616982918031951,-0.24970990891663145,0.15511675969102237,-0.014153981128931752,0.1328629249281206,0.17635889335874083,0.2409996196606166,-0.0230621853088847,-0.14680144474953366,0.24760711323364257,0.19428522216488975,-0.48281505948294917,-0.1355982973168049,0.017578470724973327,0.9829951877277903,1.7249162236119893,1.288777448712375,1.925870096314632,1.4452668151226908,0.9625098422403351,1.5861661748716056,1.8068404255746107,1.5796462040166,2.021059893024859,1.9524688807622945,1.465682249771019,1.5176162334420398,2.539688461898343,2.5916032332747396,0.9028604186781802,0.902226157527354,2.4117573893924336,1.6013390985479687,1.3953221995803753
enz_23,0.09433098704806855,0.11689053760565868,0.07349360851232699,-0.1414253176596969,-0.4451804963052521,0.09008429214422572,0.014098249707355712,-0.3492070146771272,0.20103438564893292,0.05978756218944921,0.16526522532891913,0.1461718938757907,0.2680957766623695,0.03260908943109253,-0.2712705845907777,0.23359479919194712,0.17528506917675207,-0.4358335983740761,-0.07840064850371627,0.0505761835877567,0.9315205992139186,1.7715032540681528,1.321774650073681,2.073703019858683,1.354875066638795,1.0602789734676272,1.7736145489816657,1.8556889769158273,1.4538924653118024,2.1270393422914657,1.9281396910464603,1.584631996928933,1.6945128899896886,2.3386270832222,2.587624888286348,0.8666909078953127,0.7455546995086707,2.1942841942015803,1.6876856006489311,1.5747384024577022
enz_39,0.09400039244628401,0.13754834077347913,0.04112744502752804,-0.11500089300286516,-0.5279679971482721,0.09404996480824347,0.03338105840456729,-0.28902423528964905,0.17200486258309403,0.04967084906711129,0.16382088398347397,0.17199231141836432,0.24531931016276348,0.030638849936974587,-0.22261620145301414,0.22314211202639828,0.18308259009865924,-0.4152808515505804,-0.10985035759472755,0.03996156530216733,0.9224224336891143,1.6512797074544112,1.3290284323434727,2.0477298629568716,1.350565772376229,0.9741664931656325,1.5927504497575473,1.9497932269861757,1.4864444521380005,1.9514912841289682,1.8586594067417623,1.445877893743871,1.5067089951907282,2.505201363438038,2.519999018099791,0.8352797374617406,0.7317984678956972,2.2607355902665622,1.541370015532755,1.5199985660741475
enz_56,0.0991219715115291,0.13443904110743574,0.05999648152854624,-0.12659092446203463,-0.5409159572691139,0.07519987577262192,0.0036409986370621902,-0.29496231219034535,0.18872877185822098,0.04061108858360025,0.16319396360239127,0.15384978471815794,0.2523317133563053,0.06985717590097816,-0.2519308338106783,0.2389866034819871,0.16289915315740724,-0.3810974067689764,-0.0804638251703547,0.03310463645526043,0.8946217320596387,1.6364966450159864,1.4378519431807815,1.904482874721982,1.2941023374498508,1.0125569457478591,1.6729508341445545,1.8526199100026801,1.568991283965761,1.9026039217662607,1.9165291163223832,1.4982974050918156,1.554744973750787,2.305570119979873,2.500095856424615,0.7910858554257795,0.709025339069836,2.2332429422843085,1.532584403127417,1.5190522947830858
enz_34,0.09605343990215595,0.13359898927664304,0.057273567218867845,-0.1352489279873021,-0.5473014427761673,0.07523511609715337,0.0261250817956523,-0.3351142589238823,0.1695798127935268,0.05375391621532479,0.18308331776985332,0.1374304216891803,0.2713354093430653,0.06498646402580464,-0.21063564045655575,0.24605031202220679,0.1955220283039874,-0.4355167068473874,-0.10321084128490514,0.056999941822778635,0.9098818408073454,1.7345692973864244,1.2701028709102458,2.012179298523751,1.3229664336426705,0.9470532605055041,1.560680513850917,1.8543777567773845,1.563451681587505,1.8892161349497063,1.8134784735252485,1.3889035854331382,1.459413639004101,2.3351581228315847,2.4564673618530826,0.8148765204490898,0.7702549249594769,2.5053012599806905,1.4994356389530363,1.3808440258739278
enz_27,0.09834632857277194,0.1271183393350082,0.06551121077566036,-0.12982550460418238,-0.5507446686679603,0.08186261268561983,0.018873916888401152,-0.3431797692576975,0.1694323491427309,0.051391631400279275,0.17950869326074168,0.14079103978557259,0.2637532965779132,0.07516038453665048,-0.21790484202367835,0.2503844102973881,0.19845630619372656,-0.42774369367553045,-0.10683043378224652,0.05563839255883079,0.9216607023828713,1.7205427627967056,1.2913668477629103,1.8461984516812933,1.3108754940038807,0.9436977528945059,1.5757586148919362,1.8632923876279104,1.5556160891922335,1.8837935485627206,1.814579111281863,1.3894422645297875,1.482855019371595,2.2770996902449623,2.426798807567614,0.7919012378882417,0.789684790535303,2.461887648389762,1.5022720239460658,1.41559531876398
enz_79,0.0847954035707505,0.1350651851034633,0.04257411221452493,-0.11481688935410557,-0.544425408789215,0.05940928015681184,-0.0017130587944683318,-0.2876291596814823,0.1825460070960103,0.0686007147370709,0.19691932600164147,0.14427989398550328,0.26146336406222453,0.08951815304636598,-0.21793256192508229,0.23098557720713037,0.16980557327676876,-0.43469326068813013,-0.10926716811744261,0.04451491689166041,0.8591557771102464,1.705267947168804,1.3477323938080448,1.8997662060506704,1.254418273707893,1.0279502187897722,1.5739593000891083,1.8835197808766548,1.5366364717623207,1.9016567377378393,1.9149991722685804,1.411155264241473,1.5680996763822046,2.4398948634275035,2.3942957076973035,0.7513577212018588,0.6898863097449085,2.308624613775608,1.631945765991122,1.314662471020853
enz_89,0.10564427060206855,0.10604887941172536,0.09863109614354135,-0.14111499876538688,-0.5027451230419109,0.08027414228716986,-0.006212945068971951,-0.3190994269451704,0.1331710282065654,0.04337411503742753,0.16526581513612865,0.12774334295716427,0.25144116166862124,0.05676384150391514,-0.2148038929851166,0.2698670845962633,0.21225462321601726,-0.4329868420316375,-0.09221216836258596,0.05869599643417223,0.881865710521263,1.6522253176603756,1.476747211950821,1.9672986311241412,1.3971954259837889,0.9856669600292421,1.5476119651645859,1.9105090002571967,1.4524204610500941,1.948983593493025,1.913657326056489,1.4585767455301546,1.5311362915031312,2.39838144857577,2.581091374762509,0.9088216580526672,0.7340954163779764,2.3494033508471928,1.5462661693592719,1.4414054719575584
enz_6,0.09170095501093531,0.10233656658662156,0.05899818629572024,-0.14321458591151975,-0.4672728575378223,0.09053618168091133,0.004018883505097906,-0.32821807863489577,0.16254642093449867,0.09206527210327335,0.18837917594948078,0.17793074402672357,0.2691272820023188,0.0711813463031094,-0.2662692817440692,0.23533038356412622,0.16592268730486398,-0.4623935189568291,-0.09857821786565366,0.055872455383109094,0.8687483727733921,1.6589073115587158,1.3230276303559307,1.9607570112097872,1.3238447504676358,1.0319085152334038,1.6609221494771829,1.8142119726523385,1.4624416396089137,2.0007695858568115,1.7904668336148635,1.4886398129348184,1.5769323784876814,2.3494579598268874,2.4298427277404273,0.8778441793844862,0.7191578629552176,2.069532233897558,1.6195188983732223,1.4531968188684425
enz_26,0.09176987716340174,0.14072016350602062,0.06113368244973937,-0.128025121151351,-0.520842628266615,0.09264867314176704,0.03969645254947136,-0.32060367415022173,0.193997303143409,0.053129051085258755,0.17967789276902849,0.16702694297721643,0.2536151939822303,0.045693685527382615,-0.25674347250949386,0.22565991353327697,0.16811201363325928,-0.46867726629467366,-0.07011602099114284,0.0521273379020365,0.8873983373278588,1.7096403253031782,1.2855910608051568,1.9224841246090012,1.2803153184393594,0.9788619857003156,1.6483201598746258,1.9081582000795998,1.5104256415724335,1.9618728077943075,1.8824476402649006,1.5320808154418923,1.5319599221026192,2.5422913299163263,2.283144493634171,0.8254582733156909,0.6886714004516757,2.3427550398613275,1.429369409429472,1.4962145958141617
enz_86,0.09898848268227532,0.10465095026186046,0.07366964721637514,-0.15497894131551246,-0.473241283411289,0.07154845858460514,0.014606382315490999,-0.33340100701283815,0.17693114520936812,0.0828154887870335,0.1687645918603317,0.13980843260444717,0.26490400348596804,0.09021140414501796,-0.28382011200371454,0.21857789780356246,0.16995260242038027,-0.41304604221101915,-0.09276850605046005,0.07582640462811686,0.9507941160539939,1.8023950650045923,1.3667978399250968,1.971797904961159,1.3445641873532155,1.0249848005572268,1.7115258610753394,1.7921300783885525,1.3769465595247503,2.123213055581857,1.9402584899561615,1.6352077949591444,1.621959473680122,2.41780575535694,2.573353533332038,0.8412931153462414,0.7205048641914413,2.307805779327741,1.5478801622739422,1.5657356130381157
enz_62,0.07850747540847687,0.11662483784909246,0.07004943585123445,-0.1428986736023547,-0.5140263637291698,0.06582732817936351,-0.00854939156572252,-0.3142706668536968,0.1566429201674474,0.10064789331047054,0.169635256316586,0.16101537336895128,0.27551933621818037,0.08857557291852414,-0.2714180630245013,0.2195798568251223,0.16362953267570182,-0.4167531829219853,-0.0671007701460279,0.0687622927543082,0.9315969097206458,1.681009765795673,1.283773039766129,1.939933850679342,1.3307664688504943,0.9529211240071029,1.61122128886065,1.8873600062882667,1.4702420884844458,1.907521721416187,1.8675231368993765,1.4839313408445909,1.405778144715475,2.324849815482189,2.547918858811579,0.8310853148621687,0.7007226345452358,2.3350709405770433,1.5509559660524594,1.524827367814621
enz_88,0.0937594617359503,0.0802455081542456,0.06554490849893496,-0.129797373432941,-0.47274413754479144,0.0711364974303633,0.018540926545767205,-0.3252865185167168,0.1667890657521797,0.09601004938309447,0.17321190614869966,0.15430147955674864,0.279347548427724,0.05022098521013812,-0.2820032147814231,0.24205109638287217,0.1778901534281943,-0.42019787539043174,-0.09031821199549703,0.05129774500688925,0.8643053112762611,1.6636598547879844,1.3209730791599554,1.9717959722493337,1.3431546746825598,1.0279537468971423,1.7366439201796295,1.8187235294286999,1.4460184607517184,1.995337193169662,1.9487175299769413,1.407747880057043,1.6597467412579736,2.4404199696763667,2.426113218143846,0.8502559489315525,0.6936158811599279,2.2854099718133587,1.5505470165268427,1.5295298736988592
enz_35,0.13625474088723724,0.10191942604025317,0.04456078388705905,-0.16146764909382683,-0.47581203166257174,0.07822090922531581,-0.014209717454444609,-0.35765908696113957,0.13705928414831836,0.11193563871376934,0.2132312985314185,0.12167477627562136,0.3258917419071544,0.10665727711155694,-0.3102601435958262,0.24050217687237474,0.19587992770701168,-0.49626546942212835,-0.10326800126549242,0.10515411814833907,0.9573113684558799,1.6209174839560112,1.276810439384084,1.765630432157811,1.2270892289699307,0.9706334998474511,1.6037791425218566,1.8359612421922353,1.3201786641105686,1.9917089595476933,1.8052047129214812,1.4388117943460481,1.5439321737146718,2.3271170385667634,2.521700678721779,0.8510626706258166,0.6866077437559231,2.3299734821872957,1.583756827684752,1.4639577489144215
enz_8,0.07189594191250397,0.1190855118607083,0.05340357186793707,-0.12367204521107819,-0.5250443729972993,0.08730087261471889,0.028208044174834506,-0.27556757706030055,0.1735068749747746,0.05753663924757137,0.18489885995440036,0.15324142771034283,0.26653354357922004,0.0344412325035448,-0.21985028156241002,0.23390758064166411,0.16202617302633088,-0.4253674926061901,-0.10299757787516503,0.04651307324389177,0.9176633095943157,1.8156582578305538,1.3452138602495907,1.8859074159623401,1.3196435097147938,0.9903986889391864,1.6893442278169999,1.83829971959025,1.4989546554756086,2.0169914509658637,1.8945787230189264,1.4534325261986414,1.5412475034380897,2.6121485611398714,2.374244507763852,0.8457157350809158,0.7466295315382494,2.422010164111537,1.613563367923967,1.5122557955237041
enz_75,0.10294949710666029,0.14645508292671258,0.02152378016378863,-0.13980582616483947,-0.5286039330752923,0.07277939985596954,-0.02077607940395921,-0.2817741521422743,0.2128297538298022,0.046575841489917655,0.17644556182826684,0.1145717013190561,0.24751384847174726,0.08183630300107075,-0.23777673864650886,0.21014127682064193,0.17165965063115957,-0.3999213956204315,-0.05617846356937292,0.05955489117788499,0.8827518491811823,1.707136609237164,1.3954091018967267,1.9348313297310358,1.2834718683789588,1.0084057852468091,1.676769062408903,1.850843113936738,1.3731613319724199,1.961505345145036,1.8484700562799214,1.447534059719278,1.7216570208273752,2.476266679374566,2.390915970449104,0.8334884206961973,0.7238482175500623,2.4848486926560263,1.4554676885760172,1.482149068363344
enz_57,0.08275653641081349,0.07768678848248366,0.059932050894284765,-0.14378062290659532,-0.48184476667185144,0.05778878939768996,0.020645671127068735,-0.3362433817384629,0.1508612281722631,0.07969494771626143,0.19747486835752337,0.16063921148209387,0.2637470266583142,0.09933549451323742,-0.26187646919410196,0.27001201653982615,0.1843326578596713,-0.43868201327304757,-0.0873917151121358,0.04491168128466406,0.8432968535018243,1.6536851857940573,1.378531296315868,1.8991902678026573,1.27790634600755,0.9174214682468126,1.565368079655116,1.7016664439459053,1.4157387344051353,1.99659008199675,1.8208685514046372,1.420634464670654,1.5479930670144257,2.329202338203371,2.5967716374497773,0.8694667805419107,0.7665050884354482,2.2554598298009987,1.5108333953263842,1.4880031574627153
enz_41,0.05767257398509924,0.1554471860765765,0.05527373420283402,-0.1175094937109569,-0.5365861504497937,0.06630498359059478,-0.0024456150169647767,-0.3234824832180205,0.1814982613533222,0.05076030311905517,0.18970682893047702,0.16592943833073426,0.2835897289239102,0.11541948797105077,-0.24312000961918942,0.2152153652707947,0.1671093112232177,-0.4454057670728566,-0.08010371309194408,0.04472602920205905,0.8625687251605931,1.704861781662161,1.297103028715383,1.926725765064402,1.3171613894349443,0.9875607918520056,1.631936178692858,1.898713823208763,1.5350520263424086,1.9608959329006856,1.805432337287462,1.4564722092521054,1.5495299756936833,2.371795299829336,2.7373729457830582,0.8583084301396618,0.7208105226754915,2.6453600372489845,1.5412909593228663,1.388553179522726
enz_1,0.10956133749425397,0.0966471619334013,0.07610136322977312,-0.1486779209340785,-0.4388010634679647,0.06515578672847826,-0.013778657375426192,-0.30003023470944007,0.16080307484160236,0.06137739393451083,0.16874249204118416,0.1338514966256959,0.2757429663307747,0.06757064281075276,-0.29265431825143645,0.22990246629086483,0.18460080952165264,-0.4245732292816342,-0.07376116805753627,0.062219600294572505,0.9586756132414835,1.673590332150989,1.3998369808287363,2.0044861937889897,1.311518660321522,1.0105396902235293,1.7645164130919258,1.945642954900655,1.4518024057875187,2.100915460002739,1.9687775394632596,1.5696263338522856,1.6499922446358644,2.4461037948924274,2.4969388111120034,0.9304561094164407,0.719433914993042,2.2144852250274734,1.5690872372499185,1.5420534837459032
enz_0,0.10073023360447916,0.12374344796928485,0.07249503480942389,-0.12325730124316966,-0.4793283134323923,0.06340487989763836,0.004710318227576917,-0.3295504942922884,0.16801722000280395,0.08542035131734851,0.16353274538347323,0.17027703548374487,0.2765664309104091,0.08520545069773725,-0.31561107100700003,0.23029383568460562,0.17052610854139233,-0.429444298809723,-0.08985531134178364,0.05212369759643952,0.8918821560000455,1.6472830678632326,1.2993355762490812,2.0331508744035927,1.327349033188617,0.9565353609623273,1.6786401819900516,1.8103808839075222,1.3759147763077957,1.977468192891957,1.9150776512497123,1.4333714707363943,1.5598405363900096,2.2791428746628846,2.5278728074789543,0.8722783626271332,0.7184567936600083,2.256825492012913,1.5287732139016263,1.4811416954325565
enz_58,0.0864481418948067,0.16554698814072105,0.044490706156578456,-0.15899922868011546,-0.5135504279294081,0.10206116796864481,-0.005501585462834972,-0.3311416245917615,0.15340046859766265,0.05455321261918575,0.21572683703704296,0.1759663539685523,0.26407207103040176,0.08909353963914794,-0.2325087521740529,0.21850859395825642,0.1672561827686681,-0.4400514980865877,-0.10143818543937931,0.046067038584471275,0.9349152331282103,1.7257180269071815,1.3738197546250632,1.8403438273809252,1.4152323678725445,1.0414490365233913,1.5796947629824558,1.8317222588954538,1.4263228179015421,1.93507035571641,1.8796661109108526,1.4772459713729358,1.4791378346187856,2.4297148853103376,2.2516798826138587,0.863638898820325,0.7891108571671861,2.4649619998054177,1.4321860158714832,1.5237904919980076
enz_22,0.08099793752130273,0.14311803158435346,0.06864354986632687,-0.1290387586964729,-0.5567655554827718,0.08127240200324512,0.016934532591936793,-0.3307470673727999,0.15961432226645694,0.0660405968337756,0.1799349450801473,0.13683153136578372,0.27676230186362694,0.07512475303236721,-0.21513462305773903,0.24773315676827137,0.18776963847870254,-0.44824345199145377,-0.09696740714584831,0.05611916449078789,0.9318583231526921,1.7376108484174289,1.2761976284993921,1.9070881868684546,1.2611340260745194,0.9359783654144538,1.5305286250109449,1.8284514976745037,1.475898071043436,1.88210059227022,1.827387188155418,1.3646579275530248,1.4865231289895515,2.3493105001184125,2.450436937155615,0.8263050021808369,0.7554640195331581,2.457922873566855,1.429217526658851,1.4006086692345727
enz_54,-0.020544958788110607,0.15718932314651846,0.02560032106901229,-0.0696930283076551,-0.41218098223011823,0.05859781612568759,0.01156906755128843,-0.41410876763189447,0.24636425918321114,0.01874171041057988,0.09347116817701846,0.13983536337319905,0.3849346194788206,0.15574442160884347,-0.27393678158344875,0.12168636052477144,0.08650857245511158,-0.17443816202615728,-0.07861165234937434,-0.05672867018730339,0.9694870824881665,1.6544380476193228,1.2550951344398766,1.842770343793006,1.459439580082209,1.0819054713838374,1.584349301117452,1.8444945170974103,1.4773781145322646,1.855315194287692,1.9037454074162001,1.4937860351112355,1.4836554530884671,2.178214844898099,2.482646007003247,0.852434906367159,0.7194462353482967,3.1736496612220955,1.4276867550635093,1.4145535722466536
enz_19,0.15435637329667146,0.12202372180179234,0.024970308024528612,-0.06495508357564814,-0.6788364768444495,0.09653214986067288,0.1088950563964883,-0.26527965951786203,0.09368170726441875,0.03191967013272158,0.09377243783232864,0.22039186819566886,0.205352293180613,0.04796243682732793,-0.10446663571341182,0.2960329875170927,0.226452004423284,-0.5335307417359996,-0.10535357642938083,0.03007915906314204,0.9281610980020035,1.6522804837362286,1.6400232616157235,2.075141017624506,1.4878341450713335,0.9282510617324256,1.5527339283896588,1.9645677368865797,1.4587543496649893,2.086240566419141,2.0870870207044745,1.2527538285640598,1.819115986049821,2.4048832676018077,3.106657593470919,1.0465616489514855,0.8605129136983187,2.5589525000710305,1.7332398649351952,1.403743817103926
enz_40,0.0797226175332502,0.14595372275461146,0.09607469335018676,-0.1187319501640733,-0.46977312107204583,0.08757287387658924,0.0067055787649511955,-0.32488318988212345,0.1717438444283777,0.0715895127588597,0.15503961337498273,0.18277900739251218,0.27149541041716185,0.07599021091221801,-0.26301565013823913,0.22220289798281811,0.1584886513979701,-0.48641959974467136,-0.09547861782480543,0.03294349388147004,0.8410201358324787,1.7800383758301772,1.36317950640439,1.9941082510610202,1.266668595949211,0.9842393712955823,1.7049392028902233,1.9079441409054445,1.3852015060210827,1.984415018414685,1.8716411249444727,1.5265776811865,1.4682847482333112,2.336019306825737,2.3272337535147534,0.8282202205232437,0.7579964052315408,2.486360433253342,1.4243621778392186,1.4519307297203778
enz_65,0.10225444392558426,0.11878086621985331,0.04412687650509454,-0.0996530997029658,-0.5476796648512173,0.06365064031946244,0.007952970266002083,-0.29448056226834085,0.1863369889290646,0.04588736562392867,0.17680363789024783,0.14770731388907093,0.2680740697768194,0.06534304355575837,-0.2552998696832228,0.2252718407336364,0.17563916975815494,-0.39057668443404714,-0.07522720300870887,0.035087856555825976,0.9242705127429391,1.6759309790170587,1.3865455600880217,1.9197854759207,1.2904474230805703,0.9977374317689875,1.642272870117396,1.8718982942636848,1.522147242543594,1.9664008371084158,1.8707078270762592,1.5176055449463095,1.596074914463477,2.4532578456885727,2.4518399882672615,0.8412198385100096,0.7223872428992112,2.265387754478783,1.4562502408968263,1.4873530565417148
enz_12,0.10736631733748687,0.17870263357860214,0.07124419032175264,-0.09098516418366544,-0.5791153285884364,0.1156415477205159,0.03103487407459981,-0.25522095074293283,0.17991253740310006,0.01479326465067142,0.15984867957296414,0.1481748179665251,0.258399505656551,0.019610571623186607,-0.16135510993605795,0.23153811508023717,0.18557275995786848,-0.47574275360143725,-0.16551378230962588,0.02609327441809342,0.9064880729750291,1.8543389581783514,1.2772187549839342,1.857673174537007,1.4539669937149688,1.0588459945743707,1.6158391837193902,1.8088006770688305,1.470205653856766,1.919464054776209,1.8882013757156413,1.5396120137089455,1.5119741924757644,2.598144625803319,2.732894905126007,0.9209992826459003,0.827171011955306,2.45425875426195,1.6757276395839542,1.4130435961212673
enz_16,0.10950669305863824,0.12082282943165504,0.04940307387752992,-0.17435273945606344,-0.46634177758655404,0.07721468877595357,-0.02377344334865823,-0.31690688080239093,0.17362140996654896,0.0540233208608444,0.18039058014461665,0.13196475670955393,0.282630804606318,0.07364570907022625,-0.2355059055234233,0.24680044887096728,0.19254888886579286,-0.41866156990890374,-0.11580849057907697,0.05877760296642725,0.8972192485643822,1.6477876903277464,1.4153141207047026,2.001396728718308,1.331860349777472,0.9556383368871071,1.7459111154289837,1.7706716730495324,1.411695068605637,2.0662811530499168,1.9327955872309501,1.4946788147338061,1.6192864148605148,2.446439209602105,2.3197956037791934,0.8154228650571191,0.7252537070945475,2.519929411898591,1.4858507841969555,1.4528303828001552
enz_13,0.09386952236478846,0.10066425356481604,0.06841598302374576,-0.1216886470697868,-0.459208369657888,0.06382193555468305,0.0060790351582108906,-0.3292834824656448,0.1674668155419028,0.07627402345151044,0.1793864042333749,0.1572283949361879,0.2803392799341602,0.11065902956085463,-0.3108830326509347,0.229736942843623,0.16860256897583478,-0.44015458229644894,-0.10648407111822207,0.06515799611523257,0.9523512905928236,1.7514653546315306,1.4148450204746086,1.8854898698813511,1.3649752968115376,1.0086390483980663,1.693186954585456,1.769082484865328,1.4364804276187106,2.0107992730319326,1.9094256077824536,1.5472814146480793,1.5809434111216014,2.4025295504251565,2.6242047747493347,0.8987980270141496,0.723946717001167,2.225201277822021,1.6518367249592907,1.5585861529777185
enz_36,0.1072031785210689,0.10269740272770937,0.04220553774577958,-0.15967006493188685,-0.5165897675341479,0.042553982543953754,-0.02715712478538582,-0.324452372312729,0.13143436210870982,0.11001023561226773,0.2385110752429899,0.13975106138164706,0.31834387406369796,0.11292590990540251,-0.2679110631329415,0.22323522953620942,0.17865522619959956,-0.40201680041454463,-0.11958777954659933,0.0698578970691995,1.0114614104822175,1.736625438410683,1.2962780021090632,1.8475772932283148,1.4352008546768296,1.0562148210455704,1.5998156944674662,1.8147927607432737,1.4747267035820724,1.881901791326687,1.9803857837720353,1.3924770379090328,1.5516287009273764,2.4404007248361355,2.533046812134011,0.878204279951356,0.7443933480652285,2.542092737128488,1.6097886634051348,1.4396304098058308
enz_48,0.09027253379856533,0.16571579597760147,0.07992069454324476,-0.09238610130405842,-0.5796356836285188,0.09786871500345212,0.05681527935785514,-0.3615617215955336,0.1745384340016549,0.048281641243828624,0.13008863074981913,0.1505029727210769,0.29027837516138716,0.0640473370283058,-0.216533800857874,0.2462399929186283,0.1375582176685216,-0.37351524109765555,-0.1287749403228255,0.020278868632524674,0.8691677765911927,1.8373630521116693,1.2523591130277298,1.9618882970817917,1.42719957024848,1.029596451432252,1.6122617979482103,1.8218178836469041,1.447886767890195,2.0727482516339766,1.9122683899749797,1.5321656471176328,1.7410414699932988,2.54835865692432,2.531182687157165,0.9425637954115469,0.7091492849926561,2.39330569607179,1.4009693784207358,1.4297933004355086
enz_14,0.09838046040340072,0.12055817293763625,0.07098283045197097,-0.11306850593076219,-0.4720900057472956,0.08305569103075666,0.014242583277055413,-0.3147574991825809,0.15030324890027857,0.06173661379216361,0.18411992595350665,0.15274393753590845,0.2798077093981664,0.09655562487947886,-0.2882798049065143,0.23745092590534267,0.17074996939168552,-0.4885035455611019,-0.08775597576978036,0.04376764324068455,0.9250232396311066,1.7255157247281079,1.276163869506799,1.9325769771858885,1.253685661450692,1.0680597448662423,1.6242712150446226,1.8318625897881904,1.4736476148849071,1.9782839372764334,1.9660910306067614,1.5212829335902354,1.5820295723892264,2.3761546260058974,2.5096340728415667,0.7623545549846353,0.7271586841125989,2.444667122321196,1.4292785334121005,1.4990550447256081
enz_37,0.09057591677799944,0.14771588607913977,0.03013822892257077,-0.13571090981842998,-0.5687269154805313,0.06598117735469476,-0.0014560168389933922,-0.31958967404959554,0.22659315218791964,0.053405170150844596,0.20256781087817213,0.14318402488845772,0.2869991521746417,0.05638841459572645,-0.23598766333863536,0.21089745687113362,0.17308438542740046,-0.42365715034926466,-0.07314349471457368,0.07074104828132283,0.8569136942931973,1.7983747545351674,1.30433733796362,1.8904872786036226,1.3475185097895614,1.0275297335423128,1.6071257332972686,1.8219822114182025,1.4067819833460777,2.006428307792602,1.8235972299078516,1.4218643792740078,1.4179542751295269,2.5860223206989414,2.3910040533993264,0.8402872831418718,0.7495347473728474,2.5226557475288924,1.525716777810112,1.437601239823476
enz_98,0.0803815775364346,0.08317921535357872,0.04232984812544517,-0.14727497106878457,-0.5093825435090179,0.05877073442505512,0.018249872845445318,-0.3338045704657405,0.15280640992693767,0.08076985932318939,0.16953907164158472,0.15863145660427622,0.2825224992579669,0.09895958936008067,-0.2200849358366858,0.2370530048172834,0.16920172038188597,-0.37915088402677777,-0.07473505792767185,0.032038103235516376,0.9270311844930357,1.7060941220840815,1.3416256048346293,2.009331898673519,1.3296987350769527,0.9383789804292175,1.6221306138813398,1.7752618714055577,1.3775662930458947,1.8882794503473146,1.8312506185797013,1.4606990125734147,1.6072945108137617,2.3454975318945155,2.5617202446062484,0.8618071555773984,0.7088261575389845,2.292294969667082,1.5864852925065747,1.4065433600240167
enz_52,0.0798345719885616,0.16402702658240353,0.030163039465374304,-0.12923760815605512,-0.5324785454196325,0.07200844979581854,-0.005071789225847609,-0.3222690494925707,0.20270299879440445,0.07827351826303901,0.20562174765419,0.14636752533288394,0.2853275857363878,0.08615040169059567,-0.2715435069628418,0.21438084069489904,0.17615631750511973,-0.45369307489306643,-0.10968231521170078,0.08296186585803747,0.8874106697893679,1.654607820150913,1.3625867102389466,1.8616426113939457,1.263884937465082,0.9590264260218564,1.5837360163224568,1.8331568788460537,1.366495949379827,2.0513061426582886,1.824461824281091,1.4907320217216973,1.5139928999256762,2.539473649501103,2.520721481586501,0.7844422600763803,0.7315842123822724,2.528430251017236,1.489230008053184,1.459369801999617
enz_99,0.07836600091060521,0.1696300887348872,0.038840530942749724,-0.14816633424124223,-0.5715635593058326,0.057545425676565724,-0.008463356859505309,-0.31661713420187065,0.1734165426899379,0.09265802060660114,0.20843609637094843,0.1376848979125778,0.27683904426039097,0.10928414795216779,-0.22825558203560695,0.2043760105683944,0.17095504043879514,-0.4111997963556044,-0.08918904970952386,0.05542296564456495,0.8508600979161515,1.749356258761781,1.3164107395713796,1.9242184483652194,1.4110356041792662,0.989406877683748,1.6242083384976747,2.0058076645112792,1.4493230420419985,1.921703159644638,1.86761253053376,1.5255566137589982,1.737957364811303,2.342313772895209,2.2961411901633877,0.7469659385913996,0.7948188730749765,2.443921558701915,1.4604648709475545,1.483125861490831
enz_33,0.09674424398822323,0.10665883372234292,0.07863180719890785,-0.14305458584898453,-0.45502958080200345,0.07795792771432353,0.002912042161627254,-0.33771459546737215,0.14540338443942696,0.09955604725720994,0.18083507557322345,0.15052492905220805,0.26505506984518173,0.08251151078656033,-0.30845303126752727,0.23712462770593917,0.18151963807228022,-0.4085163487093491,-0.09625217363701093,0.043585178214793324,0.9542272233629728,1.714473904746587,1.3208601568994103,1.9222224936731505,1.244568199667798,1.0005968768607396,1.7810152784635636,1.8765958891849939,1.4606843560504947,2.0054944467653133,2.0689853168338064,1.5468066216450995,1.7128817000954435,2.3422064925629495,2.609136709192105,0.8244290975244681,0.7216097951868892,2.1457703161352106,1.511198200517122,1.5429809488001045
enz_94,0.08449064811397973,0.08929893435223592,0.05836209159291583,-0.14151415486484797,-0.4648807697081532,0.05881487559445806,0.004346385461899528,-0.31996312993255005,0.18001317012019613,0.06908906261668693,0.17323221329089156,0.1463717382791707,0.26903221201940447,0.09058146182084678,-0.2678518230360091,0.24288067846518285,0.17240327244253412,-0.4220753245904512,-0.06777885455705611,0.04514731251866447,0.9025892404706303,1.6651211416236964,1.3221558876082715,1.9444093904153978,1.344094736575441,1.0005526285581676,1.6294167459037094,1.6721627910623444,1.5573325959610365,1.9820029368224128,1.898570196636374,1.454585075300377,1.5546609122741912,2.3525883705404427,2.5549822055940856,0.8642977471195433,0.6731235732865914,2.3031751439490633,1.5749557522421829,1.4638291476557679
enz_2,0.07837113852882446,0.15181518482068973,0.04290411151239797,-0.12884057013266123,-0.4873535086167295,0.07971268638416536,0.03204406594438414,-0.3360903443551606,0.1687265076372774,0.07842962474649319,0.1858736698615959,0.17433868880166448,0.2619419035059075,0.048786861897547884,-0.21564440637797083,0.21078951139681687,0.16612793902654438,-0.44699065742251787,-0.11810635605063972,0.05316394889136995,0.9309763830049301,1.77555694819427,1.3863631164576247,1.930393810159231,1.317770255877381,0.9452427688961534,1.6310453542652414,1.9222976282488888,1.469346919801718,1.8626022700788862,1.9858284814566387,1.4733271659909881,1.6004914464615272,2.261646329284314,2.519620858497096,0.8204611347355971,0.7528630616142317,2.3139246692757443,1.5590256393333353,1.4708195889594817
enz_81,0.09041365321588968,0.11885169451593369,0.05014913301517294,-0.1573028918746689,-0.5393901128141854,0.06485487252476661,-0.0014660907654695076,-0.3390845117396809,0.14721934591339378,0.06799469472927928,0.2002514773796805,0.15364840533420285,0.2859613060839608,0.07523895825453052,-0.20521584542469304,0.24627874015410303,0.16424548723791418,-0.38085744325435783,-0.10276134663937112,0.0609704741535986,0.8820689433982146,1.5759180317684542,1.3262861250609668,1.9078303049349017,1.4221881613600977,0.9316783280491197,1.552428006212129,1.8187716277585397,1.3556508765283637,1.9942424850991922,1.7490674732914488,1.4410899522534262,1.5109975777348443,2.309254787757286,2.6348805229252186,0.8951301112110798,0.6637691590220689,2.3480649749345672,1.4961461157298286,1.4136279408884012
enz_43,0.0899516760644505,0.1588152389609621,0.055837520314199834,-0.11890699085385843,-0.4795790341850303,0.07716281078754278,0.024263907597379564,-0.30848731843190647,0.16080164563066127,0.04683068787492865,0.16432546992320055,0.15906719567146857,0.26498352376555573,0.07385720663592157,-0.23839331738322903,0.21918842039100397,0.14940739315926774,-0.43044221795775933,-0.09765111452204443,0.028967296557285947,0.8870771774751183,1.71290906453596,1.3110142027371376,1.8757663522076111,1.284927688116138,1.0782860159730583,1.665064164235428,1.6795449691694786,1.510006755896074,1.9813573072945867,1.9837004385639243,1.4823117596863336,1.5541411545550263,2.3563928444863165,2.4976221752149126,0.7919311806526909,0.8083172654309716,2.350391848655768,1.5144017177764983,1.4707931350645054
enz_53,0.10388118601110324,0.14227850896215657,0.040639510000889494,-0.14622485187912285,-0.534414654250408,0.06617483409097592,-0.001348250361439649,-0.3012451354681691,0.19840662579979176,0.05769676005675698,0.17323696926370324,0.14019118758500063,0.26011535896833116,0.06053105658625262,-0.2393849756979155,0.21816550631229145,0.17011525713309392,-0.39456942443458815,-0.07385643228908902,0.05961096361038426,0.9434378267345945,1.6800804638898157,1.3806508104986162,1.8931422479067261,1.2475249905466848,1.015886734447447,1.6200065163410065,1.8350048556130338,1.4255289912850122,1.9744698324077623,1.8413483237550827,1.4938445455364653,1.5896115745026498,2.408993213129093,2.261035418173164,0.7833824920736419,0.745390617663181,2.2186727462367792,1.4067174742398043,1.4564897921617952
