search_space_enz_0,0.3102918586789555,0.36251920122887865,0.32718894009216587,0.39938556067588327,0.3348694316436252,0.26574500768049153,0.5284178187403994,0.21658986175115208,0.25499231950844853,0.4039938556067588,0.23348694316436253,0.36251920122887865,0.5622119815668203,0.31490015360983103,0.12288786482334868,0.41935483870967744,0.2642089093701997,0.3164362519201228,0.33947772657450076,0.2227342549923195,0.4377880184331797,0.38556067588325654,0.3533026113671275,0.2611367127496159,0.36251920122887865,0.30261136712749614,0.33486943164362515,0.31336405529953915,0.4254992319508449,0.261136712749616,0.11367127496159754,0.7619047619047619,0.12442396313364057,0.402457757296467,0.29185867895545314,0.3056835637480799,0.434715821812596,0.3102918586789555,0.2549923195084486
search_space_enz_1,0.2965779467680608,0.3840304182509506,0.3193916349809886,0.376425855513308,0.33079847908745247,0.29277566539923955,0.5171102661596958,0.20152091254752852,0.2813688212927757,0.41825095057034223,0.22813688212927757,0.3536121673003802,0.5361216730038023,0.34600760456273766,0.11787072243346003,0.4068441064638783,0.28517110266159695,0.3079847908745247,0.3193916349809886,0.21673003802281368,0.4638783269961977,0.4296577946768061,0.34600760456273766,0.22433460076045625,0.35361216730038025,0.33079847908745247,0.3155893536121673,0.33079847908745247,0.4448669201520912,0.22433460076045625,0.10266159695817491,0.7604562737642585,0.1368821292775666,0.4600760456273764,0.2623574144486692,0.2775665399239543,0.4752851711026616,0.2965779467680608,0.22813688212927763
search_space_enz_2,0.2982456140350877,0.3824561403508772,0.319298245614035,0.37543859649122807,0.32280701754385965,0.3017543859649122,0.5543859649122806,0.1649122807017544,0.28070175438596495,0.3929824561403509,0.256140350877193,0.3508771929824561,0.5368421052631579,0.3508771929824561,0.11228070175438598,0.41754385964912283,0.28421052631578947,0.29824561403508776,0.34385964912280703,0.19298245614035087,0.46315789473684216,0.4105263157894737,0.3684210526315789,0.22105263157894744,0.3508771929824561,0.3298245614035088,0.3192982456140351,0.3263157894736842,0.45263157894736844,0.22105263157894733,0.09473684210526316,0.7649122807017544,0.14035087719298245,0.45614035087719296,0.256140350877193,0.28771929824561404,0.47017543859649125,0.2982456140350877,0.23157894736842105
search_space_enz_3,0.28044280442804426,0.33210332103321033,0.3874538745387454,0.33579335793357934,0.33210332103321033,0.33210332103321033,0.46863468634686345,0.2177121771217712,0.31365313653136534,0.36162361623616235,0.22140221402214022,0.41697416974169743,0.47601476014760147,0.3985239852398524,0.12546125461254615,0.39114391143911437,0.23985239852398524,0.36900369003690037,0.2878228782287823,0.1881918819188192,0.5239852398523985,0.36531365313653136,0.42435424354243545,0.21033210332103325,0.41697416974169743,0.2730627306273063,0.3099630996309963,0.28413284132841327,0.5055350553505535,0.21033210332103325,0.08856088560885608,0.7859778597785978,0.1254612546125461,0.47601476014760147,0.2730627306273063,0.25092250922509224,0.5202952029520295,0.28044280442804426,0.19926199261992628
search_space_enz_4,0.28634361233480177,0.4008810572687225,0.31277533039647576,0.3744493392070485,0.3568281938325991,0.2687224669603524,0.5110132158590308,0.23348017621145375,0.2555066079295154,0.3964757709251101,0.2599118942731278,0.3436123348017621,0.5330396475770925,0.36123348017621143,0.10572687224669602,0.4052863436123348,0.29515418502202645,0.2995594713656387,0.32158590308370044,0.21145374449339208,0.46696035242290745,0.4185022026431718,0.3392070484581498,0.24229074889867847,0.3436123348017621,0.33480176211453744,0.32158590308370044,0.3524229074889868,0.4052863436123348,0.24229074889867835,0.10572687224669604,0.7841409691629956,0.11013215859030834,0.44493392070484583,0.2422907488986784,0.31277533039647576,0.46255506607929514,0.28634361233480177,0.25110132158590304
search_space_enz_5,0.359375,0.3098958333333333,0.3307291666666667,0.390625,0.3619791666666667,0.24739583333333331,0.5442708333333334,0.21875,0.23697916666666663,0.4270833333333333,0.22135416666666666,0.3515625000000001,0.5625,0.3072916666666667,0.13020833333333331,0.4322916666666667,0.24739583333333334,0.3203124999999999,0.3515625,0.2109375,0.4375,0.3697916666666667,0.3854166666666667,0.24479166666666657,0.3515625,0.2760416666666667,0.3723958333333333,0.3098958333333333,0.4453125,0.24479166666666674,0.1328125,0.7317708333333334,0.13541666666666663,0.4348958333333333,0.2916666666666667,0.27343750000000006,0.4322916666666667,0.359375,0.20833333333333326
search_space_enz_6,0.360313315926893,0.34203655352480417,0.29765013054830286,0.42036553524804177,0.32114882506527415,0.2584856396866841,0.5378590078328982,0.21671018276762402,0.24543080939947778,0.4699738903394256,0.20365535248041775,0.3263707571801566,0.597911227154047,0.26109660574412535,0.14099216710182766,0.4621409921671018,0.25326370757180156,0.28459530026109664,0.391644908616188,0.206266318537859,0.402088772845953,0.35509138381201044,0.35509138381201044,0.2898172323759791,0.3263707571801567,0.27676240208877284,0.39686684073107054,0.3028720626631854,0.4073107049608355,0.2898172323759792,0.1409921671018277,0.7180156657963447,0.1409921671018276,0.40992167101827676,0.29765013054830286,0.29242819843342044,0.381201044386423,0.360313315926893,0.25848563968668403
search_space_enz_7,0.3306122448979592,0.3224489795918367,0.34693877551020413,0.39591836734693875,0.2857142857142857,0.31836734693877555,0.4857142857142857,0.2163265306122449,0.2979591836734693,0.4489795918367347,0.17142857142857143,0.3795918367346938,0.5591836734693878,0.2653061224489796,0.1755102040816326,0.4326530612244898,0.24081632653061225,0.3265306122448979,0.363265306122449,0.19591836734693877,0.4408163265306122,0.3510204081632653,0.363265306122449,0.2857142857142857,0.3795918367346939,0.2612244897959184,0.35918367346938773,0.27755102040816326,0.43673469387755104,0.2857142857142857,0.12244897959183673,0.7346938775510204,0.1428571428571428,0.42448979591836733,0.3142857142857143,0.2612244897959184,0.43673469387755104,0.3306122448979592,0.23265306122448975
search_space_enz_8,0.2956120092378753,0.3695150115473441,0.33487297921478054,0.394919168591224,0.3163972286374134,0.2886836027713626,0.535796766743649,0.20554272517321015,0.2586605080831409,0.43187066974595845,0.20323325635103925,0.36489607390300227,0.5334872979214781,0.3302540415704388,0.1362586605080831,0.40877598152424943,0.2863741339491917,0.30484988452655887,0.3418013856812933,0.19168591224018475,0.4665127020785219,0.39260969976905313,0.3625866050808314,0.24480369515011546,0.3648960739030023,0.3071593533487298,0.32794457274826794,0.3187066974595843,0.43648960739030024,0.24480369515011552,0.08775981524249422,0.7736720554272517,0.1385681293302541,0.43648960739030024,0.3117782909930716,0.25173210161662823,0.44110854503464203,0.2956120092378753,0.2632794457274827
search_space_enz_9,0.26492537313432835,0.43283582089552236,0.30223880597014924,0.34701492537313433,0.43283582089552236,0.22014925373134336,0.6119402985074627,0.1828358208955224,0.20522388059701493,0.31716417910447764,0.373134328358209,0.3097014925373133,0.5186567164179104,0.4141791044776119,0.06716417910447764,0.33955223880597013,0.373134328358209,0.28731343283582084,0.30970149253731344,0.208955223880597,0.4813432835820896,0.4701492537313433,0.34328358208955223,0.18656716417910446,0.30970149253731344,0.40671641791044777,0.28358208955223885,0.4141791044776119,0.39925373134328357,0.18656716417910446,0.12313432835820895,0.7761194029850746,0.10074626865671643,0.47761194029850745,0.2462686567164179,0.2761194029850746,0.5559701492537313,0.26492537313432835,0.17910447761194032
search_space_enz_10,0.2542372881355932,0.4364406779661017,0.3093220338983051,0.3389830508474576,0.3389830508474576,0.3220338983050848,0.5296610169491526,0.17796610169491525,0.2923728813559322,0.3940677966101695,0.2627118644067797,0.34322033898305077,0.5084745762711864,0.3474576271186441,0.1440677966101695,0.4025423728813559,0.3177966101694915,0.2796610169491525,0.2711864406779661,0.23728813559322035,0.4915254237288136,0.4322033898305085,0.3050847457627119,0.2627118644067797,0.3432203389830508,0.3686440677966102,0.288135593220339,0.3347457627118644,0.4025423728813559,0.2627118644067797,0.08898305084745763,0.7966101694915254,0.11440677966101698,0.4449152542372881,0.2923728813559322,0.26271186440677974,0.4576271186440678,0.2542372881355932,0.288135593220339
search_space_enz_11,0.288135593220339,0.4033898305084746,0.3084745762711864,0.37966101694915255,0.34915254237288135,0.2711864406779661,0.5288135593220339,0.21694915254237288,0.2542372881355932,0.39322033898305087,0.25084745762711863,0.3559322033898305,0.5288135593220339,0.3593220338983051,0.11186440677966103,0.4101694915254237,0.2983050847457627,0.29152542372881357,0.3254237288135593,0.2033898305084746,0.4711864406779661,0.423728813559322,0.31864406779661014,0.25762711864406784,0.3559322033898305,0.3220338983050847,0.32203389830508483,0.3559322033898305,0.3864406779661017,0.25762711864406784,0.10847457627118644,0.7762711864406779,0.11525423728813566,0.42033898305084744,0.288135593220339,0.2915254237288135,0.4542372881355932,0.288135593220339,0.25762711864406784
search_space_enz_12,0.4008042895442359,0.3324396782841823,0.26675603217158184,0.41420911528150134,0.3378016085790885,0.24798927613941024,0.5482573726541555,0.2131367292225201,0.23860589812332436,0.5053619302949062,0.19839142091152814,0.29624664879356566,0.6260053619302949,0.22788203753351208,0.14611260053619304,0.514745308310992,0.22788203753351208,0.25737265415549593,0.4155495978552279,0.21045576407506703,0.373994638069705,0.3967828418230563,0.3324396782841823,0.27077747989276135,0.29624664879356566,0.2801608579088472,0.42359249329758714,0.289544235924933,0.43967828418230565,0.2707774798927614,0.15013404825737264,0.6957104557640751,0.15415549597855227,0.4289544235924933,0.2680965147453083,0.3029490616621983,0.3552278820375335,0.4008042895442359,0.24396782841823056
search_space_enz_13,0.36243386243386244,0.32275132275132273,0.3148148148148148,0.4126984126984127,0.30687830687830686,0.28042328042328046,0.5343915343915344,0.20105820105820105,0.26455026455026454,0.46296296296296297,0.18518518518518517,0.3518518518518518,0.5714285714285714,0.2804232804232804,0.1481481481481482,0.46825396825396826,0.2328042328042328,0.29894179894179895,0.37566137566137564,0.19576719576719576,0.42857142857142866,0.3544973544973545,0.3835978835978836,0.261904761904762,0.35185185185185186,0.2619047619047619,0.3862433862433862,0.2751322751322751,0.46296296296296297,0.2619047619047619,0.11375661375661375,0.7486772486772487,0.13756613756613756,0.42857142857142855,0.29365079365079366,0.27777777777777773,0.4074074074074074,0.36243386243386244,0.23015873015873012
search_space_enz_14,0.31965442764578833,0.3693304535637149,0.31101511879049676,0.38444924406047515,0.28725701943844495,0.32829373650107985,0.490280777537797,0.19870410367170627,0.31101511879049676,0.4514038876889849,0.1879049676025918,0.36069114470842334,0.5615550755939525,0.3002159827213823,0.13822894168466526,0.45788336933045354,0.24838012958963282,0.29373650107991356,0.3563714902807775,0.20518358531317496,0.43844492440604754,0.3412526997840173,0.36069114470842334,0.2980561555075594,0.36069114470842334,0.28293736501079914,0.3563714902807775,0.27429805615550756,0.42764578833693306,0.29805615550755943,0.12526997840172785,0.7516198704103672,0.12311015118790503,0.43628509719222464,0.28725701943844495,0.2764578833693304,0.3952483801295896,0.31965442764578833,0.28509719222462204
search_space_enz_15,0.24736842105263157,0.3473684210526316,0.4052631578947368,0.3263157894736842,0.3157894736842105,0.35789473684210527,0.46842105263157896,0.21052631578947367,0.32105263157894737,0.38421052631578945,0.18421052631578946,0.43157894736842106,0.45263157894736844,0.37894736842105264,0.16842105263157886,0.3684210526315789,0.2631578947368421,0.3684210526315789,0.3105263157894737,0.14210526315789473,0.5473684210526315,0.37894736842105264,0.3894736842105263,0.231578947368421,0.43157894736842106,0.28421052631578947,0.28421052631578947,0.2894736842105263,0.4789473684210526,0.23157894736842105,0.06842105263157895,0.8052631578947368,0.12631578947368427,0.4473684210526316,0.29473684210526313,0.25789473684210523,0.5,0.24736842105263157,0.25263157894736843
search_space_enz_16,0.358974358974359,0.3254437869822485,0.31558185404339245,0.4181459566074951,0.33136094674556216,0.25049309664694275,0.5502958579881657,0.21893491124260356,0.23076923076923073,0.47534516765285995,0.1913214990138067,0.33333333333333337,0.5818540433925049,0.28007889546351084,0.13806706114398426,0.4358974358974359,0.2682445759368836,0.2958579881656805,0.368836291913215,0.21301775147928995,0.4181459566074951,0.3806706114398422,0.38461538461538464,0.2347140039447732,0.3333333333333333,0.2859960552268245,0.38067061143984227,0.3155818540433925,0.44970414201183434,0.2347140039447731,0.126232741617357,0.7337278106508875,0.14003944773175547,0.42209072978303747,0.29980276134122286,0.27810650887573973,0.42209072978303747,0.358974358974359,0.2189349112426036
search_space_enz_17,0.3763440860215054,0.35842293906810035,0.26523297491039427,0.43727598566308246,0.2974910394265233,0.26523297491039427,0.6057347670250897,0.14336917562724014,0.2508960573476702,0.4014336917562724,0.27956989247311825,0.31899641577060933,0.5842293906810035,0.3046594982078853,0.11111111111111116,0.4982078853046595,0.25089605734767023,0.25089605734767034,0.3906810035842294,0.1935483870967742,0.4157706093189964,0.3727598566308244,0.34408602150537637,0.2831541218637993,0.31899641577060933,0.26881720430107525,0.4121863799283154,0.3333333333333333,0.3835125448028674,0.28315412186379935,0.11469534050179211,0.6989247311827957,0.18637992831541217,0.44086021505376344,0.25448028673835127,0.30465949820788524,0.3906810035842294,0.3763440860215054,0.2329749103942652
search_space_enz_18,0.3197969543147208,0.3426395939086294,0.3375634517766498,0.3604060913705584,0.3604060913705584,0.27918781725888314,0.467005076142132,0.26649746192893403,0.2664974619289339,0.44416243654822335,0.1700507614213198,0.3857868020304569,0.5304568527918782,0.3248730964467005,0.14467005076142136,0.44416243654822335,0.23096446700507614,0.3248730964467006,0.34517766497461927,0.18527918781725888,0.4695431472081219,0.35279187817258884,0.3426395939086294,0.30456852791878175,0.38578680203045684,0.2639593908629442,0.3502538071065989,0.2817258883248731,0.4137055837563452,0.3045685279187817,0.12436548223350254,0.7436548223350253,0.13197969543147214,0.4086294416243655,0.3350253807106599,0.25634517766497467,0.39593908629441626,0.3197969543147208,0.28426395939086285
search_space_enz_19,0.3105095541401274,0.44904458598726116,0.24044585987261147,0.43312101910828027,0.29777070063694266,0.26910828025477707,0.5636942675159236,0.18312101910828024,0.2531847133757962,0.47611464968152867,0.24044585987261147,0.2834394904458598,0.6130573248407644,0.28343949044585987,0.10350318471337577,0.44904458598726116,0.32643312101910826,0.22452229299363058,0.3487261146496815,0.2643312101910828,0.3869426751592357,0.46656050955414013,0.28503184713375795,0.24840764331210197,0.28343949044585987,0.3821656050955414,0.33439490445859865,0.37738853503184716,0.37420382165605093,0.24840764331210197,0.10828025477707007,0.7563694267515924,0.1353503184713376,0.4028662420382166,0.2515923566878981,0.3455414012738854,0.4012738853503185,0.3105095541401274,0.28821656050955413
search_space_enz_20,0.3188405797101449,0.38405797101449274,0.29710144927536236,0.34782608695652173,0.3333333333333333,0.31884057971014496,0.5,0.19202898550724637,0.30797101449275366,0.42391304347826086,0.2427536231884058,0.33333333333333337,0.5507246376811594,0.33695652173913043,0.11231884057971014,0.4746376811594203,0.2391304347826087,0.286231884057971,0.32971014492753625,0.2210144927536232,0.4492753623188406,0.37318840579710144,0.34057971014492755,0.286231884057971,0.3333333333333333,0.3079710144927536,0.35869565217391314,0.2826086956521739,0.4311594202898551,0.28623188405797106,0.12318840579710146,0.7536231884057971,0.12318840579710144,0.4746376811594203,0.2608695652173913,0.2644927536231884,0.41304347826086957,0.3188405797101449,0.2681159420289855
search_space_enz_21,0.3009208103130755,0.4644567219152855,0.23462246777163903,0.38232044198895027,0.3259668508287293,0.2917127071823204,0.554696132596685,0.16390423572744015,0.2813996316758748,0.4736648250460405,0.27845303867403315,0.2478821362799264,0.6530386740331492,0.2622467771639042,0.0847145488029466,0.47918968692449354,0.2965009208103131,0.2243093922651933,0.36279926335174956,0.29023941068139963,0.34696132596685075,0.5005524861878453,0.2865561694290976,0.21289134438305707,0.24788213627992634,0.4287292817679558,0.3233885819521178,0.3300184162062615,0.4570902394106814,0.21289134438305712,0.1281767955801105,0.7539594843462247,0.11786372007366475,0.43499079189686923,0.19484346224677718,0.37016574585635365,0.39152854511970536,0.3009208103130755,0.30755064456721914
search_space_enz_22,0.34868421052631576,0.38048245614035087,0.2708333333333334,0.40021929824561403,0.34868421052631576,0.25109649122807015,0.5657894736842105,0.20394736842105263,0.23026315789473686,0.4550438596491228,0.24780701754385964,0.2971491228070175,0.6140350877192983,0.26535087719298245,0.12061403508771928,0.46710526315789475,0.28289473684210525,0.25000000000000006,0.3815789473684211,0.2324561403508772,0.3859649122807018,0.42105263157894735,0.3168859649122807,0.26206140350877194,0.29714912280701755,0.33881578947368424,0.3640350877192982,0.31359649122807015,0.4243421052631579,0.2620614035087719,0.13706140350877194,0.7182017543859649,0.14473684210526316,0.43969298245614036,0.24780701754385964,0.31249999999999994,0.40460526315789475,0.34868421052631576,0.24671052631578955
search_space_enz_23,0.2791519434628975,0.4098939929328622,0.31095406360424027,0.36395759717314485,0.3462897526501767,0.2897526501766785,0.5724381625441696,0.15547703180212014,0.2720848056537103,0.3710247349823322,0.2968197879858657,0.33215547703180215,0.5371024734982333,0.3462897526501767,0.11660777385159005,0.38869257950530034,0.31802120141342755,0.2932862190812721,0.3250883392226148,0.21201413427561838,0.4628975265017668,0.44876325088339225,0.34275618374558303,0.20848056537102466,0.3321554770318021,0.3674911660777385,0.30035335689045944,0.35335689045936397,0.4381625441696113,0.20848056537102466,0.10600706713780919,0.773851590106007,0.12014134275618382,0.46996466431095407,0.2579505300353357,0.27208480565371024,0.49469964664310956,0.2791519434628975,0.22614840989399299
search_space_enz_24,0.2982456140350877,0.33723196881091616,0.3645224171539961,0.341130604288499,0.31968810916179335,0.3391812865497077,0.48927875243664715,0.19298245614035087,0.31773879142300204,0.41130604288499023,0.19298245614035087,0.39571150097465896,0.49707602339181284,0.31968810916179335,0.18323586744639386,0.39766081871345027,0.25925925925925924,0.3430799220272905,0.3157894736842105,0.18128654970760233,0.5029239766081872,0.36062378167641324,0.3255360623781676,0.3138401559454191,0.39571150097465885,0.2807017543859649,0.3235867446393763,0.3060428849902534,0.38011695906432746,0.3138401559454191,0.11306042884990253,0.7777777777777778,0.10916179337231968,0.42105263157894735,0.30409356725146197,0.2748538011695907,0.4444444444444444,0.2982456140350877,0.2573099415204679
search_space_enz_25,0.2908704883227176,0.3991507430997877,0.30997876857749473,0.36942675159235666,0.3673036093418259,0.2632696390658175,0.5859872611464968,0.1613588110403397,0.25265392781316354,0.38004246284501064,0.2951167728237792,0.3248407643312102,0.5095541401273885,0.39490445859872614,0.09554140127388533,0.37154989384288745,0.32908704883227174,0.29936305732484086,0.3248407643312102,0.18471337579617833,0.4904458598726116,0.416135881104034,0.3885350318471338,0.19532908704883223,0.3248407643312102,0.3609341825902335,0.31422505307855636,0.36942675159235666,0.43524416135881105,0.19532908704883234,0.09766454352441614,0.7898089171974523,0.11252653927813161,0.5095541401273885,0.25477707006369427,0.2356687898089172,0.5074309978768577,0.2908704883227176,0.20169851380042464
search_space_enz_26,0.31291028446389496,0.3435448577680525,0.3435448577680526,0.38293216630196936,0.3522975929978118,0.2647702407002188,0.5689277899343544,0.1772428884026258,0.25382932166301975,0.36542669584245074,0.2800875273522976,0.3544857768052516,0.5251641137855579,0.36542669584245074,0.10940919037199132,0.38293216630196936,0.2844638949671772,0.3326039387308534,0.32603938730853393,0.19912472647702406,0.47483588621444206,0.38949671772428884,0.4113785557986871,0.19912472647702406,0.3544857768052516,0.31291028446389496,0.3326039387308534,0.3347921225382932,0.4660831509846827,0.199124726477024,0.10284463894967177,0.7811816192560175,0.11597374179431075,0.4814004376367615,0.25820568927789933,0.2603938730853391,0.5098468271334792,0.31291028446389496,0.17724288840262586
search_space_enz_27,0.3150984682713348,0.3479212253829322,0.336980306345733,0.38949671772428884,0.33698030634573306,0.2735229759299781,0.5689277899343544,0.16849015317286653,0.262582056892779,0.3741794310722101,0.27571115973741794,0.350109409190372,0.5339168490153173,0.350109409190372,0.11597374179431069,0.3851203501094092,0.2888402625820569,0.32603938730853393,0.32166301969365424,0.212253829321663,0.46608315098468267,0.3938730853391685,0.4048140043763676,0.20131291028446385,0.350109409190372,0.3172866520787746,0.33260393873085337,0.33916849015317285,0.45951859956236324,0.2013129102844639,0.1050328227571116,0.7768052516411379,0.11816192560175054,0.47702407002188185,0.25601750547045954,0.2669584245076586,0.5032822757111597,0.3150984682713348,0.1816192560175055
search_space_enz_28,0.38321167883211676,0.27007299270072993,0.34671532846715336,0.36496350364963503,0.291970802919708,0.34306569343065696,0.4854014598540146,0.18248175182481752,0.33211678832116787,0.4306569343065693,0.18613138686131386,0.38321167883211676,0.5547445255474452,0.2846715328467153,0.16058394160583944,0.48905109489051096,0.17518248175182483,0.33576642335766427,0.38321167883211676,0.17153284671532848,0.4452554744525548,0.3357664233576642,0.38686131386861317,0.27737226277372257,0.38321167883211676,0.2116788321167883,0.405109489051095,0.2591240875912409,0.4635036496350365,0.2773722627737227,0.14233576642335766,0.7007299270072993,0.15693430656934304,0.4562043795620438,0.2664233576642336,0.27737226277372257,0.4233576642335766,0.38321167883211676,0.19343065693430667
search_space_enz_29,0.31291028446389496,0.34573304157549234,0.34135667396061276,0.37636761487964987,0.3610503282275711,0.262582056892779,0.562363238512035,0.18599562363238512,0.25164113785557995,0.3676148796498906,0.2778993435448578,0.3544857768052516,0.5251641137855579,0.36323851203501095,0.11159737417943111,0.38293216630196936,0.28665207877461707,0.3304157549234136,0.3282275711159737,0.19693654266958424,0.47483588621444206,0.387308533916849,0.3982494529540481,0.21444201312910294,0.3544857768052516,0.31291028446389496,0.3326039387308534,0.3347921225382932,0.45076586433260396,0.21444201312910277,0.11159737417943107,0.7702407002188184,0.11816192560175054,0.47921225382932164,0.2647702407002188,0.25601750547045954,0.5054704595185996,0.31291028446389496,0.18161925601750545
search_space_enz_30,0.3360655737704918,0.33060109289617484,0.3333333333333333,0.40710382513661203,0.29508196721311475,0.2978142076502732,0.5081967213114754,0.20765027322404372,0.28415300546448086,0.43169398907103823,0.1830601092896175,0.38524590163934425,0.5519125683060109,0.3224043715846995,0.12568306010928965,0.4344262295081967,0.2459016393442623,0.31967213114754106,0.36065573770491804,0.1912568306010929,0.4480874316939891,0.36885245901639346,0.3879781420765027,0.24316939890710376,0.38524590163934425,0.2650273224043716,0.34972677595628415,0.31420765027322406,0.4426229508196721,0.24316939890710382,0.11202185792349727,0.73224043715847,0.15573770491803274,0.42349726775956287,0.29508196721311475,0.2814207650273224,0.4371584699453552,0.3360655737704918,0.22677595628415298
search_space_enz_31,0.3105590062111801,0.39337474120082816,0.2960662525879918,0.37060041407867494,0.37267080745341613,0.2567287784679089,0.6045548654244306,0.14906832298136646,0.24637681159420294,0.3581780538302277,0.3333333333333333,0.30848861283643897,0.5362318840579711,0.37060041407867494,0.09316770186335399,0.38509316770186336,0.32919254658385094,0.28571428571428564,0.3250517598343685,0.2111801242236025,0.463768115942029,0.4057971014492754,0.38923395445134573,0.20496894409937888,0.3084886128364389,0.36231884057971014,0.32919254658385094,0.3581780538302277,0.43685300207039335,0.20496894409937894,0.12215320910973085,0.772256728778468,0.10559006211180122,0.5113871635610766,0.22981366459627328,0.2587991718426501,0.515527950310559,0.3105590062111801,0.17391304347826092
search_space_enz_32,0.28693790149892934,0.37259100642398285,0.34047109207708787,0.3640256959314775,0.3683083511777302,0.2676659528907923,0.5481798715203426,0.1905781584582441,0.26124197002141325,0.3576017130620985,0.28693790149892934,0.3554603854389721,0.5267665952890792,0.37259100642398285,0.10064239828693794,0.37687366167023556,0.2890792291220557,0.3340471092077088,0.3147751605995717,0.21199143468950749,0.47323340471092085,0.39186295503211993,0.41113490364025695,0.19700214132762306,0.3554603854389722,0.33832976445396146,0.30620985010706636,0.3233404710920771,0.4796573875802998,0.19700214132762311,0.10706638115631692,0.7837259100642399,0.10920770877944319,0.4732334047109208,0.2740899357601713,0.2526766595289079,0.5096359743040685,0.28693790149892934,0.20342612419700218
search_space_enz_33,0.30592734225621415,0.390057361376673,0.3040152963671129,0.40152963671128106,0.32122370936902483,0.2772466539196941,0.5602294455066922,0.1682600382409178,0.27151051625239003,0.4225621414913958,0.25239005736137665,0.32504780114722753,0.5430210325047801,0.34990439770554493,0.107074569789675,0.40152963671128106,0.30019120458891013,0.2982791586998088,0.2982791586998088,0.2447418738049713,0.4569789674952199,0.40535372848948376,0.39579349904397704,0.19885277246653926,0.32504780114722753,0.3422562141491396,0.3326959847036329,0.35181644359464626,0.44933078393881454,0.1988527724665392,0.09369024856596558,0.8030592734225621,0.10325047801147225,0.4416826003824092,0.26195028680688337,0.2963671128107074,0.4646271510516252,0.30592734225621415,0.22944550669216063
search_space_enz_34,0.29067245119305857,0.4078091106290672,0.30151843817787427,0.3297180043383948,0.40997830802603036,0.2603036876355748,0.6052060737527115,0.14533622559652928,0.2494577006507592,0.31019522776572667,0.37310195227765725,0.31670281995661603,0.4945770065075922,0.41865509761388287,0.08676789587852496,0.3752711496746204,0.33405639913232105,0.29067245119305857,0.3210412147505423,0.1735357917570499,0.5054229934924077,0.4360086767895879,0.3557483731019523,0.20824295010845983,0.31670281995661603,0.3665943600867679,0.31670281995661614,0.38177874186550975,0.40997830802603036,0.2082429501084599,0.12147505422993492,0.7635574837310195,0.11496746203904562,0.5422993492407809,0.21691973969631237,0.2407809110629067,0.5379609544468547,0.29067245119305857,0.17136659436008678
search_space_enz_35,0.298728813559322,0.3707627118644068,0.3305084745762712,0.3389830508474576,0.3813559322033898,0.2796610169491526,0.5402542372881356,0.1885593220338983,0.2711864406779661,0.3559322033898305,0.2944915254237288,0.34957627118644075,0.5169491525423728,0.3855932203389831,0.09745762711864409,0.4025423728813559,0.2754237288135593,0.3220338983050847,0.298728813559322,0.21822033898305085,0.48305084745762716,0.3834745762711864,0.3898305084745763,0.2266949152542373,0.3495762711864407,0.3283898305084746,0.32203389830508466,0.3114406779661017,0.461864406779661,0.22669491525423735,0.11652542372881355,0.7690677966101694,0.11440677966101698,0.4957627118644068,0.2605932203389831,0.24364406779661013,0.4936440677966102,0.298728813559322,0.2076271186440678
search_space_enz_36,0.27100271002710025,0.4173441734417344,0.3116531165311654,0.4010840108401084,0.3089430894308943,0.2899728997289973,0.5392953929539296,0.17886178861788618,0.28184281842818426,0.43360433604336046,0.23306233062330622,0.3333333333333333,0.5691056910569106,0.33604336043360433,0.09485094850948511,0.38482384823848237,0.3116531165311653,0.30352303523035234,0.3252032520325203,0.24390243902439024,0.43089430894308944,0.43902439024390244,0.37398373983739835,0.18699186991869926,0.3333333333333333,0.37398373983739835,0.2926829268292684,0.3523035230352303,0.46070460704607047,0.18699186991869926,0.0975609756097561,0.7886178861788617,0.11382113821138218,0.43089430894308944,0.2764227642276423,0.2926829268292683,0.45799457994579945,0.27100271002710025,0.27100271002710036
search_space_enz_37,0.30783242258652094,0.39526411657559196,0.29690346083788705,0.4007285974499089,0.3242258652094718,0.2750455373406194,0.5737704918032787,0.15664845173041894,0.26958105646630237,0.4134790528233151,0.26958105646630237,0.31693989071038253,0.5373406193078324,0.3533697632058288,0.10928961748633881,0.40255009107468126,0.30601092896174864,0.29143897996357004,0.29326047358834245,0.24408014571949,0.4626593806921676,0.40619307832422585,0.39162112932604737,0.20218579234972683,0.31693989071038253,0.3442622950819672,0.33879781420765026,0.3570127504553734,0.4408014571948998,0.20218579234972678,0.09289617486338798,0.8014571948998178,0.10564663023679421,0.4553734061930783,0.2568306010928962,0.2877959927140255,0.4663023679417122,0.30783242258652094,0.22586520947176686
search_space_enz_38,0.3320388349514563,0.32815533980582523,0.3398058252427185,0.3844660194174757,0.312621359223301,0.3029126213592233,0.512621359223301,0.18640776699029127,0.30097087378640774,0.42330097087378643,0.2,0.3766990291262135,0.5359223300970873,0.2970873786407767,0.16699029126213594,0.41359223300970877,0.24854368932038834,0.33786407766990284,0.3611650485436893,0.17475728155339806,0.46407766990291266,0.34757281553398056,0.40388349514563104,0.2485436893203884,0.3766990291262136,0.26990291262135924,0.3533980582524272,0.30097087378640774,0.45048543689320386,0.2485436893203884,0.12815533980582525,0.7320388349514563,0.13980582524271845,0.4446601941747573,0.31844660194174756,0.23689320388349522,0.4388349514563107,0.3320388349514563,0.229126213592233
search_space_enz_39,0.3319327731092437,0.34663865546218486,0.3214285714285715,0.38235294117647056,0.35084033613445376,0.2668067226890757,0.5735294117647058,0.17016806722689076,0.2563025210084034,0.39285714285714285,0.2710084033613445,0.3361344537815127,0.5315126050420168,0.36134453781512604,0.10714285714285715,0.3949579831932773,0.29411764705882354,0.3109243697478992,0.34663865546218486,0.18487394957983194,0.4684873949579832,0.36134453781512604,0.43487394957983194,0.20378151260504196,0.33613445378151263,0.31512605042016806,0.3487394957983193,0.3277310924369748,0.4684873949579832,0.20378151260504207,0.11764705882352941,0.7752100840336135,0.1071428571428571,0.5126050420168067,0.2647058823529412,0.22268907563025214,0.5042016806722689,0.3319327731092437,0.16386554621848742
search_space_enz_40,0.30851063829787234,0.3574468085106383,0.3340425531914893,0.39787234042553193,0.3404255319148936,0.2617021276595744,0.551063829787234,0.19787234042553192,0.25106382978723407,0.39148936170212767,0.26170212765957446,0.3468085106382979,0.5297872340425532,0.3638297872340426,0.10638297872340419,0.39787234042553193,0.27872340425531916,0.32340425531914885,0.34893617021276596,0.18085106382978725,0.47021276595744677,0.3680851063829787,0.4276595744680851,0.20425531914893624,0.3468085106382979,0.30638297872340425,0.3468085106382979,0.3148936170212766,0.4808510638297872,0.2042553191489362,0.09361702127659574,0.8063829787234043,0.09999999999999998,0.49361702127659574,0.24893617021276596,0.2574468085106383,0.4851063829787234,0.30851063829787234,0.20638297872340422
search_space_enz_41,0.28210526315789475,0.391578947368421,0.3263157894736842,0.3663157894736842,0.33052631578947367,0.3031578947368422,0.5368421052631579,0.16631578947368422,0.2968421052631579,0.3873684210526316,0.26526315789473687,0.34736842105263155,0.5284210526315789,0.35578947368421054,0.11578947368421055,0.4,0.28,0.31999999999999995,0.30105263157894735,0.22736842105263158,0.4715789473684211,0.3957894736842105,0.3957894736842105,0.208421052631579,0.3473684210526316,0.3389473684210526,0.31368421052631584,0.32210526315789473,0.4694736842105263,0.208421052631579,0.0968421052631579,0.8105263157894737,0.09263157894736851,0.45263157894736844,0.27789473684210525,0.26947368421052625,0.4694736842105263,0.28210526315789475,0.248421052631579
search_space_enz_42,0.3143939393939394,0.3371212121212121,0.34848484848484845,0.3446969696969697,0.3409090909090909,0.3143939393939394,0.5,0.20833333333333334,0.29166666666666663,0.4128787878787879,0.21212121212121213,0.375,0.5378787878787878,0.3106060606060606,0.15151515151515155,0.4053030303030303,0.2689393939393939,0.3257575757575758,0.3522727272727273,0.1856060606060606,0.4621212121212121,0.35984848484848486,0.3939393939393939,0.24621212121212122,0.375,0.29924242424242425,0.32575757575757575,0.2916666666666667,0.4621212121212121,0.24621212121212116,0.14015151515151514,0.75,0.10984848484848486,0.4431818181818182,0.2765151515151515,0.2803030303030304,0.4659090909090909,0.3143939393939394,0.21969696969696978
search_space_enz_43,0.28725701943844495,0.3952483801295896,0.3174946004319654,0.34773218142548595,0.3801295896328294,0.2721382289416847,0.572354211663067,0.16414686825053995,0.2634989200863931,0.32397408207343414,0.3369330453563715,0.3390928725701944,0.509719222462203,0.4017278617710583,0.08855291576673868,0.38228941684665224,0.30885529157667385,0.30885529157667396,0.2980561555075594,0.21166306695464362,0.490280777537797,0.42764578833693306,0.3801295896328294,0.1922246220302375,0.3390928725701944,0.3563714902807775,0.3045356371490281,0.36069114470842334,0.4470842332613391,0.19222462203023755,0.10583153347732181,0.7840172786177105,0.1101511879049677,0.48596112311015116,0.24406047516198703,0.2699784017278618,0.5442764578833693,0.28725701943844495,0.16846652267818574
search_space_enz_44,0.2823779193205945,0.39490445859872614,0.32271762208067944,0.35456475583864117,0.37791932059447986,0.26751592356687903,0.5881104033970276,0.15498938428874734,0.2569002123142251,0.32908704883227174,0.3333333333333333,0.337579617834395,0.4989384288747346,0.39278131634819535,0.10828025477707004,0.35881104033970274,0.32908704883227174,0.3121019108280256,0.31210191082802546,0.18683651804670912,0.5010615711252655,0.40976645435244163,0.3970276008492569,0.19320594479830144,0.3375796178343949,0.3609341825902335,0.30148619957537165,0.35668789808917195,0.45010615711252655,0.19320594479830155,0.10191082802547771,0.802547770700637,0.09554140127388533,0.5222929936305732,0.24203821656050956,0.2356687898089172,0.5392781316348195,0.2823779193205945,0.178343949044586
search_space_enz_45,0.3128964059196617,0.3572938689217759,0.3298097251585624,0.37420718816067655,0.3594080338266385,0.26638477801268495,0.5221987315010571,0.21775898520084566,0.2600422832980972,0.4080338266384778,0.24312896405919662,0.34883720930232565,0.5200845665961945,0.36152219873150104,0.11839323467230445,0.4059196617336152,0.27061310782241016,0.3234672304439747,0.321353065539112,0.19873150105708245,0.4799154334038055,0.37209302325581395,0.4164904862579281,0.21141649048625794,0.3488372093023256,0.30655391120507397,0.3446088794926005,0.3150105708245243,0.47357293868921774,0.21141649048625794,0.10359408033826638,0.7928118393234672,0.10359408033826645,0.47357293868921774,0.27906976744186046,0.24735729386892175,0.4820295983086681,0.3128964059196617,0.20507399577167018
search_space_enz_46,0.2848101265822785,0.3987341772151899,0.31645569620253167,0.3291139240506329,0.39029535864978904,0.2805907172995781,0.5822784810126582,0.14556962025316456,0.2721518987341772,0.3227848101265823,0.34810126582278483,0.32911392405063294,0.5042194092827004,0.379746835443038,0.11603375527426163,0.37130801687763715,0.3206751054852321,0.30801687763713076,0.3037974683544304,0.20042194092827004,0.4957805907172995,0.4430379746835443,0.3670886075949367,0.18987341772151906,0.3291139240506329,0.3670886075949367,0.3037974683544304,0.37130801687763715,0.4388185654008439,0.18987341772151894,0.12025316455696203,0.7637130801687764,0.11603375527426163,0.5,0.25738396624472576,0.24261603375527424,0.5421940928270043,0.2848101265822785,0.17299578059071724
search_space_enz_47,0.29978118161925604,0.35667396061269147,0.3435448577680525,0.36542669584245074,0.32603938730853393,0.30853391684901527,0.5229759299781181,0.17943107221006566,0.2975929978118162,0.38949671772428884,0.23851203501094093,0.37199124726477023,0.5185995623632386,0.3588621444201313,0.12253829321663012,0.4026258205689278,0.2647702407002188,0.33260393873085337,0.3238512035010941,0.19474835886214442,0.4814004376367615,0.3676148796498906,0.4288840262582057,0.2035010940919037,0.37199124726477023,0.3085339168490153,0.3194748358862145,0.29978118161925604,0.49671772428884026,0.2035010940919037,0.09846827133479212,0.7921225382932167,0.10940919037199126,0.4682713347921225,0.2735229759299781,0.25820568927789933,0.48577680525164113,0.29978118161925604,0.21444201312910283
search_space_enz_48,0.32196162046908317,0.34541577825159914,0.3326226012793177,0.3880597014925373,0.35181236673773986,0.2601279317697228,0.55863539445629,0.18976545842217485,0.2515991471215352,0.39445628997867804,0.255863539445629,0.3496801705756929,0.5287846481876333,0.3582089552238806,0.11300639658848616,0.3880597014925373,0.2878464818763326,0.32409381663113007,0.35607675906183367,0.17270788912579957,0.47121535181236673,0.373134328358209,0.4200426439232409,0.20682302771855016,0.34968017057569295,0.31130063965884863,0.3390191897654585,0.3326226012793177,0.4605543710021322,0.20682302771855016,0.10874200426439233,0.7889125799573561,0.10234541577825162,0.4925373134328358,0.26439232409381663,0.24307036247334757,0.4946695095948827,0.32196162046908317,0.18336886993603407
search_space_enz_49,0.2928416485900217,0.31670281995661603,0.39045553145336226,0.3470715835140998,0.31453362255965295,0.3383947939262472,0.45336225596529284,0.21908893709327548,0.32754880694143174,0.37093275488069416,0.20607375271149675,0.42299349240780904,0.4967462039045553,0.3210412147505423,0.1822125813449023,0.3796095444685466,0.24078091106290672,0.3796095444685467,0.2885032537960954,0.20824295010845986,0.5032537960954447,0.3123644251626898,0.43383947939262474,0.25379609544468545,0.4229934924078091,0.25813449023861174,0.3188720173535791,0.2754880694143167,0.47071583514099785,0.25379609544468545,0.12147505422993492,0.8091106290672451,0.06941431670282006,0.3969631236442516,0.3362255965292842,0.26681127982646413,0.5075921908893709,0.2928416485900217,0.19956616052060738
search_space_enz_50,0.2926829268292683,0.38482384823848237,0.3224932249322493,0.3685636856368564,0.35501355013550134,0.2764227642276423,0.5257452574525745,0.21680216802168023,0.25745257452574527,0.37669376693766937,0.2682926829268293,0.3550135501355014,0.5149051490514905,0.35501355013550134,0.13008130081300812,0.3983739837398374,0.2981029810298103,0.30352303523035223,0.3170731707317073,0.1978319783197832,0.48509485094850946,0.3902439024390244,0.33062330623306235,0.27913279132791324,0.35501355013550134,0.3170731707317073,0.3279132791327913,0.34146341463414637,0.3794037940379404,0.2791327913279132,0.10840108401084012,0.7615176151761518,0.13008130081300806,0.45257452574525747,0.2682926829268293,0.27913279132791324,0.47696476964769646,0.2926829268292683,0.23035230352303532
search_space_enz_51,0.28668941979522183,0.40955631399317405,0.30375426621160406,0.3720136518771331,0.3515358361774744,0.2764505119453925,0.5290102389078498,0.21160409556313994,0.2593856655290102,0.3856655290102389,0.2593856655290102,0.3549488054607509,0.5324232081911263,0.35494880546075086,0.11262798634812282,0.4129692832764505,0.3003412969283277,0.2866894197952219,0.32081911262798635,0.21160409556313994,0.4675767918088737,0.42662116040955633,0.30716723549488056,0.2662116040955631,0.35494880546075086,0.32764505119453924,0.31740614334470996,0.3583617747440273,0.37542662116040953,0.26621160409556316,0.11604095563139932,0.7679180887372014,0.11604095563139938,0.4061433447098976,0.29692832764505117,0.29692832764505117,0.45733788395904434,0.28668941979522183,0.2559726962457339
search_space_enz_52,0.28974358974358977,0.41025641025641024,0.29999999999999993,0.41794871794871796,0.2923076923076923,0.28974358974358966,0.5282051282051282,0.18974358974358974,0.28205128205128205,0.4256410256410256,0.2358974358974359,0.3384615384615384,0.5564102564102564,0.3128205128205128,0.13076923076923075,0.4128205128205128,0.2948717948717949,0.2923076923076923,0.31794871794871793,0.23846153846153847,0.44358974358974357,0.3923076923076923,0.35384615384615387,0.2538461538461539,0.3384615384615385,0.3333333333333333,0.3282051282051282,0.3384615384615385,0.4076923076923077,0.25384615384615383,0.09230769230769231,0.7717948717948718,0.13589743589743586,0.40512820512820513,0.2923076923076923,0.30256410256410254,0.441025641025641,0.28974358974358977,0.2692307692307692
search_space_enz_53,0.2827763496143959,0.42159383033419023,0.29562982005141386,0.40359897172236503,0.30077120822622105,0.2956298200514139,0.506426735218509,0.20565552699228792,0.28791773778920304,0.4267352185089974,0.2262210796915167,0.34704370179948585,0.5501285347043702,0.30848329048843187,0.14138817480719795,0.4190231362467866,0.2930591259640103,0.28791773778920304,0.30848329048843187,0.2416452442159383,0.4498714652956299,0.3856041131105398,0.34190231362467866,0.27249357326478146,0.34704370179948585,0.3341902313624679,0.31876606683804626,0.3264781491002571,0.40102827763496146,0.27249357326478146,0.09768637532133675,0.7763496143958869,0.12596401028277637,0.39331619537275064,0.32390745501285345,0.2827763496143959,0.4370179948586118,0.2827763496143959,0.2802056555269923
search_space_enz_54,0.29301075268817206,0.4112903225806452,0.2956989247311828,0.3924731182795699,0.30913978494623656,0.29838709677419356,0.553763440860215,0.1639784946236559,0.2822580645161291,0.3978494623655914,0.271505376344086,0.3306451612903226,0.532258064516129,0.3279569892473118,0.13978494623655918,0.4166666666666667,0.30376344086021506,0.2795698924731182,0.30376344086021506,0.22849462365591397,0.467741935483871,0.4327956989247312,0.3333333333333333,0.23387096774193544,0.33064516129032256,0.34139784946236557,0.3279569892473119,0.3629032258064516,0.4032258064516129,0.2338709677419355,0.08602150537634409,0.782258064516129,0.13172043010752688,0.41397849462365593,0.27956989247311825,0.30645161290322576,0.478494623655914,0.29301075268817206,0.22849462365591394
search_space_enz_55,0.2617283950617284,0.43209876543209874,0.30617283950617286,0.38271604938271603,0.345679012345679,0.27160493827160503,0.5481481481481482,0.2,0.2518518518518518,0.3654320987654321,0.29876543209876544,0.33580246913580253,0.5037037037037037,0.3728395061728395,0.12345679012345684,0.3851851851851852,0.32839506172839505,0.28641975308641976,0.25679012345679014,0.24691358024691357,0.49629629629629624,0.4024691358024691,0.3654320987654321,0.23209876543209879,0.3358024691358025,0.3530864197530864,0.3111111111111111,0.3506172839506173,0.41728395061728396,0.23209876543209873,0.07654320987654321,0.8098765432098766,0.11358024691358026,0.43703703703703706,0.28888888888888886,0.274074074074074,0.5012345679012346,0.2617283950617284,0.23703703703703705
search_space_enz_56,0.2514124293785311,0.365819209039548,0.38276836158192085,0.365819209039548,0.3008474576271186,0.33333333333333337,0.4788135593220339,0.20056497175141244,0.32062146892655363,0.3997175141242938,0.1807909604519774,0.4194915254237288,0.4915254237288136,0.326271186440678,0.18220338983050843,0.3474576271186441,0.2824858757062147,0.3700564971751413,0.2711864406779661,0.22033898305084745,0.5084745762711865,0.3615819209039548,0.3870056497175141,0.2514124293785311,0.4194915254237288,0.3149717514124294,0.2655367231638418,0.3008474576271186,0.4477401129943503,0.2514124293785311,0.08050847457627118,0.8502824858757062,0.0692090395480226,0.3785310734463277,0.3545197740112994,0.26694915254237295,0.4872881355932203,0.2514124293785311,0.26129943502824854
search_space_enz_57,0.288135593220339,0.4033898305084746,0.3084745762711864,0.37966101694915255,0.34915254237288135,0.2711864406779661,0.5288135593220339,0.21694915254237288,0.2542372881355932,0.39322033898305087,0.25084745762711863,0.3559322033898305,0.5288135593220339,0.3593220338983051,0.11186440677966103,0.4101694915254237,0.2983050847457627,0.29152542372881357,0.3254237288135593,0.2033898305084746,0.4711864406779661,0.423728813559322,0.31864406779661014,0.25762711864406784,0.3559322033898305,0.3220338983050847,0.32203389830508483,0.3559322033898305,0.3864406779661017,0.25762711864406784,0.10847457627118644,0.7762711864406779,0.11525423728813566,0.42033898305084744,0.288135593220339,0.2915254237288135,0.4542372881355932,0.288135593220339,0.25762711864406784
search_space_enz_58,0.3112391930835735,0.38472622478386165,0.30403458213256485,0.3919308357348703,0.34870317002881845,0.25936599423631124,0.569164265129683,0.18587896253602307,0.24495677233429394,0.38328530259365995,0.28097982708933716,0.33573487031700283,0.537463976945245,0.33429394812680113,0.12824207492795392,0.4164265129682997,0.29394812680115273,0.2896253602305476,0.3285302593659942,0.20893371757925072,0.46253602305475505,0.42363112391930835,0.3530259365994236,0.22334293948126804,0.3357348703170029,0.3242074927953891,0.34005763688760804,0.361671469740634,0.414985590778098,0.223342939481268,0.10086455331412104,0.7550432276657061,0.14409221902017288,0.41930835734870314,0.2953890489913545,0.2853025936599424,0.47406340057636887,0.3112391930835735,0.21469740634005763
search_space_enz_59,0.19875776397515527,0.36438923395445133,0.43685300207039346,0.3250517598343685,0.2898550724637681,0.38509316770186336,0.4306418219461698,0.19461697722567287,0.3747412008281573,0.36231884057971014,0.17184265010351968,0.4658385093167701,0.4492753623188406,0.3747412008281574,0.17598343685300205,0.2981366459627329,0.2753623188405797,0.42650103519668736,0.2422360248447205,0.2070393374741201,0.5507246376811594,0.37060041407867494,0.40993788819875776,0.2194616977225673,0.4658385093167702,0.3167701863354037,0.2173913043478261,0.29606625258799174,0.484472049689441,0.21946169772256718,0.07246376811594203,0.8633540372670807,0.06418219461697727,0.3995859213250518,0.33747412008281574,0.2629399585921325,0.525879917184265,0.19875776397515527,0.27536231884057977
search_space_enz_60,0.23414634146341465,0.4634146341463415,0.3024390243902439,0.375609756097561,0.37073170731707317,0.25365853658536586,0.6341463414634146,0.13170731707317074,0.23414634146341462,0.35609756097560974,0.34146341463414637,0.3024390243902439,0.4926829268292683,0.43414634146341463,0.07317073170731708,0.3121951219512195,0.40487804878048783,0.2829268292682926,0.2682926829268293,0.22439024390243903,0.5073170731707317,0.48292682926829267,0.36585365853658536,0.15121951219512197,0.3024390243902439,0.43902439024390244,0.2585365853658536,0.424390243902439,0.424390243902439,0.15121951219512203,0.06341463414634146,0.824390243902439,0.1121951219512195,0.526829268292683,0.21951219512195122,0.25365853658536586,0.5414634146341464,0.23414634146341465,0.22439024390243897
search_space_enz_61,0.2766839378238342,0.43626943005181346,0.2870466321243524,0.41139896373056994,0.36476683937823834,0.22383419689119172,0.6217616580310881,0.1689119170984456,0.20932642487046632,0.38341968911917096,0.30984455958549223,0.30673575129533676,0.5347150259067357,0.37927461139896373,0.08601036269430057,0.35647668393782384,0.37098445595854923,0.27253886010362693,0.31295336787564765,0.22176165803108808,0.4652849740932643,0.46424870466321244,0.34196891191709844,0.19378238341968912,0.3067357512953368,0.3927461139896373,0.30051813471502586,0.42383419689119173,0.38238341968911915,0.19378238341968912,0.08704663212435233,0.7875647668393783,0.12538860103626936,0.44559585492227977,0.2683937823834197,0.28601036269430047,0.49222797927461137,0.2766839378238342,0.23108808290155441
search_space_enz_62,0.36363636363636365,0.3939393939393939,0.24242424242424243,0.3939393939393939,0.3434343434343434,0.26262626262626265,0.5959595959595959,0.1717171717171717,0.23232323232323238,0.40404040404040403,0.29292929292929293,0.3030303030303031,0.5959595959595959,0.2727272727272727,0.13131313131313138,0.494949494949495,0.29292929292929293,0.21212121212121204,0.35353535353535354,0.24242424242424243,0.404040404040404,0.3838383838383838,0.2828282828282828,0.3333333333333333,0.30303030303030304,0.31313131313131315,0.38383838383838387,0.30303030303030304,0.36363636363636365,0.33333333333333337,0.15151515151515152,0.7070707070707071,0.14141414141414144,0.43434343434343436,0.26262626262626265,0.303030303030303,0.40404040404040403,0.36363636363636365,0.23232323232323238
search_space_enz_63,0.2641975308641975,0.43209876543209874,0.30370370370370375,0.38271604938271603,0.34074074074074073,0.2765432098765433,0.5432098765432098,0.2,0.25679012345679014,0.37037037037037035,0.2938271604938272,0.3358024691358025,0.508641975308642,0.37037037037037035,0.12098765432098768,0.3925925925925926,0.3234567901234568,0.2839506172839506,0.254320987654321,0.254320987654321,0.49135802469135803,0.3950617283950617,0.37037037037037035,0.23456790123456794,0.3358024691358025,0.3506172839506173,0.3135802469135802,0.34074074074074073,0.4246913580246914,0.23456790123456783,0.07901234567901234,0.8074074074074075,0.11358024691358015,0.43950617283950616,0.28888888888888886,0.2716049382716049,0.49382716049382713,0.2641975308641975,0.24197530864197536
search_space_enz_64,0.3045507584597433,0.4014002333722287,0.294049008168028,0.3943990665110852,0.2952158693115519,0.31038506417736283,0.5367561260210035,0.17152858809801633,0.29171528588098017,0.4177362893815636,0.2427071178529755,0.3395565927654609,0.5705950991831972,0.31738623103850644,0.11201866977829639,0.4352392065344224,0.2893815635939323,0.2753792298716453,0.3313885647607935,0.23920653442240372,0.4294049008168028,0.38156359393232203,0.3628938156359393,0.2555425904317386,0.3395565927654609,0.33022170361726955,0.33022170361726955,0.3162193698949825,0.4282380396732789,0.25554259043173866,0.11668611435239207,0.764294049008168,0.11901983663943994,0.4352392065344224,0.27887981330221706,0.28588098016336055,0.4340723453908985,0.3045507584597433,0.26137689614935816
search_space_enz_65,0.279651795429815,0.4167573449401523,0.3035908596300327,0.3852013057671382,0.3482045701849837,0.26659412404787813,0.5571273122959739,0.1926006528835691,0.250272034820457,0.3721436343852013,0.28726877040261156,0.34058759521218707,0.5342763873775843,0.36126224156692055,0.10446137105549513,0.4058759521218716,0.3068552774755169,0.28726877040261156,0.30794341675734493,0.22633297062023938,0.4657236126224157,0.4211099020674646,0.33514689880304677,0.24374319912948855,0.3405875952121872,0.34276387377584333,0.3166485310119695,0.34602829162132753,0.4102285092491839,0.24374319912948855,0.09684439608269858,0.7899891186071817,0.11316648531011975,0.43743199129488575,0.27529923830250275,0.2872687704026115,0.4657236126224157,0.279651795429815,0.2546245919477693
search_space_enz_66,0.37943262411347517,0.3404255319148936,0.2801418439716313,0.425531914893617,0.31560283687943264,0.2588652482269504,0.5957446808510638,0.15602836879432624,0.24822695035460995,0.39361702127659576,0.2801418439716312,0.3262411347517731,0.5709219858156028,0.3120567375886525,0.11702127659574468,0.48936170212765956,0.24113475177304963,0.26950354609929084,0.38652482269503546,0.18439716312056736,0.4290780141843971,0.35106382978723405,0.3404255319148936,0.30851063829787234,0.3262411347517731,0.25177304964539005,0.4219858156028369,0.32269503546099293,0.36879432624113473,0.3085106382978723,0.12411347517730496,0.7127659574468085,0.16312056737588654,0.44680851063829785,0.2695035460992908,0.28368794326241137,0.40070921985815605,0.37943262411347517,0.21985815602836872
search_space_enz_67,0.35379061371841153,0.35379061371841153,0.292418772563177,0.4259927797833935,0.30685920577617326,0.2671480144404332,0.5595667870036101,0.19494584837545126,0.24548736462093868,0.4223826714801444,0.23465703971119134,0.34296028880866425,0.5595667870036101,0.3212996389891697,0.11913357400722024,0.4729241877256318,0.2563176895306859,0.2707581227436823,0.37184115523465705,0.18772563176895307,0.44043321299638993,0.36462093862815886,0.36101083032490977,0.2743682310469313,0.34296028880866425,0.26714801444043323,0.3898916967509025,0.3176895306859206,0.40794223826714804,0.2743682310469313,0.10108303249097472,0.7436823104693141,0.15523465703971118,0.4296028880866426,0.26353790613718414,0.30685920577617326,0.4151624548736462,0.35379061371841153,0.23104693140794225
search_space_enz_68,0.38113207547169814,0.3283018867924528,0.29056603773584905,0.4075471698113208,0.3132075471698113,0.2792452830188679,0.5358490566037736,0.19622641509433963,0.2679245283018868,0.43018867924528303,0.22264150943396227,0.3471698113207547,0.5509433962264151,0.30943396226415093,0.139622641509434,0.5056603773584906,0.21509433962264152,0.2792452830188679,0.4,0.1509433962264151,0.4490566037735849,0.3283018867924528,0.35471698113207545,0.3169811320754718,0.3471698113207547,0.22264150943396227,0.4301886792452831,0.3018867924528302,0.38113207547169814,0.31698113207547174,0.12452830188679245,0.690566037735849,0.18490566037735856,0.4377358490566038,0.30943396226415093,0.2528301886792453,0.3886792452830189,0.38113207547169814,0.23018867924528297
search_space_enz_69,0.1903765690376569,0.37656903765690375,0.4330543933054394,0.3305439330543933,0.29916317991631797,0.3702928870292887,0.4393305439330544,0.200836820083682,0.35983263598326365,0.3598326359832636,0.17782426778242677,0.4623430962343097,0.45188284518828453,0.3912133891213389,0.1569037656903765,0.28870292887029286,0.28870292887029286,0.4225941422594142,0.24476987447698745,0.20711297071129708,0.5481171548117154,0.38284518828451886,0.41631799163179917,0.20083682008368198,0.46234309623430964,0.3305439330543933,0.20711297071129714,0.3075313807531381,0.4916317991631799,0.20083682008368198,0.06903765690376569,0.8786610878661087,0.05230125523012552,0.39748953974895396,0.33263598326359833,0.2698744769874477,0.5334728033472803,0.1903765690376569,0.2761506276150628
search_space_enz_70,0.20309810671256454,0.40963855421686746,0.387263339070568,0.31153184165232356,0.31497418244406195,0.37349397590361444,0.5025817555938038,0.14457831325301204,0.3528399311531841,0.31841652323580033,0.26161790017211706,0.41996557659208267,0.4578313253012048,0.39759036144578314,0.14457831325301213,0.3218588640275387,0.31153184165232356,0.3666092943201377,0.2495697074010327,0.2082616179001721,0.5421686746987953,0.40619621342512907,0.3717728055077453,0.2220309810671256,0.4199655765920826,0.36316695352839934,0.216867469879518,0.3132530120481928,0.46471600688468157,0.22203098106712565,0.07401032702237521,0.8743545611015491,0.05163511187607572,0.4406196213425129,0.27538726333907054,0.2839931153184166,0.5473321858864028,0.20309810671256454,0.2495697074010327
search_space_enz_71,0.18503118503118504,0.38253638253638256,0.43243243243243246,0.3367983367983368,0.2993762993762994,0.3638253638253638,0.4407484407484408,0.20582120582120583,0.3534303534303534,0.3596673596673597,0.18087318087318088,0.4594594594594595,0.4553014553014553,0.3866943866943867,0.1580041580041579,0.28482328482328484,0.29313929313929316,0.42203742203742206,0.24324324324324326,0.21205821205821207,0.5446985446985447,0.3866943866943867,0.41372141372141374,0.19958419958419954,0.4594594594594595,0.33471933471933474,0.20582120582120583,0.31185031185031187,0.4885654885654886,0.19958419958419954,0.06652806652806653,0.8814968814968815,0.05197505197505192,0.3887733887733888,0.3388773388773389,0.27234927234927225,0.5322245322245323,0.18503118503118504,0.2827442827442827
search_space_enz_72,0.3504424778761062,0.3752212389380531,0.27433628318584075,0.4336283185840708,0.2991150442477876,0.2672566371681416,0.5876106194690266,0.1592920353982301,0.2530973451327433,0.41061946902654867,0.26017699115044246,0.3292035398230089,0.5663716814159292,0.3274336283185841,0.10619469026548672,0.4690265486725664,0.27079646017699116,0.2601769911504424,0.37168141592920356,0.19469026548672566,0.4336283185840708,0.3823008849557522,0.336283185840708,0.2814159292035398,0.3292035398230089,0.2831858407079646,0.38761061946902653,0.3504424778761062,0.368141592920354,0.28141592920353986,0.10619469026548672,0.7168141592920354,0.17699115044247793,0.4300884955752212,0.27079646017699116,0.2991150442477876,0.40353982300884955,0.3504424778761062,0.24601769911504417
search_space_enz_73,0.3763440860215054,0.35842293906810035,0.26523297491039427,0.43727598566308246,0.2974910394265233,0.26523297491039427,0.6057347670250897,0.14336917562724014,0.2508960573476702,0.4014336917562724,0.27956989247311825,0.31899641577060933,0.5842293906810035,0.3046594982078853,0.11111111111111116,0.4982078853046595,0.25089605734767023,0.25089605734767034,0.3906810035842294,0.1935483870967742,0.4157706093189964,0.3727598566308244,0.34408602150537637,0.2831541218637993,0.31899641577060933,0.26881720430107525,0.4121863799283154,0.3333333333333333,0.3835125448028674,0.28315412186379935,0.11469534050179211,0.6989247311827957,0.18637992831541217,0.44086021505376344,0.25448028673835127,0.30465949820788524,0.3906810035842294,0.3763440860215054,0.2329749103942652
search_space_enz_74,0.3694029850746269,0.3619402985074627,0.26865671641791045,0.4253731343283582,0.30223880597014924,0.27238805970149255,0.5783582089552238,0.16417910447761194,0.2574626865671642,0.417910447761194,0.2537313432835821,0.3283582089552239,0.5708955223880597,0.29850746268656714,0.13059701492537312,0.48507462686567165,0.26119402985074625,0.25373134328358216,0.3805970149253731,0.19029850746268656,0.4291044776119403,0.3917910447761194,0.2873134328358209,0.32089552238805963,0.3283582089552239,0.26492537313432835,0.4067164179104477,0.3656716417910448,0.31343283582089554,0.32089552238805963,0.12686567164179105,0.6828358208955224,0.1902985074626865,0.40298507462686567,0.30223880597014924,0.29477611940298504,0.39552238805970147,0.3694029850746269,0.2350746268656717
search_space_enz_75,0.19594594594594594,0.3969594594594595,0.40709459459459457,0.34459459459459457,0.28040540540540543,0.37500000000000006,0.4797297297297297,0.17229729729729729,0.347972972972973,0.34628378378378377,0.1875,0.46621621621621623,0.4408783783783784,0.38682432432432434,0.17229729729729726,0.30067567567567566,0.31925675675675674,0.3800675675675676,0.23648648648648649,0.20439189189189189,0.5591216216216216,0.3766891891891892,0.38175675675675674,0.241554054054054,0.46621621621621623,0.3293918918918919,0.20439189189189189,0.3158783783783784,0.44256756756756754,0.24155405405405406,0.05912162162162162,0.8783783783783784,0.0625,0.38344594594594594,0.3597972972972973,0.25675675675675674,0.5320945945945946,0.19594594594594594,0.27195945945945943
search_space_enz_76,0.28717948717948716,0.3871794871794872,0.32564102564102565,0.358974358974359,0.31025641025641026,0.3307692307692307,0.49743589743589745,0.18461538461538463,0.31794871794871793,0.382051282051282,0.2512820512820513,0.3666666666666667,0.5282051282051282,0.34102564102564104,0.13076923076923075,0.4307692307692308,0.2564102564102564,0.3128205128205128,0.31794871794871793,0.21025641025641026,0.4717948717948718,0.3641025641025641,0.3717948717948718,0.26410256410256405,0.36666666666666664,0.30256410256410254,0.33076923076923076,0.2846153846153846,0.4512820512820513,0.2641025641025641,0.11025641025641025,0.7923076923076923,0.09743589743589742,0.46923076923076923,0.26666666666666666,0.2641025641025641,0.4461538461538462,0.28717948717948716,0.2666666666666667
search_space_enz_77,0.28668941979522183,0.3993174061433447,0.3139931740614334,0.37542662116040953,0.34812286689419797,0.27645051194539244,0.5221843003412969,0.21843003412969283,0.2593856655290102,0.3890784982935154,0.24573378839590443,0.3651877133105802,0.5324232081911263,0.35494880546075086,0.11262798634812282,0.40955631399317405,0.2935153583617747,0.2969283276450512,0.3242320819112628,0.20819112627986347,0.4675767918088738,0.4232081911262799,0.30716723549488056,0.2696245733788395,0.3651877133105802,0.3174061433447099,0.3174061433447099,0.35494880546075086,0.37542662116040953,0.26962457337883966,0.11604095563139932,0.7679180887372014,0.11604095563139938,0.3993174061433447,0.29692832764505117,0.3037542662116042,0.45051194539249145,0.28668941979522183,0.26279863481228666
search_space_enz_78,0.31062355658198615,0.38799076212471134,0.3013856812933025,0.3960739030023095,0.30484988452655887,0.29907621247113164,0.5288683602771362,0.1905311778290993,0.2806004618937644,0.4237875288683603,0.23210161662817552,0.3441108545034641,0.569284064665127,0.3210161662817552,0.10969976905311773,0.4330254041570439,0.2840646651270208,0.2829099307159354,0.3302540415704388,0.2390300230946882,0.43071593533487296,0.3729792147806005,0.371824480369515,0.25519630484988454,0.3441108545034642,0.32217090069284066,0.3337182448036952,0.3083140877598152,0.43648960739030024,0.2551963048498846,0.11662817551963048,0.766743648960739,0.11662817551963056,0.4399538106235566,0.27713625866050806,0.2829099307159354,0.4376443418013857,0.31062355658198615,0.2517321016166282
search_space_enz_79,0.2647058823529412,0.4411764705882353,0.2941176470588236,0.37145969498910675,0.3572984749455338,0.2712418300653595,0.5544662309368191,0.19172113289760348,0.25381263616557737,0.3616557734204793,0.3082788671023965,0.33006535947712423,0.5305010893246187,0.3638344226579521,0.10566448801742923,0.4008714596949891,0.3224400871459695,0.27668845315904134,0.30501089324618735,0.22549019607843138,0.4694989106753813,0.43028322440087147,0.3093681917211329,0.2603485838779957,0.3300653594771242,0.3616557734204793,0.3082788671023966,0.355119825708061,0.38453159041394336,0.26034858387799564,0.10239651416122005,0.789760348583878,0.10784313725490191,0.4477124183006536,0.26034858387799564,0.2919389978213508,0.46405228758169936,0.2647058823529412,0.27124183006535946
search_space_enz_80,0.27197518097207857,0.4384694932781799,0.2895553257497416,0.4095139607032058,0.36918304033092036,0.22130299896587385,0.6256463288521199,0.16752843846949328,0.20682523267838682,0.3733195449844881,0.3154084798345398,0.31127197518097205,0.5305067218200621,0.3857290589451913,0.08376421923474658,0.3516028955532575,0.3733195449844881,0.2750775594622544,0.2998965873836608,0.23061013443640124,0.469493278179938,0.46639089968976216,0.34953464322647365,0.18407445708376424,0.3112719751809721,0.3960703205791106,0.2926577042399173,0.42295760082730094,0.3929679420889349,0.1840744570837642,0.08376421923474664,0.7880041365046536,0.12823164426059974,0.43950361944157185,0.2823164426059979,0.2781799379524303,0.5036194415718718,0.27197518097207857,0.22440537745604966
search_space_enz_81,0.20689655172413793,0.47783251231527096,0.31527093596059114,0.3842364532019704,0.3448275862068966,0.270935960591133,0.6108374384236454,0.13793103448275862,0.25123152709359603,0.3645320197044335,0.31527093596059114,0.32019704433497537,0.4975369458128079,0.41379310344827586,0.08866995073891631,0.2955665024630542,0.4088669950738916,0.2955665024630541,0.26108374384236455,0.23645320197044334,0.5024630541871922,0.4827586206896552,0.3793103448275862,0.13793103448275856,0.32019704433497537,0.45320197044334976,0.22660098522167493,0.41379310344827586,0.4482758620689655,0.13793103448275867,0.04926108374384237,0.8472906403940886,0.10344827586206895,0.47783251231527096,0.2512315270935961,0.270935960591133,0.5517241379310345,0.20689655172413793,0.2413793103448276
search_space_enz_82,0.2623376623376623,0.43636363636363634,0.30129870129870134,0.4103896103896104,0.37402597402597404,0.21558441558441555,0.5636363636363636,0.22337662337662337,0.21298701298701303,0.38961038961038963,0.2805194805194805,0.32987012987012987,0.5324675324675324,0.36883116883116884,0.09870129870129873,0.32727272727272727,0.37402597402597404,0.2987012987012987,0.2857142857142857,0.24675324675324675,0.4675324675324676,0.44415584415584414,0.35584415584415585,0.19999999999999996,0.32987012987012987,0.3974025974025974,0.2727272727272727,0.412987012987013,0.38701298701298703,0.19999999999999996,0.09610389610389611,0.7818181818181819,0.12207792207792201,0.43376623376623374,0.2883116883116883,0.2779220779220779,0.5064935064935064,0.2623376623376623,0.23116883116883125
search_space_enz_83,0.2717948717948718,0.3974358974358974,0.33076923076923087,0.358974358974359,0.31025641025641026,0.3307692307692307,0.4794871794871795,0.2,0.32051282051282043,0.3923076923076923,0.2358974358974359,0.37179487179487186,0.5230769230769231,0.3384615384615385,0.1384615384615384,0.4205128205128205,0.258974358974359,0.32051282051282043,0.30512820512820515,0.21794871794871795,0.4769230769230769,0.38974358974358975,0.3487179487179487,0.2615384615384616,0.3717948717948718,0.31025641025641026,0.31794871794871793,0.3,0.43846153846153846,0.2615384615384615,0.10256410256410256,0.7948717948717948,0.10256410256410264,0.4461538461538462,0.28717948717948716,0.2666666666666667,0.4461538461538462,0.2717948717948718,0.2820512820512821
search_space_enz_84,0.25835866261398177,0.44680851063829785,0.2948328267477204,0.36879432624113473,0.364741641337386,0.26646403242147926,0.5764944275582573,0.17223910840932116,0.25126646403242153,0.3515704154002026,0.3272543059777102,0.32117527862208717,0.5278622087132725,0.3708206686930091,0.10131712259371839,0.3637284701114488,0.3566362715298885,0.27963525835866265,0.2847011144883485,0.24316109422492402,0.4721377912867275,0.4508611955420466,0.3181357649442756,0.2310030395136778,0.3211752786220871,0.3951367781155015,0.2836879432624113,0.38703140830800403,0.3819655521783181,0.2310030395136779,0.10536980749746708,0.7882472137791287,0.1063829787234043,0.4518743667679838,0.25835866261398177,0.28976697061803436,0.5096251266464032,0.25835866261398177,0.23201621073961498
search_space_enz_85,0.32608695652173914,0.42391304347826086,0.25,0.32608695652173914,0.44565217391304346,0.2282608695652174,0.6195652173913043,0.18478260869565216,0.19565217391304351,0.358695652173913,0.34782608695652173,0.2934782608695652,0.532608695652174,0.32608695652173914,0.14130434782608692,0.45652173913043476,0.32608695652173914,0.21739130434782605,0.358695652173913,0.17391304347826086,0.46739130434782605,0.4673913043478261,0.2391304347826087,0.29347826086956513,0.29347826086956524,0.34782608695652173,0.3586956521739131,0.358695652173913,0.34782608695652173,0.2934782608695652,0.15217391304347827,0.6956521739130435,0.15217391304347827,0.4673913043478261,0.2826086956521739,0.24999999999999994,0.43478260869565216,0.32608695652173914,0.23913043478260876
search_space_enz_86,0.2842377260981912,0.43410852713178294,0.28165374677002586,0.4108527131782946,0.3152454780361757,0.27390180878552967,0.5297157622739018,0.2041343669250646,0.2661498708010336,0.4186046511627907,0.2454780361757106,0.3359173126614986,0.537467700258398,0.3488372093023256,0.11369509043927645,0.42118863049095606,0.3049095607235142,0.2739018087855298,0.3049095607235142,0.23255813953488372,0.46253229974160215,0.39018087855297157,0.3462532299741602,0.26356589147286824,0.3359173126614987,0.3385012919896641,0.3255813953488372,0.34108527131782945,0.3953488372093023,0.2635658914728683,0.08527131782945736,0.7829457364341085,0.13178294573643412,0.42118863049095606,0.3023255813953488,0.2764857881136952,0.4392764857881137,0.2842377260981912,0.27648578811369506
search_space_enz_87,0.2467866323907455,0.46786632390745503,0.2853470437017995,0.35218508997429304,0.36503856041131105,0.28277634961439585,0.5526992287917738,0.17737789203084833,0.2699228791773779,0.35732647814910024,0.32904884318766064,0.3136246786632391,0.5244215938303342,0.37275064267352187,0.10282776349614398,0.39845758354755784,0.32904884318766064,0.27249357326478146,0.27249357326478146,0.2519280205655527,0.4755784061696658,0.455012853470437,0.3033419023136247,0.24164524421593836,0.31362467866323906,0.39588688946015427,0.29048843187660667,0.36503856041131105,0.39331619537275064,0.24164524421593825,0.09254498714652956,0.7917737789203085,0.11568123393316188,0.4524421593830334,0.2699228791773779,0.27763496143958866,0.4781491002570694,0.2467866323907455,0.27506426735218503
search_space_enz_88,0.3469387755102041,0.41836734693877553,0.23469387755102045,0.40816326530612246,0.3163265306122449,0.2755102040816326,0.6122448979591837,0.14285714285714285,0.24489795918367346,0.41836734693877553,0.2857142857142857,0.29591836734693877,0.6020408163265306,0.2653061224489796,0.13265306122448978,0.4897959183673469,0.30612244897959184,0.20408163265306123,0.3469387755102041,0.25510204081632654,0.39795918367346944,0.3979591836734694,0.2857142857142857,0.3163265306122449,0.29591836734693877,0.336734693877551,0.3673469387755102,0.30612244897959184,0.37755102040816324,0.3163265306122449,0.1326530612244898,0.7346938775510204,0.13265306122448972,0.42857142857142855,0.2653061224489796,0.3061224489795918,0.3877551020408163,0.3469387755102041,0.2653061224489796
search_space_enz_89,0.26570048309178745,0.427536231884058,0.3067632850241545,0.3888888888888889,0.3502415458937198,0.26086956521739135,0.5628019323671497,0.19806763285024154,0.23913043478260876,0.3526570048309179,0.30193236714975846,0.34541062801932365,0.5362318840579711,0.3502415458937198,0.11352657004830913,0.3695652173913043,0.34541062801932365,0.285024154589372,0.2922705314009662,0.24396135265700483,0.46376811594202905,0.4057971014492754,0.34057971014492755,0.25362318840579706,0.34541062801932365,0.36231884057971014,0.2922705314009662,0.35990338164251207,0.3864734299516908,0.25362318840579706,0.10869565217391304,0.7971014492753623,0.09420289855072461,0.42028985507246375,0.2826086956521739,0.29710144927536236,0.49033816425120774,0.26570048309178745,0.24396135265700486
search_space_enz_90,0.28182807399347115,0.41566920565832427,0.30250272034820463,0.3862894450489663,0.34602829162132753,0.26768226332970624,0.5614798694232862,0.1882480957562568,0.250272034820457,0.3721436343852013,0.2883569096844396,0.339499455930359,0.5364526659412405,0.3601741022850925,0.10337323177366697,0.4058759521218716,0.30903155603917304,0.2850924918389554,0.3068552774755169,0.2295973884657236,0.4635473340587595,0.4134929270946681,0.3394994559303591,0.2470076169749728,0.3394994559303591,0.34276387377584333,0.31773667029379765,0.34276387377584333,0.4102285092491839,0.2470076169749727,0.09902067464635474,0.7889009793253536,0.11207834602829159,0.44178454842219805,0.27529923830250275,0.2829162132752992,0.46354733405875953,0.28182807399347115,0.2546245919477694
search_space_enz_91,0.1921182266009852,0.4975369458128079,0.3103448275862069,0.3645320197044335,0.3645320197044335,0.270935960591133,0.6108374384236454,0.13793103448275862,0.25123152709359603,0.33497536945812806,0.3497536945812808,0.3152709359605911,0.4827586206896552,0.42857142857142855,0.0886699507389162,0.2857142857142857,0.4236453201970443,0.29064039408867,0.23645320197044334,0.24630541871921183,0.5172413793103449,0.49261083743842365,0.35960591133004927,0.14778325123152702,0.31527093596059114,0.46798029556650245,0.21674876847290636,0.4236453201970443,0.42857142857142855,0.1477832512315272,0.054187192118226604,0.8571428571428571,0.08866995073891626,0.4876847290640394,0.24630541871921183,0.2660098522167488,0.5714285714285714,0.1921182266009852,0.2364532019704434
search_space_enz_92,0.2678386763185109,0.44881075491209926,0.28335056876938985,0.40227507755946224,0.3784901758014478,0.21923474663908998,0.6297828335056876,0.1654601861427094,0.20475698035160295,0.36814891416752843,0.327817993795243,0.3040330920372285,0.5284384694932782,0.38986556359875907,0.08169596690796271,0.34643226473629785,0.3846949327817994,0.26887280248190276,0.2998965873836608,0.22854188210961737,0.4715615305067219,0.4756980351602896,0.3329886246122027,0.1913133402275078,0.30403309203722856,0.40641158221303,0.2895553257497415,0.43536711478800416,0.3733195449844881,0.19131334022750773,0.08996897621509824,0.7890382626680456,0.1209927611168562,0.4436401240951396,0.27404343329886244,0.28231644260599803,0.5056876938986556,0.2678386763185109,0.22647362978283347
search_space_enz_93,0.336734693877551,0.42857142857142855,0.2346938775510204,0.41836734693877553,0.30612244897959184,0.2755102040816326,0.6122448979591837,0.14285714285714285,0.24489795918367346,0.41836734693877553,0.2857142857142857,0.29591836734693877,0.6122448979591837,0.25510204081632654,0.13265306122448978,0.47959183673469385,0.3163265306122449,0.20408163265306123,0.336734693877551,0.2755102040816326,0.3877551020408163,0.40816326530612246,0.2755102040816326,0.3163265306122449,0.29591836734693877,0.3469387755102041,0.35714285714285715,0.3163265306122449,0.3673469387755102,0.31632653061224486,0.1326530612244898,0.7448979591836735,0.12244897959183665,0.40816326530612246,0.2755102040816326,0.3163265306122449,0.3877551020408163,0.336734693877551,0.2755102040816327
search_space_enz_94,0.2617283950617284,0.42962962962962964,0.30864197530864196,0.3802469135802469,0.3432098765432099,0.27654320987654324,0.5456790123456791,0.19753086419753085,0.2567901234567901,0.362962962962963,0.29876543209876544,0.33827160493827163,0.5012345679012346,0.3728395061728395,0.12592592592592594,0.3851851851851852,0.32592592592592595,0.28888888888888886,0.2518518518518518,0.24938271604938272,0.4987654320987655,0.4,0.36790123456790125,0.23209876543209873,0.33827160493827163,0.3506172839506173,0.311111111111111,0.34814814814814815,0.41975308641975306,0.23209876543209884,0.07654320987654321,0.8098765432098766,0.11358024691358026,0.43950617283950616,0.291358024691358,0.26913580246913577,0.5037037037037037,0.2617283950617284,0.23456790123456794
