search_space_enz_0,0.2246153846153846,0.2076923076923077,0.23692307692307693,0.2723076923076923,0.2123076923076923,0.18461538461538463,0.22615384615384615,0.27692307692307694,0.11076923076923077,0.19230769230769232,0.28307692307692306,0.18615384615384614,0.3446153846153846,0.13692307692307693,0.07846153846153846,0.20307692307692307,0.2630769230769231,0.1723076923076923,0.16,0.3046153846153846,0.17692307692307693,0.2784615384615385,0.18,0.2123076923076923,0.21846153846153846,0.25076923076923074,0.19076923076923077,0.2723076923076923,0.14615384615384616,0.24615384615384617,0.18307692307692308,0.023076923076923078,0.20153846153846153,0.24,0.25384615384615383,0.1723076923076923,0.26615384615384613,0.21076923076923076,0.16615384615384615
search_space_enz_1,0.1717557251908397,0.2099236641221374,0.25190839694656486,0.20610687022900764,0.2900763358778626,0.17938931297709923,0.1946564885496183,0.3549618320610687,0.09923664122137404,0.183206106870229,0.33969465648854963,0.16030534351145037,0.3244274809160305,0.15267175572519084,0.061068702290076333,0.22900763358778625,0.2480916030534351,0.1984732824427481,0.11068702290076336,0.31679389312977096,0.16030534351145037,0.2824427480916031,0.15648854961832062,0.16793893129770993,0.24427480916030533,0.25572519083969464,0.14885496183206107,0.31297709923664124,0.13740458015267176,0.18702290076335878,0.12595419847328243,0.04198473282442748,0.1946564885496183,0.22137404580152673,0.1717557251908397,0.1450381679389313,0.2824427480916031,0.22900763358778625,0.09923664122137404
search_space_enz_2,0.2112676056338028,0.20422535211267606,0.2535211267605634,0.2535211267605634,0.22535211267605634,0.19718309859154928,0.1795774647887324,0.3345070422535211,0.07394366197183098,0.22183098591549297,0.27816901408450706,0.1936619718309859,0.38028169014084506,0.1056338028169014,0.09154929577464789,0.22887323943661972,0.2640845070422535,0.16549295774647887,0.13380281690140844,0.33098591549295775,0.15492957746478872,0.2852112676056338,0.1795774647887324,0.19014084507042253,0.2323943661971831,0.23943661971830985,0.19718309859154928,0.29225352112676056,0.1443661971830986,0.22535211267605634,0.15492957746478872,0.028169014084507043,0.20422535211267606,0.2535211267605634,0.22183098591549297,0.13732394366197184,0.2887323943661972,0.25,0.1267605633802817
search_space_enz_3,0.1962962962962963,0.1962962962962963,0.2222222222222222,0.24814814814814815,0.24814814814814815,0.18518518518518517,0.23703703703703705,0.28888888888888886,0.10740740740740741,0.15555555555555556,0.26296296296296295,0.18518518518518517,0.34814814814814815,0.12962962962962962,0.09259259259259259,0.1925925925925926,0.23333333333333334,0.14814814814814814,0.1037037037037037,0.2814814814814815,0.1962962962962963,0.25555555555555554,0.14814814814814814,0.15925925925925927,0.2037037037037037,0.24444444444444444,0.15555555555555556,0.26666666666666666,0.13333333333333333,0.17407407407407408,0.11481481481481481,0.03333333333333333,0.2111111111111111,0.24814814814814815,0.2,0.14444444444444443,0.25555555555555554,0.18888888888888888,0.13703703703703704
search_space_enz_4,0.18584070796460178,0.19911504424778761,0.23008849557522124,0.25663716814159293,0.19469026548672566,0.21238938053097345,0.23008849557522124,0.25663716814159293,0.12389380530973451,0.20353982300884957,0.26991150442477874,0.19469026548672566,0.3805309734513274,0.11946902654867257,0.0752212389380531,0.22566371681415928,0.25663716814159293,0.14601769911504425,0.11946902654867257,0.2920353982300885,0.2079646017699115,0.2345132743362832,0.19911504424778761,0.16371681415929204,0.2168141592920354,0.24778761061946902,0.18141592920353983,0.23893805309734514,0.168141592920354,0.19469026548672566,0.15486725663716813,0.035398230088495575,0.1592920353982301,0.21238938053097345,0.22123893805309736,0.17699115044247787,0.25663716814159293,0.25663716814159293,0.12831858407079647
search_space_enz_5,0.2010443864229765,0.26370757180156656,0.22193211488250653,0.2506527415143603,0.21409921671018275,0.18276762402088773,0.2402088772845953,0.2819843342036554,0.09921671018276762,0.17754569190600522,0.3342036553524804,0.1618798955613577,0.32114882506527415,0.185378590078329,0.05483028720626632,0.21148825065274152,0.30548302872062666,0.16971279373368145,0.1462140992167102,0.2924281984334204,0.21409921671018275,0.28720626631853785,0.18276762402088773,0.16971279373368145,0.21148825065274152,0.2845953002610966,0.1906005221932115,0.2793733681462141,0.15404699738903394,0.19843342036553524,0.19321148825065274,0.031331592689295036,0.19843342036553524,0.23237597911227154,0.2349869451697128,0.18276762402088773,0.3394255874673629,0.1906005221932115,0.12532637075718014
search_space_enz_6,0.22251308900523561,0.23036649214659685,0.19633507853403143,0.2696335078534031,0.23298429319371727,0.17539267015706805,0.225130890052356,0.2879581151832461,0.1099476439790576,0.2094240837696335,0.34293193717277487,0.1256544502617801,0.34293193717277487,0.16753926701570682,0.08376963350785341,0.23821989528795812,0.27225130890052357,0.14397905759162305,0.15706806282722513,0.32722513089005234,0.18324607329842932,0.2513089005235602,0.2198952879581152,0.19895287958115182,0.193717277486911,0.27486910994764396,0.21465968586387435,0.2356020942408377,0.18848167539267016,0.23036649214659685,0.193717277486911,0.049738219895287955,0.19109947643979058,0.2591623036649215,0.21727748691099477,0.19109947643979058,0.28534031413612565,0.19633507853403143,0.16753926701570682
search_space_enz_7,0.21311475409836064,0.24180327868852458,0.22131147540983606,0.23770491803278687,0.2786885245901639,0.16393442622950818,0.21721311475409835,0.3073770491803279,0.11065573770491803,0.18032786885245902,0.35655737704918034,0.10655737704918032,0.28688524590163933,0.20901639344262296,0.0860655737704918,0.23770491803278687,0.29098360655737704,0.1557377049180328,0.13934426229508196,0.3401639344262295,0.1557377049180328,0.2336065573770492,0.2336065573770492,0.1762295081967213,0.20081967213114754,0.26229508196721313,0.20081967213114754,0.21311475409836064,0.19672131147540983,0.21311475409836064,0.18032786885245902,0.036885245901639344,0.21721311475409835,0.28688524590163933,0.20491803278688525,0.1885245901639344,0.30327868852459017,0.20491803278688525,0.15163934426229508
search_space_enz_8,0.23148148148148148,0.16898148148148148,0.25462962962962965,0.24074074074074073,0.21296296296296297,0.2037037037037037,0.2037037037037037,0.2708333333333333,0.12268518518518519,0.1736111111111111,0.2986111111111111,0.16203703703703703,0.32407407407407407,0.13194444444444445,0.09027777777777778,0.21296296296296297,0.22453703703703703,0.18055555555555555,0.13657407407407407,0.2962962962962963,0.1597222222222222,0.28935185185185186,0.1736111111111111,0.18287037037037038,0.22916666666666666,0.23148148148148148,0.21064814814814814,0.2847222222222222,0.14583333333333334,0.21064814814814814,0.1388888888888889,0.02546296296296296,0.2013888888888889,0.2662037037037037,0.24305555555555555,0.1875,0.2361111111111111,0.25462962962962965,0.16435185185185186
search_space_enz_9,0.27340823970037453,0.14606741573033707,0.27715355805243447,0.299625468164794,0.1947565543071161,0.15355805243445692,0.20224719101123595,0.27715355805243447,0.056179775280898875,0.22846441947565543,0.20224719101123595,0.22846441947565543,0.44569288389513106,0.0599250936329588,0.06741573033707865,0.29213483146067415,0.18352059925093633,0.23220973782771537,0.1348314606741573,0.32209737827715357,0.18352059925093633,0.3333333333333333,0.20224719101123595,0.10861423220973783,0.26591760299625467,0.1647940074906367,0.2696629213483146,0.352059925093633,0.18726591760299627,0.12359550561797752,0.19850187265917604,0.018726591760299626,0.1760299625468165,0.24344569288389514,0.27715355805243447,0.13857677902621723,0.30711610486891383,0.1947565543071161,0.11235955056179775
search_space_enz_10,0.18723404255319148,0.19574468085106383,0.2425531914893617,0.23829787234042554,0.20851063829787234,0.251063829787234,0.19574468085106383,0.3191489361702128,0.09787234042553192,0.19574468085106383,0.28085106382978725,0.19148936170212766,0.3404255319148936,0.17446808510638298,0.08085106382978724,0.2851063829787234,0.251063829787234,0.14468085106382977,0.13617021276595745,0.2553191489361702,0.25957446808510637,0.225531914893617,0.22127659574468084,0.17446808510638298,0.23829787234042554,0.23404255319148937,0.1829787234042553,0.251063829787234,0.18723404255319148,0.20851063829787234,0.1574468085106383,0.01276595744680851,0.1829787234042553,0.28085106382978725,0.225531914893617,0.17872340425531916,0.24680851063829787,0.251063829787234,0.13617021276595745
search_space_enz_11,0.2619047619047619,0.16326530612244897,0.24829931972789115,0.282312925170068,0.19727891156462585,0.20408163265306123,0.24489795918367346,0.24829931972789115,0.12585034013605442,0.21768707482993196,0.282312925170068,0.16326530612244897,0.37755102040816324,0.11564625850340136,0.09523809523809523,0.24829931972789115,0.2108843537414966,0.19387755102040816,0.13945578231292516,0.3197278911564626,0.17346938775510204,0.2789115646258503,0.20748299319727892,0.16326530612244897,0.22789115646258504,0.21768707482993196,0.21428571428571427,0.2891156462585034,0.17687074829931973,0.19387755102040816,0.18027210884353742,0.023809523809523808,0.19047619047619047,0.23809523809523808,0.24149659863945577,0.17687074829931973,0.2585034013605442,0.22448979591836735,0.16666666666666666
search_space_enz_12,0.24563758389261744,0.20268456375838925,0.17986577181208055,0.276510067114094,0.1906040268456376,0.17583892617449665,0.23758389261744967,0.24295302013422818,0.10738255033557047,0.19463087248322147,0.28993288590604027,0.11409395973154363,0.2644295302013423,0.1825503355704698,0.06174496644295302,0.21208053691275167,0.2644295302013423,0.10469798657718121,0.14630872483221477,0.29395973154362415,0.15302013422818792,0.24295302013422818,0.17986577181208055,0.18389261744966443,0.15302013422818792,0.25100671140939596,0.2080536912751678,0.24026845637583893,0.12751677852348994,0.23624161073825503,0.18523489932885906,0.04832214765100671,0.19328859060402684,0.24697986577181208,0.21073825503355706,0.174496644295302,0.276510067114094,0.17718120805369128,0.17181208053691274
search_space_enz_13,0.21750663129973474,0.22811671087533156,0.17771883289124668,0.2413793103448276,0.21220159151193635,0.16976127320954906,0.20689655172413793,0.26790450928381965,0.10344827586206896,0.16710875331564987,0.30238726790450926,0.1246684350132626,0.32360742705570295,0.14058355437665782,0.10344827586206896,0.1962864721485411,0.27586206896551724,0.11936339522546419,0.15384615384615385,0.3209549071618037,0.14323607427055704,0.21750663129973474,0.1830238726790451,0.18037135278514588,0.15384615384615385,0.27320954907161804,0.16180371352785147,0.22811671087533156,0.14058355437665782,0.22281167108753316,0.17771883289124668,0.029177718832891247,0.20424403183023873,0.259946949602122,0.21485411140583555,0.14323607427055704,0.27851458885941643,0.1830238726790451,0.16710875331564987
search_space_enz_14,0.21428571428571427,0.18181818181818182,0.24025974025974026,0.22077922077922077,0.25757575757575757,0.17965367965367965,0.19696969696969696,0.3116883116883117,0.12121212121212122,0.15151515151515152,0.3268398268398268,0.13852813852813853,0.329004329004329,0.15800865800865802,0.08441558441558442,0.23376623376623376,0.25757575757575757,0.15151515151515152,0.14285714285714285,0.2878787878787879,0.19913419913419914,0.24458874458874458,0.2012987012987013,0.22943722943722944,0.22943722943722944,0.23593073593073594,0.20346320346320346,0.21861471861471862,0.170995670995671,0.2597402597402597,0.170995670995671,0.032467532467532464,0.18181818181818182,0.24025974025974026,0.24025974025974026,0.18398268398268397,0.23376623376623376,0.23809523809523808,0.16233766233766234
search_space_enz_15,0.1746031746031746,0.20634920634920634,0.32275132275132273,0.2222222222222222,0.26455026455026454,0.164021164021164,0.19047619047619047,0.2962962962962963,0.10052910052910052,0.12698412698412698,0.37037037037037035,0.14814814814814814,0.36507936507936506,0.1746031746031746,0.13227513227513227,0.1746031746031746,0.30158730158730157,0.19576719576719576,0.047619047619047616,0.36507936507936506,0.1746031746031746,0.31746031746031744,0.17989417989417988,0.14285714285714285,0.25925925925925924,0.25925925925925924,0.164021164021164,0.26455026455026454,0.13756613756613756,0.18518518518518517,0.1111111111111111,0.015873015873015872,0.20634920634920634,0.24867724867724866,0.24867724867724866,0.15343915343915343,0.24338624338624337,0.25925925925925924,0.13756613756613756
search_space_enz_16,0.1956521739130435,0.24110671936758893,0.21936758893280633,0.2628458498023715,0.2015810276679842,0.16996047430830039,0.23517786561264822,0.23715415019762845,0.10276679841897234,0.15217391304347827,0.3359683794466403,0.1324110671936759,0.3142292490118577,0.17391304347826086,0.07905138339920949,0.20948616600790515,0.2865612648221344,0.1541501976284585,0.1383399209486166,0.2984189723320158,0.18972332015810275,0.2924901185770751,0.17391304347826086,0.17193675889328064,0.191699604743083,0.2766798418972332,0.18379446640316205,0.28063241106719367,0.1383399209486166,0.2075098814229249,0.16996047430830039,0.03557312252964427,0.20355731225296442,0.2490118577075099,0.233201581027668,0.1857707509881423,0.30039525691699603,0.1976284584980237,0.13636363636363635
search_space_enz_17,0.23741007194244604,0.18705035971223022,0.21942446043165467,0.28776978417266186,0.24820143884892087,0.13309352517985612,0.17625899280575538,0.2949640287769784,0.06474820143884892,0.24820143884892087,0.25539568345323743,0.18705035971223022,0.37050359712230213,0.11510791366906475,0.07194244604316546,0.20863309352517986,0.26618705035971224,0.13309352517985612,0.12589928057553956,0.3057553956834532,0.17985611510791366,0.25539568345323743,0.19424460431654678,0.21942446043165467,0.18705035971223022,0.25539568345323743,0.19784172661870503,0.25539568345323743,0.17985611510791366,0.23381294964028776,0.14028776978417265,0.06115107913669065,0.23381294964028776,0.21223021582733814,0.2805755395683453,0.14028776978417265,0.25539568345323743,0.2014388489208633,0.16906474820143885
search_space_enz_18,0.1984732824427481,0.23155216284987276,0.23918575063613232,0.2595419847328244,0.22900763358778625,0.178117048346056,0.25190839694656486,0.2595419847328244,0.13231552162849872,0.13486005089058525,0.36895674300254455,0.12213740458015267,0.35368956743002544,0.15267175572519084,0.0916030534351145,0.19083969465648856,0.30025445292620867,0.16030534351145037,0.13486005089058525,0.33078880407124683,0.17557251908396945,0.25699745547073793,0.2366412213740458,0.16539440203562342,0.2035623409669211,0.2875318066157761,0.16793893129770993,0.2340966921119593,0.20865139949109415,0.19338422391857507,0.183206106870229,0.03816793893129771,0.18575063613231552,0.2544529262086514,0.21374045801526717,0.17302798982188294,0.26463104325699743,0.2340966921119593,0.16539440203562342
search_space_enz_19,0.266347687400319,0.14832535885167464,0.21690590111642744,0.28708133971291866,0.22647527910685805,0.13875598086124402,0.22169059011164274,0.2631578947368421,0.0861244019138756,0.22328548644338117,0.27910685805422647,0.11802232854864433,0.3572567783094099,0.12280701754385964,0.05582137161084529,0.27910685805422647,0.20414673046251994,0.13556618819776714,0.16905901116427433,0.2551834130781499,0.22488038277511962,0.2743221690590112,0.23763955342902712,0.11802232854864433,0.21212121212121213,0.1850079744816587,0.25199362041467305,0.291866028708134,0.189792663476874,0.16586921850079744,0.15311004784688995,0.04146730462519936,0.19776714513556617,0.189792663476874,0.2902711323763955,0.17703349282296652,0.24720893141945774,0.22488038277511962,0.1674641148325359
search_space_enz_20,0.23636363636363636,0.19272727272727272,0.22545454545454546,0.21454545454545454,0.22181818181818183,0.20727272727272728,0.18545454545454546,0.3090909090909091,0.09818181818181818,0.1781818181818182,0.26545454545454544,0.18181818181818182,0.3927272727272727,0.12363636363636364,0.06545454545454546,0.23272727272727273,0.26545454545454544,0.13818181818181818,0.14545454545454545,0.3054545454545455,0.2109090909090909,0.26181818181818184,0.1890909090909091,0.17454545454545456,0.21454545454545454,0.23272727272727273,0.22181818181818183,0.2727272727272727,0.14909090909090908,0.21454545454545454,0.18181818181818182,0.02181818181818182,0.18181818181818182,0.2727272727272727,0.23636363636363636,0.13454545454545455,0.2545454545454545,0.2109090909090909,0.17454545454545456
search_space_enz_21,0.24465733235077378,0.15070007369196758,0.1901252763448784,0.22660280029476787,0.2196020633750921,0.17391304347826086,0.16801768607221812,0.29734708916728075,0.08364038319823139,0.23323507737656596,0.22254974207811348,0.12785556374355195,0.32608695652173914,0.10316875460574797,0.04716285924834193,0.2844509948415623,0.2133382461311717,0.11495946941783346,0.18717759764185704,0.25497420781134855,0.17428150331613854,0.262343404568902,0.1798084008843036,0.1182756079587325,0.1735445836403832,0.17686072218128224,0.23691967575534267,0.29734708916728075,0.13006632277081798,0.16801768607221812,0.18791451731761238,0.020633750921149593,0.15622697126013266,0.1669123065585851,0.2932940309506264,0.1271186440677966,0.24281503316138542,0.23028739867354459,0.15254237288135594
search_space_enz_22,0.2601536772777168,0.15916575192096596,0.1942919868276619,0.2843029637760702,0.18990120746432493,0.17672886937431395,0.2283205268935236,0.2502744237102086,0.09879253567508232,0.23380900109769484,0.24259055982436883,0.12623490669593854,0.31833150384193193,0.12294182217343579,0.07464324917672886,0.24807903402854006,0.20856201975850713,0.13611416026344675,0.1734357848518112,0.26344676180021953,0.1778265642151482,0.24478594950603733,0.21405049396267836,0.1734357848518112,0.18331503841931943,0.18551042810098792,0.23161361141602635,0.24039517014270034,0.15477497255762898,0.2327113062568606,0.18660812294182216,0.043907793633369926,0.19319429198682767,0.19319429198682767,0.2711306256860593,0.1394072447859495,0.2623490669593853,0.19978046103183314,0.15697036223929747
search_space_enz_23,0.2127659574468085,0.18439716312056736,0.2765957446808511,0.2553191489361702,0.2198581560283688,0.19148936170212766,0.18085106382978725,0.33687943262411346,0.0673758865248227,0.2198581560283688,0.2624113475177305,0.20567375886524822,0.36524822695035464,0.13120567375886524,0.07446808510638298,0.23404255319148937,0.24822695035460993,0.19148936170212766,0.13829787234042554,0.31560283687943264,0.18085106382978725,0.2978723404255319,0.18439716312056736,0.17375886524822695,0.25177304964539005,0.21631205673758866,0.20212765957446807,0.3049645390070922,0.14893617021276595,0.20921985815602837,0.1773049645390071,0.02127659574468085,0.1773049645390071,0.24468085106382978,0.2127659574468085,0.16312056737588654,0.2765957446808511,0.24468085106382978,0.12056737588652482
search_space_enz_24,0.212890625,0.220703125,0.244140625,0.19921875,0.22265625,0.19140625,0.185546875,0.306640625,0.103515625,0.1796875,0.34375,0.140625,0.32421875,0.18359375,0.109375,0.201171875,0.271484375,0.181640625,0.115234375,0.318359375,0.189453125,0.244140625,0.220703125,0.212890625,0.228515625,0.255859375,0.181640625,0.236328125,0.185546875,0.248046875,0.169921875,0.017578125,0.185546875,0.248046875,0.201171875,0.166015625,0.265625,0.234375,0.16796875
search_space_enz_25,0.2531914893617021,0.15531914893617021,0.22127659574468084,0.3,0.1723404255319149,0.2148936170212766,0.16170212765957448,0.26595744680851063,0.1127659574468085,0.251063829787234,0.23829787234042554,0.15106382978723404,0.4085106382978723,0.09361702127659574,0.07234042553191489,0.26382978723404255,0.20425531914893616,0.1595744680851064,0.10851063829787234,0.32553191489361705,0.17659574468085107,0.30425531914893617,0.16595744680851063,0.13404255319148936,0.21063829787234042,0.17872340425531916,0.23404255319148937,0.2978723404255319,0.14680851063829786,0.15319148936170213,0.14468085106382977,0.029787234042553193,0.1702127659574468,0.22340425531914893,0.2276595744680851,0.125531914893617,0.2936170212765957,0.20212765957446807,0.1148936170212766
search_space_enz_26,0.18859649122807018,0.19736842105263158,0.22587719298245615,0.29385964912280704,0.17543859649122806,0.18859649122807018,0.19956140350877194,0.26096491228070173,0.09429824561403509,0.2149122807017544,0.25877192982456143,0.17324561403508773,0.39473684210526316,0.09649122807017543,0.06578947368421052,0.21929824561403508,0.24780701754385964,0.17543859649122806,0.11842105263157894,0.2850877192982456,0.20614035087719298,0.3092105263157895,0.14692982456140352,0.17763157894736842,0.2149122807017544,0.21710526315789475,0.18421052631578946,0.2982456140350877,0.12719298245614036,0.19736842105263158,0.1337719298245614,0.041666666666666664,0.1600877192982456,0.20394736842105263,0.23464912280701755,0.13815789473684212,0.3092105263157895,0.20833333333333334,0.07675438596491228
search_space_enz_27,0.19956140350877194,0.19078947368421054,0.22807017543859648,0.2741228070175439,0.19517543859649122,0.17763157894736842,0.18640350877192982,0.26535087719298245,0.09868421052631579,0.20833333333333334,0.26535087719298245,0.16666666666666666,0.39035087719298245,0.10526315789473684,0.06578947368421052,0.21929824561403508,0.24342105263157895,0.17105263157894737,0.12719298245614036,0.2807017543859649,0.2149122807017544,0.29605263157894735,0.1600877192982456,0.16885964912280702,0.22149122807017543,0.21052631578947367,0.18640350877192982,0.2807017543859649,0.13596491228070176,0.19298245614035087,0.14035087719298245,0.039473684210526314,0.17105263157894737,0.20614035087719298,0.25,0.13157894736842105,0.30701754385964913,0.20614035087719298,0.08333333333333333
search_space_enz_28,0.20146520146520147,0.28205128205128205,0.21245421245421245,0.1978021978021978,0.28205128205128205,0.18681318681318682,0.16483516483516483,0.358974358974359,0.09523809523809523,0.1282051282051282,0.32234432234432236,0.17216117216117216,0.31135531135531136,0.1978021978021978,0.08791208791208792,0.13553113553113552,0.3333333333333333,0.1391941391941392,0.12454212454212454,0.3626373626373626,0.14652014652014653,0.23443223443223443,0.1794871794871795,0.20512820512820512,0.16117216117216118,0.3333333333333333,0.1575091575091575,0.2564102564102564,0.13553113553113552,0.2490842490842491,0.20146520146520147,0.047619047619047616,0.2087912087912088,0.2600732600732601,0.2564102564102564,0.15018315018315018,0.32967032967032966,0.15384615384615385,0.15384615384615385
search_space_enz_29,0.20175438596491227,0.18859649122807018,0.23026315789473684,0.2850877192982456,0.17982456140350878,0.18421052631578946,0.20394736842105263,0.2565789473684211,0.09868421052631579,0.20614035087719298,0.25877192982456143,0.17324561403508773,0.39473684210526316,0.10087719298245613,0.06140350877192982,0.21929824561403508,0.23903508771929824,0.17982456140350878,0.11403508771929824,0.2850877192982456,0.21052631578947367,0.28728070175438597,0.16885964912280702,0.17324561403508773,0.22149122807017543,0.21052631578947367,0.19078947368421054,0.2719298245614035,0.14473684210526316,0.19736842105263158,0.1425438596491228,0.046052631578947366,0.1600877192982456,0.21271929824561403,0.23903508771929824,0.13815789473684212,0.3048245614035088,0.20833333333333334,0.08552631578947369
search_space_enz_30,0.22465753424657534,0.2356164383561644,0.18904109589041096,0.20273972602739726,0.2410958904109589,0.1780821917808219,0.19452054794520549,0.2876712328767123,0.12054794520547946,0.16164383561643836,0.3506849315068493,0.10684931506849316,0.3561643835616438,0.13972602739726028,0.10136986301369863,0.23835616438356164,0.29041095890410956,0.1232876712328767,0.14794520547945206,0.3287671232876712,0.16712328767123288,0.2602739726027397,0.1917808219178082,0.1780821917808219,0.18082191780821918,0.27671232876712326,0.2,0.2410958904109589,0.1643835616438356,0.2054794520547945,0.1726027397260274,0.024657534246575342,0.2328767123287671,0.2493150684931507,0.22465753424657534,0.15616438356164383,0.3424657534246575,0.18904109589041096,0.1178082191780822
search_space_enz_31,0.24688796680497926,0.14730290456431536,0.24066390041493776,0.2883817427385892,0.16804979253112035,0.2012448132780083,0.16182572614107885,0.27593360995850624,0.08921161825726141,0.25933609958506226,0.21369294605809128,0.1825726141078838,0.3755186721991701,0.09336099585062241,0.06431535269709543,0.25933609958506226,0.1887966804979253,0.1950207468879668,0.13692946058091288,0.27800829875518673,0.1908713692946058,0.31742738589211617,0.14107883817427386,0.17634854771784234,0.23029045643153526,0.16597510373443983,0.22821576763485477,0.3257261410788382,0.12448132780082988,0.19294605809128632,0.17634854771784234,0.035269709543568464,0.15975103734439833,0.2053941908713693,0.24688796680497926,0.12240663900414937,0.2966804979253112,0.1950207468879668,0.0975103734439834
search_space_enz_32,0.19527896995708155,0.18240343347639484,0.23605150214592274,0.27896995708154504,0.17381974248927037,0.2167381974248927,0.19742489270386265,0.27253218884120173,0.11373390557939914,0.22317596566523606,0.2532188841201717,0.16523605150214593,0.3798283261802575,0.09871244635193133,0.06437768240343347,0.22317596566523606,0.2446351931330472,0.16952789699570817,0.13304721030042918,0.2832618025751073,0.19527896995708155,0.30257510729613735,0.15021459227467812,0.16952789699570817,0.22317596566523606,0.19527896995708155,0.19957081545064378,0.2811158798283262,0.13733905579399142,0.18240343347639484,0.1630901287553648,0.034334763948497854,0.1630901287553648,0.22317596566523606,0.22532188841201717,0.13733905579399142,0.2875536480686695,0.23819742489270387,0.09012875536480687
search_space_enz_33,0.26053639846743293,0.17049808429118773,0.21455938697318008,0.2547892720306513,0.210727969348659,0.18773946360153257,0.1781609195402299,0.29118773946360155,0.10727969348659004,0.2222222222222222,0.2624521072796935,0.13026819923371646,0.3946360153256705,0.10153256704980843,0.08237547892720307,0.2662835249042146,0.2222222222222222,0.15900383141762453,0.13793103448275862,0.28544061302681994,0.210727969348659,0.30842911877394635,0.16091954022988506,0.14367816091954022,0.20306513409961685,0.1896551724137931,0.24904214559386972,0.29693486590038315,0.1417624521072797,0.16283524904214558,0.14559386973180077,0.011494252873563218,0.16666666666666666,0.19348659003831417,0.26053639846743293,0.15900383141762453,0.29310344827586204,0.20114942528735633,0.13793103448275862
search_space_enz_34,0.25869565217391305,0.15434782608695652,0.2565217391304348,0.26304347826086955,0.17608695652173914,0.2217391304347826,0.16521739130434782,0.3217391304347826,0.07173913043478261,0.23478260869565218,0.1934782608695652,0.23043478260869565,0.40217391304347827,0.0782608695652174,0.06956521739130435,0.28043478260869564,0.19130434782608696,0.21521739130434783,0.11956521739130435,0.31956521739130433,0.1608695652173913,0.3217391304347826,0.19782608695652174,0.1391304347826087,0.2391304347826087,0.18478260869565216,0.24565217391304348,0.34782608695652173,0.17391304347826086,0.16304347826086957,0.17391304347826086,0.030434782608695653,0.17391304347826086,0.20434782608695654,0.2326086956521739,0.11304347826086956,0.3217391304347826,0.1826086956521739,0.09130434782608696
search_space_enz_35,0.19745222929936307,0.18259023354564755,0.2229299363057325,0.23354564755838642,0.18895966029723993,0.2229299363057325,0.18471337579617833,0.29723991507430997,0.11464968152866242,0.1932059447983015,0.24628450106157113,0.17197452229299362,0.35668789808917195,0.09978768577494693,0.06157112526539278,0.2208067940552017,0.2526539278131635,0.14861995753715498,0.1316348195329087,0.25690021231422505,0.19957537154989385,0.2802547770700637,0.18259023354564755,0.1762208067940552,0.21656050955414013,0.20169851380042464,0.19532908704883228,0.25690021231422505,0.15498938428874734,0.20382165605095542,0.16560509554140126,0.03397027600849257,0.1762208067940552,0.22717622080679406,0.23142250530785563,0.12526539278131635,0.27176220806794055,0.2208067940552017,0.10828025477707007
search_space_enz_36,0.1956521739130435,0.1766304347826087,0.22826086956521738,0.2608695652173913,0.23369565217391305,0.15217391304347827,0.1983695652173913,0.2826086956521739,0.10326086956521739,0.20380434782608695,0.25271739130434784,0.15217391304347827,0.35054347826086957,0.10869565217391304,0.059782608695652176,0.2418478260869565,0.2391304347826087,0.16032608695652173,0.15489130434782608,0.2717391304347826,0.1875,0.25815217391304346,0.13858695652173914,0.17119565217391305,0.20108695652173914,0.20380434782608695,0.19021739130434784,0.3016304347826087,0.12228260869565218,0.1875,0.14945652173913043,0.02717391304347826,0.1793478260869565,0.26902173913043476,0.1983695652173913,0.15489130434782608,0.25271739130434784,0.21467391304347827,0.11956521739130435
search_space_enz_37,0.24635036496350365,0.17335766423357665,0.2116788321167883,0.2572992700729927,0.20802919708029197,0.18248175182481752,0.17153284671532848,0.2937956204379562,0.09671532846715329,0.23175182481751824,0.2572992700729927,0.13503649635036497,0.3978102189781022,0.10766423357664233,0.07846715328467153,0.25364963503649635,0.22445255474452555,0.15693430656934307,0.1386861313868613,0.2846715328467153,0.2208029197080292,0.2937956204379562,0.14963503649635038,0.1624087591240876,0.1989051094890511,0.19343065693430658,0.22627737226277372,0.291970802919708,0.1332116788321168,0.17883211678832117,0.1386861313868613,0.01824817518248175,0.1678832116788321,0.18795620437956204,0.2664233576642336,0.15875912408759124,0.29744525547445255,0.20802919708029197,0.12226277372262774
search_space_enz_38,0.20428015564202334,0.22957198443579765,0.23151750972762647,0.23151750972762647,0.245136186770428,0.1828793774319066,0.1828793774319066,0.31712062256809337,0.10700389105058365,0.18093385214007782,0.3463035019455253,0.1303501945525292,0.3229571984435798,0.20428015564202334,0.08365758754863813,0.17509727626459143,0.28599221789883267,0.17120622568093385,0.11867704280155641,0.3463035019455253,0.18093385214007782,0.28793774319066145,0.14202334630350194,0.20233463035019456,0.20817120622568094,0.26848249027237353,0.1614785992217899,0.2723735408560311,0.11867704280155641,0.22568093385214008,0.1614785992217899,0.048638132295719845,0.19844357976653695,0.2840466926070039,0.19649805447470817,0.16342412451361868,0.2821011673151751,0.21206225680933852,0.1517509727626459
search_space_enz_39,0.22105263157894736,0.2,0.21894736842105264,0.2631578947368421,0.21263157894736842,0.1831578947368421,0.1831578947368421,0.29473684210526313,0.0968421052631579,0.2294736842105263,0.28,0.15157894736842106,0.3894736842105263,0.12,0.056842105263157895,0.23578947368421052,0.23578947368421052,0.17894736842105263,0.10736842105263159,0.33052631578947367,0.17894736842105263,0.2968421052631579,0.13473684210526315,0.1705263157894737,0.21052631578947367,0.22105263157894736,0.20421052631578948,0.30105263157894735,0.11789473684210526,0.18736842105263157,0.16842105263157894,0.029473684210526315,0.16421052631578947,0.23789473684210527,0.20842105263157895,0.13263157894736843,0.33263157894736844,0.19157894736842104,0.08842105263157894
search_space_enz_40,0.2068230277185501,0.17697228144989338,0.2302771855010661,0.279317697228145,0.19616204690831557,0.16631130063965885,0.2068230277185501,0.26439232409381663,0.08955223880597014,0.22388059701492538,0.26652452025586354,0.14498933901918976,0.3859275053304904,0.09808102345415778,0.06396588486140725,0.21108742004264391,0.2281449893390192,0.17057569296375266,0.11727078891257996,0.3049040511727079,0.1791044776119403,0.2942430703624733,0.14285714285714285,0.16204690831556504,0.21108742004264391,0.20042643923240938,0.18763326226012794,0.2814498933901919,0.12153518123667377,0.18336886993603413,0.12153518123667377,0.03624733475479744,0.14285714285714285,0.2025586353944563,0.24307036247334754,0.1257995735607676,0.2835820895522388,0.22174840085287847,0.10021321961620469
search_space_enz_41,0.189873417721519,0.18143459915611815,0.229957805907173,0.21940928270042195,0.20253164556962025,0.20042194092827004,0.15611814345991562,0.3037974683544304,0.09915611814345991,0.1962025316455696,0.24472573839662448,0.17088607594936708,0.3459915611814346,0.11181434599156118,0.07805907172995781,0.21308016877637131,0.25738396624472576,0.14978902953586498,0.1371308016877637,0.27637130801687765,0.18143459915611815,0.28270042194092826,0.16244725738396623,0.17721518987341772,0.2088607594936709,0.20675105485232068,0.18143459915611815,0.29324894514767935,0.1371308016877637,0.20253164556962025,0.16033755274261605,0.02109704641350211,0.15611814345991562,0.21729957805907174,0.20253164556962025,0.1540084388185654,0.2510548523206751,0.23839662447257384,0.12025316455696203
search_space_enz_42,0.18631178707224336,0.22813688212927757,0.20152091254752852,0.22053231939163498,0.23574144486692014,0.20532319391634982,0.18631178707224336,0.3041825095057034,0.11406844106463879,0.1520912547528517,0.2813688212927757,0.1634980988593156,0.29277566539923955,0.1596958174904943,0.09885931558935361,0.20152091254752852,0.2661596958174905,0.1482889733840304,0.11406844106463879,0.3155893536121673,0.13688212927756654,0.2509505703422053,0.1596958174904943,0.1596958174904943,0.18250950570342206,0.2623574144486692,0.16730038022813687,0.23574144486692014,0.13688212927756654,0.18250950570342206,0.19771863117870722,0.026615969581749048,0.155893536121673,0.2661596958174905,0.23574144486692014,0.1444866920152091,0.28517110266159695,0.21673003802281368,0.12927756653992395
search_space_enz_43,0.21861471861471862,0.18831168831168832,0.22077922077922077,0.24891774891774893,0.15584415584415584,0.22943722943722944,0.16883116883116883,0.2878787878787879,0.09740259740259741,0.24242424242424243,0.22294372294372294,0.19047619047619047,0.4025974025974026,0.08874458874458875,0.05411255411255411,0.2619047619047619,0.2532467532467532,0.15151515151515152,0.1277056277056277,0.2987012987012987,0.19264069264069264,0.2878787878787879,0.15151515151515152,0.14935064935064934,0.20995670995670995,0.20346320346320346,0.21212121212121213,0.30952380952380953,0.1341991341991342,0.16666666666666666,0.15800865800865802,0.02813852813852814,0.17532467532467533,0.20346320346320346,0.24458874458874458,0.12987012987012986,0.3398268398268398,0.20995670995670995,0.0670995670995671
search_space_enz_44,0.2127659574468085,0.1702127659574468,0.24893617021276596,0.26595744680851063,0.19361702127659575,0.19361702127659575,0.16382978723404254,0.2978723404255319,0.08085106382978724,0.21063829787234042,0.23617021276595745,0.1829787234042553,0.37446808510638296,0.11914893617021277,0.05531914893617021,0.23617021276595745,0.2148936170212766,0.19574468085106383,0.09574468085106383,0.3,0.19361702127659575,0.2936170212765957,0.14680851063829786,0.15319148936170213,0.23404255319148937,0.1851063829787234,0.20212765957446807,0.3021276595744681,0.12978723404255318,0.1702127659574468,0.14893617021276595,0.01702127659574468,0.15319148936170213,0.20851063829787234,0.2297872340425532,0.12340425531914893,0.30851063829787234,0.20425531914893616,0.07446808510638298
search_space_enz_45,0.23940677966101695,0.1885593220338983,0.23728813559322035,0.2690677966101695,0.19703389830508475,0.19279661016949154,0.2033898305084746,0.2648305084745763,0.12076271186440678,0.21610169491525424,0.2838983050847458,0.1419491525423729,0.3707627118644068,0.11652542372881355,0.07415254237288135,0.22245762711864406,0.2521186440677966,0.1694915254237288,0.13771186440677965,0.3114406779661017,0.17584745762711865,0.3050847457627119,0.1419491525423729,0.18220338983050846,0.20127118644067796,0.2245762711864407,0.21610169491525424,0.2902542372881356,0.11440677966101695,0.2097457627118644,0.15889830508474576,0.014830508474576272,0.18008474576271186,0.2245762711864407,0.22033898305084745,0.13983050847457626,0.2944915254237288,0.21610169491525424,0.13347457627118645
search_space_enz_46,0.22832980972515857,0.1733615221987315,0.2346723044397463,0.25792811839323465,0.17970401691331925,0.20084566596194503,0.15644820295983086,0.2854122621564482,0.08668076109936575,0.23890063424947147,0.2135306553911205,0.1945031712473573,0.3699788583509514,0.10993657505285412,0.07188160676532769,0.2452431289640592,0.22832980972515857,0.16701902748414377,0.11839323467230443,0.27906976744186046,0.20084566596194503,0.3023255813953488,0.160676532769556,0.13742071881606766,0.22410147991543342,0.1839323467230444,0.23044397463002114,0.3086680761099366,0.14587737843551796,0.1522198731501057,0.17758985200845667,0.03382663847780127,0.18181818181818182,0.23255813953488372,0.23044397463002114,0.1226215644820296,0.30021141649048627,0.19238900634249473,0.1014799154334038
search_space_enz_47,0.19956140350877194,0.21271929824561403,0.22587719298245615,0.25,0.22807017543859648,0.21271929824561403,0.17543859649122806,0.31140350877192985,0.1206140350877193,0.20394736842105263,0.29605263157894735,0.1513157894736842,0.38377192982456143,0.1337719298245614,0.07675438596491228,0.2149122807017544,0.27631578947368424,0.14912280701754385,0.1206140350877193,0.3267543859649123,0.19078947368421054,0.30043859649122806,0.1513157894736842,0.18421052631578946,0.20833333333333334,0.23903508771929824,0.19078947368421054,0.28728070175438597,0.125,0.21052631578947367,0.15350877192982457,0.021929824561403508,0.17543859649122806,0.2675438596491228,0.2324561403508772,0.14035087719298245,0.29385964912280704,0.24342105263157895,0.11842105263157894
search_space_enz_48,0.22435897435897437,0.1858974358974359,0.21367521367521367,0.24358974358974358,0.18376068376068377,0.18376068376068377,0.19658119658119658,0.25,0.10897435897435898,0.19658119658119658,0.25213675213675213,0.15598290598290598,0.3525641025641026,0.1047008547008547,0.08333333333333333,0.25,0.23717948717948717,0.15384615384615385,0.1282051282051282,0.2948717948717949,0.1623931623931624,0.26495726495726496,0.16025641025641027,0.15384615384615385,0.19230769230769232,0.21581196581196582,0.22008547008547008,0.25854700854700857,0.15384615384615385,0.16025641025641027,0.1623931623931624,0.017094017094017096,0.16666666666666666,0.2329059829059829,0.21153846153846154,0.1388888888888889,0.30982905982905984,0.18803418803418803,0.10042735042735043
search_space_enz_49,0.18478260869565216,0.1891304347826087,0.24347826086956523,0.21304347826086956,0.23695652173913043,0.20217391304347826,0.20434782608695654,0.2891304347826087,0.15,0.16521739130434782,0.3,0.13695652173913042,0.3065217391304348,0.16521739130434782,0.11739130434782609,0.18478260869565216,0.2543478260869565,0.1782608695652174,0.11521739130434783,0.28043478260869564,0.19130434782608696,0.26304347826086955,0.13478260869565217,0.20217391304347826,0.21304347826086956,0.22391304347826088,0.15434782608695652,0.2543478260869565,0.12173913043478261,0.21521739130434783,0.17173913043478262,0.02391304347826087,0.10217391304347827,0.26956521739130435,0.20652173913043478,0.17391304347826086,0.2717391304347826,0.2217391304347826,0.10217391304347827
search_space_enz_50,0.18206521739130435,0.18206521739130435,0.23641304347826086,0.27445652173913043,0.17119565217391305,0.1956521739130435,0.22554347826086957,0.25815217391304346,0.08695652173913043,0.20923913043478262,0.23641304347826086,0.1875,0.3342391304347826,0.11141304347826086,0.10326086956521739,0.1983695652173913,0.2418478260869565,0.16576086956521738,0.12771739130434784,0.27445652173913043,0.17119565217391305,0.24728260869565216,0.20923913043478262,0.19021739130434784,0.20652173913043478,0.21739130434782608,0.17391304347826086,0.23369565217391305,0.1793478260869565,0.22010869565217392,0.16032608695652173,0.035326086956521736,0.1766304347826087,0.25271739130434784,0.25,0.1358695652173913,0.2391304347826087,0.22554347826086957,0.125
search_space_enz_51,0.2568493150684932,0.1541095890410959,0.2602739726027397,0.2773972602739726,0.2054794520547945,0.2191780821917808,0.2363013698630137,0.2808219178082192,0.1232876712328767,0.2191780821917808,0.273972602739726,0.17465753424657535,0.3664383561643836,0.1232876712328767,0.08904109589041095,0.2534246575342466,0.2054794520547945,0.20205479452054795,0.13013698630136986,0.3013698630136986,0.18835616438356165,0.2602739726027397,0.2226027397260274,0.1643835616438356,0.2363013698630137,0.21232876712328766,0.21232876712328766,0.2808219178082192,0.18835616438356165,0.19863013698630136,0.1815068493150685,0.030821917808219176,0.18835616438356165,0.23972602739726026,0.22945205479452055,0.1917808219178082,0.25,0.2465753424657534,0.16095890410958905
search_space_enz_52,0.2519280205655527,0.18508997429305912,0.2365038560411311,0.2622107969151671,0.27249357326478146,0.17223650385604114,0.20822622107969152,0.33676092544987146,0.10796915167095116,0.18766066838046272,0.3059125964010283,0.15681233933161953,0.37017994858611825,0.15938303341902313,0.05912596401028278,0.2647814910025707,0.2236503856041131,0.18766066838046272,0.15681233933161953,0.29048843187660667,0.2390745501285347,0.30077120822622105,0.2390745501285347,0.15938303341902313,0.2442159383033419,0.2185089974293059,0.2493573264781491,0.2930591259640103,0.21079691516709512,0.18766066838046272,0.15424164524421594,0.02056555269922879,0.2159383033419023,0.2185089974293059,0.23136246786632392,0.1953727506426735,0.2699228791773779,0.1953727506426735,0.16709511568123395
search_space_enz_53,0.2190721649484536,0.18298969072164947,0.2345360824742268,0.2654639175257732,0.2603092783505155,0.18556701030927836,0.2190721649484536,0.327319587628866,0.11855670103092783,0.18556701030927836,0.31958762886597936,0.15463917525773196,0.3556701030927835,0.18041237113402062,0.06958762886597938,0.26288659793814434,0.2268041237113402,0.18041237113402062,0.14690721649484537,0.2860824742268041,0.25,0.27835051546391754,0.2422680412371134,0.17268041237113402,0.25773195876288657,0.21649484536082475,0.21649484536082475,0.28350515463917525,0.20618556701030927,0.20876288659793815,0.14948453608247422,0.02577319587628866,0.1958762886597938,0.23711340206185566,0.2036082474226804,0.22422680412371135,0.25773195876288657,0.22938144329896906,0.14432989690721648
search_space_enz_54,0.25336927223719674,0.1752021563342318,0.2371967654986523,0.23450134770889489,0.2210242587601078,0.1778975741239892,0.1778975741239892,0.2991913746630728,0.0889487870619946,0.22641509433962265,0.2776280323450135,0.1725067385444744,0.39892183288409705,0.14824797843665768,0.09433962264150944,0.2695417789757412,0.23450134770889489,0.16172506738544473,0.14016172506738545,0.2991913746630728,0.24797843665768193,0.2776280323450135,0.19137466307277629,0.15633423180592992,0.24258760107816713,0.20754716981132076,0.23180592991913745,0.2695417789757412,0.16711590296495957,0.18059299191374664,0.14016172506738545,0.016172506738544475,0.20485175202156333,0.23450134770889489,0.24528301886792453,0.16981132075471697,0.29110512129380056,0.23180592991913745,0.13746630727762804
search_space_enz_55,0.21287128712871287,0.17326732673267325,0.2698019801980198,0.28217821782178215,0.22772277227722773,0.14356435643564355,0.23267326732673269,0.28217821782178215,0.07425742574257425,0.1707920792079208,0.2747524752475248,0.18811881188118812,0.37376237623762376,0.14603960396039603,0.07673267326732673,0.2301980198019802,0.24257425742574257,0.18564356435643564,0.09653465346534654,0.25495049504950495,0.26485148514851486,0.2896039603960396,0.22524752475247525,0.1806930693069307,0.24504950495049505,0.21782178217821782,0.22524752475247525,0.25,0.20544554455445543,0.2004950495049505,0.12128712871287128,0.017326732673267328,0.1806930693069307,0.23514851485148514,0.25,0.19554455445544555,0.25742574257425743,0.22772277227722773,0.12871287128712872
search_space_enz_56,0.16831683168316833,0.173974540311174,0.31824611032531824,0.2263083451202263,0.25176803394625175,0.18953323903818953,0.2036775106082037,0.31683168316831684,0.11032531824611033,0.1471004243281471,0.33663366336633666,0.16407355021216408,0.3012729844413013,0.19377652050919378,0.12871287128712872,0.17256011315417255,0.24045261669024046,0.24045261669024046,0.1173974540311174,0.256011315417256,0.23903818953323905,0.29985855728429983,0.18953323903818953,0.18104667609618105,0.3069306930693069,0.19377652050919378,0.15134370579915135,0.27722772277227725,0.16124469589816123,0.20933521923620935,0.13154172560113153,0.015558698727015558,0.10042432814710042,0.26591230551626593,0.21216407355021216,0.18104667609618105,0.22913719943422914,0.25176803394625175,0.11315417256011315
search_space_enz_57,0.2619047619047619,0.16326530612244897,0.24829931972789115,0.282312925170068,0.19727891156462585,0.20408163265306123,0.24489795918367346,0.24829931972789115,0.12585034013605442,0.21768707482993196,0.282312925170068,0.16326530612244897,0.37755102040816324,0.11564625850340136,0.09523809523809523,0.24829931972789115,0.2108843537414966,0.19387755102040816,0.13945578231292516,0.3197278911564626,0.17346938775510204,0.2789115646258503,0.20748299319727892,0.16326530612244897,0.22789115646258504,0.21768707482993196,0.21428571428571427,0.2891156462585034,0.17687074829931973,0.19387755102040816,0.18027210884353742,0.023809523809523808,0.19047619047619047,0.23809523809523808,0.24149659863945577,0.17687074829931973,0.2585034013605442,0.22448979591836735,0.16666666666666666
search_space_enz_58,0.21212121212121213,0.20057720057720058,0.23232323232323232,0.2683982683982684,0.22510822510822512,0.18326118326118326,0.19624819624819625,0.30303030303030304,0.09090909090909091,0.21645021645021645,0.2597402597402597,0.19336219336219337,0.3463203463203463,0.15584415584415584,0.06204906204906205,0.20634920634920634,0.240981240981241,0.1717171717171717,0.13275613275613277,0.31457431457431456,0.18759018759018758,0.27705627705627706,0.17604617604617603,0.17027417027417027,0.20923520923520925,0.24386724386724387,0.1976911976911977,0.2727272727272727,0.14862914862914864,0.1976911976911977,0.15151515151515152,0.03318903318903319,0.20634920634920634,0.24963924963924963,0.23088023088023088,0.1645021645021645,0.2886002886002886,0.18903318903318903,0.1240981240981241
search_space_enz_59,0.14937759336099585,0.14730290456431536,0.35684647302904565,0.18672199170124482,0.24066390041493776,0.2074688796680498,0.16597510373443983,0.31742738589211617,0.11825726141078838,0.10580912863070539,0.3132780082987552,0.18672199170124482,0.3360995850622407,0.14730290456431536,0.13900414937759337,0.17012448132780084,0.24273858921161826,0.25311203319502074,0.1078838174273859,0.25933609958506226,0.22406639004149378,0.33402489626556015,0.17634854771784234,0.16804979253112035,0.3236514522821577,0.17634854771784234,0.14522821576763487,0.3049792531120332,0.13900414937759337,0.2053941908713693,0.12655601659751037,0.004149377593360996,0.1078838174273859,0.2551867219917012,0.24688796680497926,0.15975103734439833,0.1887966804979253,0.2925311203319502,0.1078838174273859
search_space_enz_60,0.19117647058823528,0.15196078431372548,0.28431372549019607,0.23529411764705882,0.19607843137254902,0.18627450980392157,0.18627450980392157,0.31862745098039214,0.06372549019607843,0.25,0.23039215686274508,0.20588235294117646,0.36764705882352944,0.09313725490196079,0.05392156862745098,0.24509803921568626,0.18627450980392157,0.25,0.13725490196078433,0.2549019607843137,0.20588235294117646,0.3431372549019608,0.1323529411764706,0.11764705882352941,0.2647058823529412,0.1715686274509804,0.2107843137254902,0.36764705882352944,0.11764705882352941,0.1323529411764706,0.09313725490196079,0.014705882352941176,0.19117647058823528,0.23039215686274508,0.25,0.14215686274509803,0.25,0.2549019607843137,0.09313725490196079
search_space_enz_61,0.22717842323651452,0.1545643153526971,0.2676348547717842,0.30809128630705396,0.1825726141078838,0.1887966804979253,0.1950207468879668,0.27074688796680496,0.09024896265560166,0.254149377593361,0.245850622406639,0.19294605809128632,0.38381742738589214,0.10684647302904564,0.052904564315352696,0.2520746887966805,0.19190871369294607,0.21991701244813278,0.14937759336099585,0.2842323651452282,0.20643153526970953,0.3392116182572614,0.15975103734439833,0.1483402489626556,0.2479253112033195,0.1908713692946058,0.22406639004149378,0.34439834024896265,0.13796680497925312,0.17012448132780084,0.13900414937759337,0.022821576763485476,0.1950207468879668,0.22095435684647302,0.26141078838174275,0.16493775933609958,0.27385892116182575,0.237551867219917,0.1078838174273859
search_space_enz_62,0.32653061224489793,0.15306122448979592,0.1836734693877551,0.23469387755102042,0.19387755102040816,0.19387755102040816,0.19387755102040816,0.2857142857142857,0.061224489795918366,0.23469387755102042,0.21428571428571427,0.1836734693877551,0.24489795918367346,0.17346938775510204,0.05102040816326531,0.29591836734693877,0.1836734693877551,0.1326530612244898,0.20408163265306123,0.29591836734693877,0.12244897959183673,0.2653061224489796,0.20408163265306123,0.1836734693877551,0.17346938775510204,0.22448979591836735,0.29591836734693877,0.24489795918367346,0.16326530612244897,0.22448979591836735,0.21428571428571427,0.04081632653061224,0.22448979591836735,0.2653061224489796,0.24489795918367346,0.14285714285714285,0.29591836734693877,0.17346938775510204,0.1836734693877551
search_space_enz_63,0.21534653465346534,0.17574257425742573,0.25742574257425743,0.2747524752475248,0.22524752475247525,0.15099009900990099,0.22524752475247525,0.28465346534653463,0.07673267326732673,0.17326732673267325,0.2722772277227723,0.18564356435643564,0.37376237623762376,0.14108910891089108,0.07673267326732673,0.22772277227722773,0.2400990099009901,0.1782178217821782,0.09900990099009901,0.2524752475247525,0.2623762376237624,0.27970297029702973,0.2202970297029703,0.18564356435643564,0.2400990099009901,0.21782178217821782,0.2202970297029703,0.2376237623762376,0.19801980198019803,0.2079207920792079,0.12623762376237624,0.017326732673267328,0.1806930693069307,0.2376237623762376,0.24752475247524752,0.19306930693069307,0.2524752475247525,0.21782178217821782,0.13861386138613863
search_space_enz_64,0.23014018691588786,0.2091121495327103,0.22897196261682243,0.2266355140186916,0.2628504672897196,0.19976635514018692,0.18925233644859812,0.33294392523364486,0.10864485981308411,0.18457943925233644,0.30490654205607476,0.18457943925233644,0.3820093457943925,0.13551401869158877,0.0630841121495327,0.24182242990654207,0.25817757009345793,0.16121495327102803,0.14719626168224298,0.2955607476635514,0.2219626168224299,0.27686915887850466,0.19158878504672897,0.19042056074766356,0.22897196261682243,0.2605140186915888,0.2044392523364486,0.27102803738317754,0.16004672897196262,0.2219626168224299,0.1822429906542056,0.028037383177570093,0.18457943925233644,0.2207943925233645,0.22429906542056074,0.19042056074766356,0.27920560747663553,0.20677570093457945,0.16004672897196262
search_space_enz_65,0.20697167755991286,0.17647058823529413,0.2668845315904139,0.28540305010893247,0.23311546840958605,0.17320261437908496,0.2233115468409586,0.30610021786492375,0.08496732026143791,0.20261437908496732,0.2701525054466231,0.2047930283224401,0.40631808278867104,0.12745098039215685,0.06209150326797386,0.23638344226579522,0.2374727668845316,0.19281045751633988,0.12745098039215685,0.2995642701525055,0.23420479302832245,0.2777777777777778,0.21459694989106753,0.1710239651416122,0.25925925925925924,0.21568627450980393,0.19607843137254902,0.28104575163398693,0.18518518518518517,0.20043572984749455,0.144880174291939,0.029411764705882353,0.16666666666666666,0.21350762527233116,0.2581699346405229,0.17538126361655773,0.2559912854030501,0.2494553376906318,0.12745098039215685
search_space_enz_66,0.2669039145907473,0.21708185053380782,0.19217081850533807,0.2669039145907473,0.21708185053380782,0.17437722419928825,0.18149466192170818,0.28825622775800713,0.08185053380782918,0.24555160142348753,0.23843416370106763,0.20640569395017794,0.33807829181494664,0.1601423487544484,0.05338078291814947,0.24199288256227758,0.2597864768683274,0.12811387900355872,0.14590747330960854,0.3594306049822064,0.1387900355871886,0.2491103202846975,0.2206405693950178,0.21352313167259787,0.15302491103202848,0.2918149466192171,0.21708185053380782,0.23843416370106763,0.2099644128113879,0.22419928825622776,0.17437722419928825,0.05338078291814947,0.24555160142348753,0.22419928825622776,0.2313167259786477,0.19572953736654805,0.33807829181494664,0.1601423487544484,0.14590747330960854
search_space_enz_67,0.2391304347826087,0.2246376811594203,0.213768115942029,0.2572463768115942,0.25,0.16666666666666666,0.20652173913043478,0.27898550724637683,0.12318840579710146,0.19927536231884058,0.2971014492753623,0.17753623188405798,0.37681159420289856,0.15579710144927536,0.06159420289855073,0.21014492753623187,0.286231884057971,0.13043478260869565,0.14492753623188406,0.35507246376811596,0.17753623188405798,0.2391304347826087,0.19202898550724637,0.2028985507246377,0.18115942028985507,0.29347826086956524,0.19927536231884058,0.2210144927536232,0.17753623188405798,0.21739130434782608,0.17028985507246377,0.018115942028985508,0.25,0.2210144927536232,0.2608695652173913,0.19927536231884058,0.29347826086956524,0.18478260869565216,0.17028985507246377
search_space_enz_68,0.23484848484848486,0.22348484848484848,0.19696969696969696,0.24242424242424243,0.23106060606060605,0.16287878787878787,0.23484848484848486,0.2689393939393939,0.10227272727272728,0.20075757575757575,0.2878787878787879,0.17045454545454544,0.32954545454545453,0.16666666666666666,0.09090909090909091,0.2159090909090909,0.2803030303030303,0.11742424242424243,0.10984848484848485,0.3484848484848485,0.14772727272727273,0.22727272727272727,0.20833333333333334,0.21212121212121213,0.1553030303030303,0.30303030303030304,0.19318181818181818,0.2159090909090909,0.19696969696969696,0.22348484848484848,0.1590909090909091,0.03787878787878788,0.2840909090909091,0.2916666666666667,0.19696969696969696,0.1553030303030303,0.30303030303030304,0.18181818181818182,0.1553030303030303
search_space_enz_69,0.1509433962264151,0.14046121593291405,0.3731656184486373,0.1928721174004193,0.2578616352201258,0.1949685534591195,0.1761006289308176,0.33752620545073375,0.10272536687631027,0.1090146750524109,0.31236897274633124,0.20125786163522014,0.3584905660377358,0.13417190775681342,0.11740041928721175,0.17819706498951782,0.2348008385744235,0.27044025157232704,0.09853249475890985,0.25157232704402516,0.24109014675052412,0.35639412997903563,0.16352201257861634,0.14046121593291405,0.3438155136268344,0.16981132075471697,0.14255765199161424,0.3333333333333333,0.1320754716981132,0.1719077568134172,0.11740041928721175,0.0041928721174004195,0.09224318658280922,0.2578616352201258,0.24947589098532494,0.15723270440251572,0.18867924528301888,0.3060796645702306,0.10272536687631027
search_space_enz_70,0.15689655172413794,0.13620689655172413,0.3103448275862069,0.2206896551724138,0.22586206896551725,0.21551724137931033,0.12586206896551724,0.32413793103448274,0.1103448275862069,0.17758620689655172,0.253448275862069,0.1896551724137931,0.34655172413793106,0.13448275862068965,0.08620689655172414,0.19137931034482758,0.22586206896551725,0.21379310344827587,0.10517241379310345,0.2293103448275862,0.2517241379310345,0.2793103448275862,0.17413793103448275,0.16551724137931034,0.2810344827586207,0.16206896551724137,0.1482758620689655,0.27586206896551724,0.13620689655172413,0.20344827586206896,0.11379310344827587,0.02413793103448276,0.07241379310344828,0.21724137931034482,0.27413793103448275,0.15862068965517243,0.19137931034482758,0.2655172413793103,0.10172413793103448
search_space_enz_71,0.15,0.13958333333333334,0.37916666666666665,0.19375,0.24583333333333332,0.1875,0.18958333333333333,0.32083333333333336,0.1,0.10416666666666667,0.3145833333333333,0.2,0.35,0.13958333333333334,0.11041666666666666,0.16458333333333333,0.2375,0.27291666666666664,0.09791666666666667,0.25,0.23958333333333334,0.3729166666666667,0.15625,0.14166666666666666,0.3458333333333333,0.16875,0.15,0.33541666666666664,0.12291666666666666,0.175,0.11458333333333333,0.00625,0.08958333333333333,0.25416666666666665,0.2375,0.1625,0.18125,0.3145833333333333,0.10833333333333334
search_space_enz_72,0.25886524822695034,0.18439716312056736,0.22163120567375885,0.2393617021276596,0.25,0.14361702127659576,0.17198581560283688,0.29432624113475175,0.07446808510638298,0.19680851063829788,0.2641843971631206,0.19148936170212766,0.3617021276595745,0.12056737588652482,0.06382978723404255,0.2553191489361702,0.24822695035460993,0.14361702127659576,0.1524822695035461,0.30851063829787234,0.17375886524822695,0.2730496453900709,0.21453900709219859,0.18085106382978725,0.19148936170212766,0.2641843971631206,0.225177304964539,0.26773049645390073,0.20212765957446807,0.19326241134751773,0.1524822695035461,0.031914893617021274,0.26595744680851063,0.23404255319148937,0.24822695035460993,0.1595744680851064,0.2695035460992908,0.19680851063829788,0.17375886524822695
search_space_enz_73,0.23741007194244604,0.18705035971223022,0.21942446043165467,0.28776978417266186,0.24820143884892087,0.13309352517985612,0.17625899280575538,0.2949640287769784,0.06474820143884892,0.24820143884892087,0.25539568345323743,0.18705035971223022,0.37050359712230213,0.11510791366906475,0.07194244604316546,0.20863309352517986,0.26618705035971224,0.13309352517985612,0.12589928057553956,0.3057553956834532,0.17985611510791366,0.25539568345323743,0.19424460431654678,0.21942446043165467,0.18705035971223022,0.25539568345323743,0.19784172661870503,0.25539568345323743,0.17985611510791366,0.23381294964028776,0.14028776978417265,0.06115107913669065,0.23381294964028776,0.21223021582733814,0.2805755395683453,0.14028776978417265,0.25539568345323743,0.2014388489208633,0.16906474820143885
search_space_enz_74,0.2696629213483146,0.20599250936329588,0.15730337078651685,0.2846441947565543,0.23595505617977527,0.14606741573033707,0.20224719101123595,0.2808988764044944,0.07865168539325842,0.23595505617977527,0.2696629213483146,0.16104868913857678,0.36704119850187267,0.13857677902621723,0.07865168539325842,0.27715355805243447,0.23595505617977527,0.10486891385767791,0.14606741573033707,0.3445692883895131,0.16104868913857678,0.20599250936329588,0.24719101123595505,0.18352059925093633,0.14606741573033707,0.2846441947565543,0.23595505617977527,0.20224719101123595,0.23595505617977527,0.1947565543071161,0.15355805243445692,0.04119850187265917,0.299625468164794,0.2247191011235955,0.2209737827715356,0.20224719101123595,0.31835205992509363,0.15355805243445692,0.15730337078651685
search_space_enz_75,0.16074450084602368,0.1404399323181049,0.338409475465313,0.18612521150592218,0.2436548223350254,0.2131979695431472,0.15905245346869712,0.3197969543147208,0.12690355329949238,0.1353637901861252,0.311336717428088,0.16751269035532995,0.338409475465313,0.1353637901861252,0.14890016920473773,0.18612521150592218,0.2131979695431472,0.24196277495769883,0.09983079526226735,0.25549915397631134,0.2182741116751269,0.3147208121827411,0.17766497461928935,0.16243654822335024,0.3096446700507614,0.1692047377326565,0.14213197969543148,0.27580372250423013,0.14890016920473773,0.19120135363790186,0.09475465313028765,0.00676818950930626,0.10829103214890017,0.27749576988155666,0.19289340101522842,0.1895093062605753,0.19289340101522842,0.30287648054145516,0.10829103214890017
search_space_enz_76,0.2133676092544987,0.19794344473007713,0.22879177377892032,0.2210796915167095,0.2570694087403599,0.20308483290488433,0.16709511568123395,0.34704370179948585,0.11825192802056556,0.20308483290488433,0.2853470437017995,0.17737789203084833,0.38303341902313626,0.14652956298200515,0.08483290488431877,0.22879177377892032,0.2699228791773779,0.15167095115681234,0.10796915167095116,0.31876606683804626,0.21079691516709512,0.2519280205655527,0.21079691516709512,0.17223650385604114,0.2236503856041131,0.2390745501285347,0.1928020565552699,0.2544987146529563,0.16195372750642673,0.2210796915167095,0.18251928020565553,0.02313624678663239,0.15167095115681234,0.21079691516709512,0.2416452442159383,0.15424164524421594,0.2570694087403599,0.2133676092544987,0.15424164524421594
search_space_enz_77,0.2534246575342466,0.16095890410958905,0.2602739726027397,0.2534246575342466,0.2226027397260274,0.20205479452054795,0.22945205479452055,0.273972602739726,0.13013698630136986,0.21232876712328766,0.2842465753424658,0.17123287671232876,0.3493150684931507,0.1267123287671233,0.08561643835616438,0.2465753424657534,0.2089041095890411,0.2054794520547945,0.14726027397260275,0.3150684931506849,0.16095890410958905,0.2568493150684932,0.22602739726027396,0.17465753424657535,0.2363013698630137,0.2191780821917808,0.2089041095890411,0.2808219178082192,0.18835616438356165,0.21232876712328766,0.18493150684931506,0.0273972602739726,0.18835616438356165,0.24315068493150685,0.21232876712328766,0.1952054794520548,0.2568493150684932,0.25,0.15753424657534246
search_space_enz_78,0.23121387283236994,0.20809248554913296,0.23699421965317918,0.23583815028901733,0.25549132947976877,0.1838150289017341,0.20578034682080926,0.315606936416185,0.10520231213872833,0.18265895953757225,0.3179190751445087,0.17341040462427745,0.3861271676300578,0.1329479768786127,0.06127167630057803,0.24161849710982658,0.26011560693641617,0.16647398843930636,0.14219653179190753,0.2994219653179191,0.21965317919075145,0.27630057803468205,0.18959537572254334,0.1976878612716763,0.23468208092485549,0.2566473988439306,0.20578034682080926,0.26936416184971096,0.15953757225433526,0.2277456647398844,0.1838150289017341,0.026589595375722544,0.176878612716763,0.21965317919075145,0.223121387283237,0.1907514450867052,0.2809248554913295,0.2069364161849711,0.15838150289017341
search_space_enz_79,0.21155943293347873,0.1613958560523446,0.27153762268266085,0.2737186477644493,0.22355507088331517,0.1875681570338059,0.2202835332606325,0.3031624863685932,0.09051254089422028,0.20828789531079608,0.25408942202835333,0.21046892039258452,0.4078516902944384,0.11995637949836423,0.06761177753544166,0.247546346782988,0.22464558342420937,0.19520174482006544,0.12213740458015267,0.29225736095965105,0.23555070883315157,0.25517993456924754,0.23555070883315157,0.16793893129770993,0.2617230098146129,0.20283533260632497,0.20065430752453653,0.2649945474372955,0.20174482006543076,0.20174482006543076,0.15376226826608505,0.025081788440567066,0.1624863685932388,0.1984732824427481,0.26717557251908397,0.16466739367502725,0.23882224645583425,0.2606324972737186,0.1341330425299891
search_space_enz_80,0.2308488612836439,0.15217391304347827,0.2546583850931677,0.29606625258799174,0.18115942028985507,0.1915113871635611,0.18530020703933747,0.2650103519668737,0.09316770186335403,0.2360248447204969,0.2318840579710145,0.1956521739130435,0.37991718426501037,0.10144927536231885,0.055900621118012424,0.2567287784679089,0.19668737060041408,0.20186335403726707,0.14699792960662525,0.2691511387163561,0.2122153209109731,0.33436853002070394,0.15942028985507245,0.14182194616977226,0.2401656314699793,0.1873706004140787,0.2225672877846791,0.34057971014492755,0.14285714285714285,0.15838509316770186,0.13146997929606624,0.023809523809523808,0.2080745341614907,0.2204968944099379,0.2525879917184265,0.16666666666666666,0.2743271221532091,0.20910973084886128,0.10869565217391304
search_space_enz_81,0.2079207920792079,0.12871287128712872,0.3316831683168317,0.24752475247524752,0.18811881188118812,0.2079207920792079,0.18316831683168316,0.33663366336633666,0.06930693069306931,0.27722772277227725,0.21782178217821782,0.23267326732673269,0.38613861386138615,0.07920792079207921,0.09900990099009901,0.23267326732673269,0.18316831683168316,0.27722772277227725,0.13366336633663367,0.2524752475247525,0.21287128712871287,0.3811881188118812,0.12871287128712872,0.09405940594059406,0.30198019801980197,0.1485148514851485,0.2079207920792079,0.38613861386138615,0.11386138613861387,0.10891089108910891,0.07425742574257425,0.0049504950495049506,0.18316831683168316,0.2623762376237624,0.2524752475247525,0.15346534653465346,0.23267326732673269,0.2871287128712871,0.10396039603960396
search_space_enz_82,0.20833333333333334,0.17708333333333334,0.2421875,0.2864583333333333,0.20833333333333334,0.11458333333333333,0.2265625,0.2552083333333333,0.06770833333333333,0.2109375,0.2838541666666667,0.17708333333333334,0.4322916666666667,0.11458333333333333,0.07291666666666667,0.24739583333333334,0.20572916666666666,0.21354166666666666,0.10677083333333333,0.3098958333333333,0.23697916666666666,0.28125,0.1796875,0.14583333333333334,0.265625,0.1953125,0.20052083333333334,0.2890625,0.16666666666666666,0.15885416666666666,0.1640625,0.018229166666666668,0.19010416666666666,0.22395833333333334,0.203125,0.1875,0.2890625,0.25,0.09635416666666667
search_space_enz_83,0.20822622107969152,0.19794344473007713,0.2544987146529563,0.2442159383033419,0.2544987146529563,0.21079691516709512,0.17480719794344474,0.32904884318766064,0.13110539845758354,0.19023136246786632,0.30848329048843187,0.17480719794344474,0.38817480719794345,0.15167095115681234,0.07969151670951156,0.22879177377892032,0.2853470437017995,0.15167095115681234,0.10796915167095116,0.31362467866323906,0.2262210796915167,0.2853470437017995,0.22879177377892032,0.15424164524421594,0.23136246786632392,0.2519280205655527,0.20051413881748073,0.27249357326478146,0.17480719794344474,0.20822622107969152,0.16709511568123395,0.033419023136246784,0.15681233933161953,0.2185089974293059,0.2390745501285347,0.16195372750642673,0.2519280205655527,0.2493573264781491,0.15424164524421594
search_space_enz_84,0.22515212981744423,0.1460446247464503,0.26774847870182555,0.27079107505070993,0.20182555780933062,0.2079107505070994,0.1947261663286004,0.30628803245436104,0.09533468559837728,0.22515212981744423,0.22920892494929007,0.2129817444219067,0.38742393509127787,0.1075050709939148,0.08113590263691683,0.24543610547667344,0.20486815415821502,0.19675456389452334,0.1460446247464503,0.2657200811359026,0.22920892494929007,0.2768762677484787,0.22210953346855983,0.1440162271805274,0.25862068965517243,0.18356997971602435,0.21602434077079108,0.2768762677484787,0.19168356997971603,0.1744421906693712,0.17139959432048682,0.02738336713995943,0.16328600405679514,0.2129817444219067,0.268762677484787,0.16734279918864098,0.2606490872210953,0.23732251521298176,0.1105476673427992
search_space_enz_85,0.32967032967032966,0.12087912087912088,0.24175824175824176,0.3076923076923077,0.17582417582417584,0.1978021978021978,0.18681318681318682,0.27472527472527475,0.0989010989010989,0.21978021978021978,0.23076923076923078,0.13186813186813187,0.2857142857142857,0.18681318681318682,0.054945054945054944,0.2857142857142857,0.16483516483516483,0.17582417582417584,0.14285714285714285,0.3076923076923077,0.16483516483516483,0.1978021978021978,0.26373626373626374,0.13186813186813187,0.1978021978021978,0.16483516483516483,0.3076923076923077,0.18681318681318682,0.2087912087912088,0.18681318681318682,0.1978021978021978,0.03296703296703297,0.23076923076923078,0.1978021978021978,0.26373626373626374,0.15384615384615385,0.27472527472527475,0.2087912087912088,0.17582417582417584
search_space_enz_86,0.23316062176165803,0.17875647668393782,0.21761658031088082,0.28756476683937826,0.24093264248704663,0.18393782383419688,0.21243523316062177,0.3005181347150259,0.11917098445595854,0.19948186528497408,0.30569948186528495,0.15284974093264247,0.39896373056994816,0.13212435233160622,0.06476683937823834,0.26424870466321243,0.22020725388601037,0.16580310880829016,0.15544041450777202,0.30310880829015546,0.22797927461139897,0.2772020725388601,0.23575129533678757,0.15284974093264247,0.24093264248704663,0.21761658031088082,0.23056994818652848,0.27461139896373055,0.20725388601036268,0.18134715025906736,0.13212435233160622,0.02072538860103627,0.21243523316062177,0.2538860103626943,0.20725388601036268,0.18134715025906736,0.27202072538860106,0.20984455958549222,0.13989637305699482
search_space_enz_87,0.20876288659793815,0.15206185567010308,0.25773195876288657,0.25257731958762886,0.2268041237113402,0.2036082474226804,0.1958762886597938,0.31443298969072164,0.1056701030927835,0.24484536082474226,0.23195876288659795,0.18814432989690721,0.3943298969072165,0.11855670103092783,0.06701030927835051,0.25,0.22164948453608246,0.17268041237113402,0.13144329896907217,0.2654639175257732,0.24742268041237114,0.25257731958762886,0.20876288659793815,0.15979381443298968,0.23969072164948454,0.18041237113402062,0.22164948453608246,0.26288659793814434,0.18041237113402062,0.18814432989690721,0.14948453608247422,0.020618556701030927,0.17010309278350516,0.22422680412371135,0.2422680412371134,0.14690721649484537,0.23969072164948454,0.2860824742268041,0.1211340206185567
search_space_enz_88,0.3402061855670103,0.14432989690721648,0.17525773195876287,0.2268041237113402,0.2268041237113402,0.18556701030927836,0.17525773195876287,0.32989690721649484,0.041237113402061855,0.25773195876288657,0.1958762886597938,0.18556701030927836,0.2268041237113402,0.17525773195876287,0.05154639175257732,0.30927835051546393,0.17525773195876287,0.12371134020618557,0.21649484536082475,0.24742268041237114,0.15463917525773196,0.26804123711340205,0.2268041237113402,0.18556701030927836,0.17525773195876287,0.20618556701030927,0.31958762886597936,0.23711340206185566,0.17525773195876287,0.23711340206185566,0.18556701030927836,0.05154639175257732,0.1958762886597938,0.27835051546391754,0.25773195876288657,0.13402061855670103,0.24742268041237114,0.18556701030927836,0.23711340206185566
search_space_enz_89,0.2397094430992736,0.162227602905569,0.26634382566585957,0.2542372881355932,0.2106537530266344,0.18159806295399517,0.22760290556900725,0.2711864406779661,0.08716707021791767,0.16707021791767554,0.2397094430992736,0.2324455205811138,0.3365617433414044,0.13317191283292978,0.06537530266343826,0.24939467312348668,0.20823244552058112,0.19128329297820823,0.14043583535108958,0.2566585956416465,0.21307506053268765,0.2711864406779661,0.2324455205811138,0.14527845036319612,0.26634382566585957,0.20581113801452786,0.2179176755447942,0.2687651331719128,0.21549636803874092,0.162227602905569,0.17191283292978207,0.021791767554479417,0.15738498789346247,0.22033898305084745,0.23486682808716708,0.20581113801452786,0.2397094430992736,0.20581113801452786,0.162227602905569
search_space_enz_90,0.20915032679738563,0.1786492374727669,0.2668845315904139,0.27450980392156865,0.23529411764705882,0.1710239651416122,0.2178649237472767,0.3028322440087146,0.0860566448801743,0.19172113289760348,0.2701525054466231,0.2047930283224401,0.39869281045751637,0.12418300653594772,0.06100217864923747,0.2374727668845316,0.24074074074074073,0.1895424836601307,0.1318082788671024,0.2908496732026144,0.23202614379084968,0.275599128540305,0.21241830065359477,0.17538126361655773,0.2570806100217865,0.2178649237472767,0.19825708061002179,0.275599128540305,0.1840958605664488,0.2037037037037037,0.1514161220043573,0.027233115468409588,0.16884531590413943,0.22004357298474944,0.25381263616557737,0.17320261437908496,0.2570806100217865,0.23965141612200436,0.13071895424836602
search_space_enz_91,0.19306930693069307,0.11386138613861387,0.3069306930693069,0.2376237623762376,0.1782178217821782,0.22772277227722773,0.16831683168316833,0.3316831683168317,0.08415841584158416,0.27722772277227725,0.1782178217821782,0.23267326732673269,0.36633663366336633,0.06930693069306931,0.09900990099009901,0.24257425742574257,0.16336633663366337,0.25742574257425743,0.15346534653465346,0.21287128712871287,0.22277227722772278,0.3564356435643564,0.12376237623762376,0.10891089108910891,0.27722772277227725,0.13366336633663367,0.20297029702970298,0.3811881188118812,0.10891089108910891,0.12376237623762376,0.08415841584158416,0.0049504950495049506,0.16336633663366337,0.2722772277227723,0.2722772277227723,0.12376237623762376,0.21287128712871287,0.27722772277227725,0.09405940594059406
search_space_enz_92,0.22981366459627328,0.14492753623188406,0.2515527950310559,0.3064182194616977,0.17494824016563146,0.1956521739130435,0.18530020703933747,0.2691511387163561,0.08695652173913043,0.2422360248447205,0.22153209109730848,0.19772256728778467,0.38716356107660455,0.09834368530020704,0.054865424430641824,0.2577639751552795,0.18530020703933747,0.2028985507246377,0.14182194616977226,0.2743271221532091,0.2111801242236025,0.3167701863354037,0.17080745341614906,0.14078674948240166,0.23809523809523808,0.18115942028985507,0.2225672877846791,0.3281573498964803,0.15527950310559005,0.15631469979296067,0.14182194616977226,0.025879917184265012,0.19358178053830227,0.21325051759834368,0.2639751552795031,0.16563146997929606,0.2670807453416149,0.21428571428571427,0.10766045548654245
search_space_enz_93,0.36082474226804123,0.14432989690721648,0.17525773195876287,0.21649484536082475,0.23711340206185566,0.17525773195876287,0.17525773195876287,0.32989690721649484,0.041237113402061855,0.24742268041237114,0.20618556701030927,0.17525773195876287,0.2268041237113402,0.17525773195876287,0.05154639175257732,0.32989690721649484,0.17525773195876287,0.12371134020618557,0.21649484536082475,0.24742268041237114,0.15463917525773196,0.27835051546391754,0.23711340206185566,0.17525773195876287,0.17525773195876287,0.20618556701030927,0.3402061855670103,0.24742268041237114,0.18556701030927836,0.2268041237113402,0.1958762886597938,0.041237113402061855,0.18556701030927836,0.28865979381443296,0.24742268041237114,0.14432989690721648,0.25773195876288657,0.1958762886597938,0.24742268041237114
search_space_enz_94,0.21287128712871287,0.17326732673267325,0.2747524752475248,0.27722772277227725,0.22772277227722773,0.1485148514851485,0.22772277227722773,0.2871287128712871,0.07425742574257425,0.16831683168316833,0.27722772277227725,0.1905940594059406,0.3688118811881188,0.15099009900990099,0.07673267326732673,0.22772277227722773,0.24504950495049505,0.18811881188118812,0.09653465346534654,0.25,0.2698019801980198,0.29455445544554454,0.22524752475247525,0.1806930693069307,0.25,0.21782178217821782,0.22524752475247525,0.25,0.20544554455445543,0.2004950495049505,0.12128712871287128,0.017326732673267328,0.1806930693069307,0.23514851485148514,0.25,0.19554455445544555,0.25742574257425743,0.22772277227722773,0.12871287128712872
