search_space_enz_0,8.114874629623811,10.819832839498414,6.1476322951695535,9.590306380464504,3.6885793771017323,5.409916419749207,10.32802225588485,14.508412216600147,3.9344846689085142,7.377158754203465,13.032980465759454,7.377158754203465,5.409916419749207,6.8853481705899,7.8689693378170285,10.819832839498414,7.131253462396683,1.721337042647475,5.65582171155599,14.262506924793366,0.025587101527375176,0.02430749187555342,0.02404355885885707,0.026438773443101603,0.025705321412865263,0.02616590928930998,0.024294417943082486,0.02655596319041506,0.024880251259714173,0.024018531586470233,0.025042116220319075,0.02579730008830345,0.02402789795481642,0.025055162220801078,0.025326338916944587,0.025371256757522435,0.024351787988602835,0.024718758370639332,0.02530632515428917,0.024428346749973774,0.025201416244628228,0.024849599689305977,0.025960262667192712,0.025177311203736744,0.026269715154204423,0.024771875225624206,0.02461969760128054,0.02462834539415109,0.026141554773699248,0.025052319430438043
search_space_enz_1,6.298240498965436,2.624266874568932,2.0994134996551455,3.9364003118533977,2.886693562025825,1.8369868121982522,5.510960436594757,5.510960436594757,1.312133437284466,1.574560124741359,8.660080686077475,4.461253686767184,1.0497067498275727,2.886693562025825,3.9364003118533977,3.6739736243965044,3.411546936939611,0.7872800623706795,2.3618401871120387,4.198826999310291,0.02360164542320651,0.025350982303429748,0.0249028798140193,0.022963592971561083,0.024122226980592715,0.02531892592160511,0.024073805349723337,0.024143736721608664,0.022963388680625946,0.021341551374271454,0.02302237575230292,0.02389849670069481,0.025823569124265765,0.02504957165211691,0.025099883997196985,0.024960863876868335,0.02595168477797051,0.025513319549424734,0.023032017965580215,0.026040461074555533,0.024369351452157798,0.024944321066209967,0.025363072316933553,0.024514855743411293,0.02662400352699045,0.025427624727563408,0.024433058211179304,0.025707402798333546,0.02527899590379363,0.023735646784913255
search_space_enz_2,6.387660220259063,4.66790554557393,1.228396196203666,4.422226306333197,1.228396196203666,3.1938301101295314,5.40494326329613,5.40494326329613,1.474075435444399,2.702471631648065,7.616056416462729,1.9654339139258654,1.228396196203666,2.456792392407332,4.66790554557393,4.422226306333197,2.2111131531665986,1.474075435444399,2.2111131531665986,5.650622502536863,0.026140291669077994,0.022638436881005936,0.02594150692406987,0.026650721208821202,0.024739336022229406,0.026676256564647147,0.02464546452357709,0.022996825180424566,0.024155538526079826,0.02399129580991274,0.023766604290319116,0.025028426224128514,0.024343029047731855,0.025310435198231257,0.024657583814081542,0.02490544694703636,0.026800952190300445,0.023970251699205306,0.02577655989957473,0.024963110942826345,0.02727253383894765,0.024402924796751532,0.026523735024597855,0.026441858278842465,0.029159206281012796,0.024814027844519027,0.02331491171777795,0.025128265789891555,0.02582297972425466,0.023342243899390047
search_space_enz_3,5.5253971284503685,2.6311414897382708,1.8417990428167894,4.47294053255506,2.1049131917906165,2.8942556387120977,4.47294053255506,5.5253971284503685,2.1049131917906165,3.9467122346074057,11.050794256900737,3.683598085633579,1.5786848938429623,1.5786848938429623,3.683598085633579,2.3680273407644434,2.3680273407644434,1.3155707448691354,2.1049131917906165,6.051625426398022,0.023584611665142283,0.02615397796715625,0.023693017729114897,0.024473014748215935,0.024986458620460405,0.025487175629587328,0.023509029978556008,0.02473913322164808,0.02336086477143064,0.023077133350414655,0.02435688987780795,0.024414381701888633,0.02488379416307596,0.025135138994063545,0.024274422573380822,0.024535673183330206,0.022606594232358675,0.024044827099344104,0.024748947259282505,0.025860175132723495,0.02564322632479739,0.02583357139937348,0.02486789146300023,0.02476426986978819,0.025104114677115874,0.025154434575958763,0.024633576319527645,0.02423148124660893,0.02430109307522298,0.024426930175797106
search_space_enz_4,5.373418941500368,2.149367576600147,1.6120256824501105,4.298735153200294,0.8060128412250552,2.686709470750184,2.4180385236751656,6.179431782725423,2.149367576600147,3.7613932590502577,5.642089888575386,4.298735153200294,2.4180385236751656,1.0746837883000735,3.224051364900221,3.7613932590502577,1.8806966295251288,0.8060128412250552,1.8806966295251288,4.567406100275313,0.024744149105071268,0.025522583863966098,0.02304449560074553,0.024658347619847705,0.026301257783765217,0.02478182893146616,0.02207081515402841,0.024070179367829396,0.024456972274411404,0.02572056722398535,0.024800982286438008,0.024459279024667643,0.026903259969004518,0.024023406166596827,0.024697612252095068,0.02605965731579278,0.02552214732180792,0.023629079963992782,0.024120023687886606,0.02510336386200721,0.02442825284384325,0.023316412340977796,0.02483892861358863,0.022802417321912235,0.023421711348961982,0.022735204268326613,0.024764875952229447,0.02214188994534294,0.025256131524102877,0.0229332199902899
search_space_enz_5,6.88496178004686,6.639070287902329,4.917829842890614,6.88496178004686,1.9671319371562457,3.6883723821679606,5.9013958114687375,6.147287303613268,1.2294574607226536,6.393178795757798,7.376744764335921,5.9013958114687375,3.44248089002343,2.9506979057343687,3.6883723821679606,4.180155366457022,5.163721335035145,0.9835659685781228,1.9671319371562457,8.114419240769514,0.02629031567824858,0.02607340940022641,0.023032671035607077,0.024808746552999944,0.025734001252123228,0.027000533261182093,0.025496039907679364,0.024765388954864156,0.026453778711185247,0.026544832644715122,0.025335976936555853,0.025411943621821784,0.026048029769130468,0.025129617865293333,0.02636922392663607,0.0237833461677343,0.02549580085555445,0.02489223860632502,0.02534776321962731,0.025404982843042767,0.02369346911100076,0.024994565243648445,0.024401095443296963,0.024106296611868347,0.025051948250436794,0.02434588103533406,0.02313770527434103,0.024971916374931843,0.024425002713297384,0.025561986586761253
search_space_enz_6,3.7208870772731517,6.201478462121919,4.7131236312126585,5.953419323637043,1.4883548309092607,2.7286505233336444,7.441774154546303,5.953419323637043,3.472827938788275,5.705360185152165,6.449537600606796,7.193715016061426,1.7364139693941374,4.961182769697535,3.472827938788275,7.68983329303118,5.457301046667289,1.2402956924243838,2.7286505233336444,6.697596739091673,0.02631700587167921,0.02585720618952639,0.02489463812641276,0.025600122132511775,0.02706471505147998,0.024654944658677402,0.023872621176978633,0.025393061404532968,0.025155986804483218,0.02443850197211634,0.026157703586409644,0.024432638222154593,0.024549281706767498,0.024063127614407695,0.02367578392970394,0.02601153589818498,0.0252663423644867,0.023630107696966312,0.02566057179608387,0.02624541808326992,0.022868020721430408,0.02624056250230658,0.025151070936582733,0.026000656763991038,0.024549453025795545,0.025713837895484967,0.023383232386812197,0.024978087687827274,0.024930971723711077,0.02518365358434753
search_space_enz_7,1.9822037744836234,2.2299792462940764,1.7344283026731706,3.468856605346341,1.9822037744836234,2.2299792462940764,5.203284908019511,4.459958492588153,1.7344283026731706,3.468856605346341,6.194386795261323,5.203284908019511,0.9911018872418117,3.964407548967247,2.477754718104529,3.716632077156794,3.221081133535888,1.2388773590522646,1.9822037744836234,3.221081133535888,0.025804279664145002,0.0275275683547066,0.025556222589724335,0.026230344583799747,0.02507406502915792,0.027250715500851504,0.025256829107919498,0.025366430272109046,0.025314001632250668,0.02424671698387186,0.02517460721567251,0.023137699378762703,0.024369126523804102,0.026139430076985343,0.02388324693026932,0.02487027119625336,0.025830158512861297,0.023844162446912422,0.026844895544762045,0.024686573210551774,0.02432522667942035,0.02554424924454448,0.02292644457253213,0.02587332869311326,0.025354191904983607,0.02428518094552497,0.02410977265577257,0.02419995098004033,0.02465371823705196,0.024545119521192305
search_space_enz_8,7.692511415907146,4.615506849544287,1.794919330378334,6.923260274316431,2.5641704719690486,5.897592085528811,8.46176255749786,6.666843227119526,3.589838660756668,4.615506849544287,10.5130989350731,5.128340943938097,2.5641704719690486,4.615506849544287,5.641175038331906,6.923260274316431,7.179677321513336,3.333421613559763,3.333421613559763,8.97459665189167,0.02383930930921682,0.025932777876195277,0.025938802711479778,0.02579279629763583,0.023799475501419875,0.02253392232734051,0.024801066255699188,0.02501399253318806,0.025969748713161576,0.025317922146697747,0.02392005862117221,0.026179124964135284,0.025019974868739685,0.026038621265085892,0.024954271977254566,0.025480328093314974,0.025435262846877128,0.02588310201383406,0.023452049428066432,0.02459561089487911,0.02399415543453073,0.02550565553011733,0.024615922129916246,0.024195544939482214,0.023170492606891142,0.02525123784404189,0.024805389320716912,0.02323719218988891,0.02433719342457306,0.024571950737542557
search_space_enz_9,9.792539030229474,6.209902799657715,0.7165272461143517,3.582636230571759,0.4776848307429012,1.9107393229716048,2.866108984457407,6.687587630400616,1.1942120768572528,1.671896907600154,6.687587630400616,1.671896907600154,0.2388424153714506,1.1942120768572528,3.1049513998288574,3.582636230571759,2.866108984457407,0.9553696614858024,0.4776848307429012,8.12064212262932,0.026705243591953014,0.025254280440344043,0.026764157732113745,0.025868551878742,0.024878100784832474,0.027765250353112763,0.025526154215185032,0.025058416906628227,0.02548926835079635,0.02178080447513947,0.027974610822855066,0.02497227962576289,0.025229876334750993,0.026246871233698805,0.024013173023996727,0.02624832916861498,0.02410534720063757,0.025752558244751624,0.02531391238218351,0.024351791554857886,0.026761842317163706,0.02345676551338304,0.026426425974267972,0.024787175334074412,0.025604245559995537,0.02712107551561236,0.023294301935774555,0.0237663365902526,0.025956710314683953,0.024683727252384116
search_space_enz_10,6.754320867272319,2.751760353333167,1.500960192727182,2.751760353333167,1.000640128484788,1.500960192727182,4.002560513939152,4.002560513939152,2.001280256969576,3.252080417575561,4.753040610302743,2.50160032121197,2.001280256969576,2.50160032121197,4.753040610302743,2.50160032121197,3.752400481817955,1.751120224848379,2.001280256969576,3.001920385454364,0.024706953308762297,0.025318453277674874,0.024356815286855318,0.02357038845340741,0.02324865588455397,0.026479840044881298,0.02537635657097782,0.02358402933243537,0.025029990769392815,0.027859531225121026,0.024468528093572015,0.025639134182797403,0.024277420584214168,0.024293067398586245,0.024644883033574618,0.02304371965951697,0.023621586608239053,0.024559301866556294,0.026012647252388603,0.0233976297803159,0.024379332270637318,0.026294441132137233,0.025068028810662727,0.026016971261086475,0.02656317334245525,0.026654896731493856,0.025630685004173637,0.025325674767888745,0.02513429411226009,0.025283537832184087
search_space_enz_11,6.028064034554264,3.7675400215964148,2.0093546781847547,5.525725365008075,2.0093546781847547,2.7628626825040374,3.014032017277132,6.2792333693273585,2.5116933477309433,2.7628626825040374,7.283910708419736,4.269878691142604,1.507016008638566,2.2605240129578488,3.014032017277132,4.772217360688792,3.7675400215964148,1.2558466738654717,3.5163706868233207,5.776894699781169,0.024440974438065522,0.024819931908273148,0.024181896160462138,0.02421645256357738,0.025246530227279344,0.025998271039214597,0.02500779755008142,0.02505554065322567,0.02536600168255218,0.02561599527257793,0.02624905720646059,0.024058346703264295,0.024152131712008185,0.026820260088825373,0.024293951376237702,0.02507776868777404,0.024088230467803055,0.025140265474307078,0.025514635714683005,0.023150123706293695,0.025305832659435996,0.024024738066201336,0.02622493860820634,0.02584031111839324,0.0227226258237949,0.024537014453024506,0.025897526278343578,0.025103129006260834,0.026380563081625626,0.024299823498652978
search_space_enz_12,10.49194969083781,13.306863022526002,9.980147266894502,13.562764234497656,8.700641207036233,8.444739995064579,15.865875142242542,9.724246054922848,4.350320603518116,9.468344842951193,10.747850902809464,15.354072718299234,3.3267157556315006,7.932937571121271,11.771455750696079,12.795060598582694,8.700641207036233,1.7913084838015774,5.629826663376385,8.956542419007887,0.023604256045315044,0.025170352035968048,0.02450029741496537,0.02423396621079477,0.02459486674393827,0.02415945934232771,0.025086372051105935,0.025284163273743394,0.023852812557230593,0.02635684867599664,0.025063419622892553,0.024211414537874627,0.025397358996182874,0.025688741426594143,0.024897924422893385,0.025159732544121925,0.025037632377869726,0.024418883317159735,0.025854598371658027,0.023623821339623662,0.024513134990186432,0.024961360503790234,0.025761857083282894,0.024430004726838397,0.024610405019300965,0.02552346262577523,0.024536151182329706,0.024686508270738674,0.024309079248565,0.024569903069282046
search_space_enz_13,5.076994294565103,5.076994294565103,5.076994294565103,5.584693724021613,3.300046291467317,5.584693724021613,7.615491441847654,5.330844009293358,2.2846474325542965,4.061595435652082,8.123190871304164,5.838543438749868,1.5230982883695308,5.330844009293358,4.315445150380337,6.346242868206379,4.061595435652082,1.5230982883695308,3.553896006195572,6.346242868206379,0.024096256472119753,0.025900329182242773,0.025235624962644983,0.02589066209094925,0.024920521048336485,0.026929227422425994,0.02373208499210855,0.025285601034762444,0.024940732655038367,0.025723603076200058,0.02398508626663338,0.023902794607307112,0.024465762515385053,0.0244664262441906,0.025663130615762666,0.026147840195285963,0.027035727554254454,0.025089912982966936,0.023372356043736917,0.024021636519327823,0.025171549484604424,0.023153777471817537,0.02511862753509039,0.026489160372819336,0.02308022581446266,0.023890104621021393,0.023066027090012625,0.023602843308624593,0.026712050692143167,0.025060602399469285
search_space_enz_14,4.753745031941407,5.504336352774261,4.753745031941407,5.003942138885692,1.751379748609992,3.502759497219984,9.25729295693853,7.255716101384253,4.253350818052838,6.505124780551399,12.00946113332566,9.007095849994245,2.2517739624985613,5.754533459718545,6.00473056666283,9.007095849994245,5.754533459718545,2.001576855554277,5.754533459718545,5.754533459718545,0.024273709818917372,0.027197105877249866,0.025332723309334237,0.023614121547963298,0.02407508906206803,0.02484485370942045,0.024996599681952444,0.025729726563928995,0.024995128776781877,0.024799781007187004,0.025875988227886126,0.02546727702591605,0.023743917393008,0.024226545597623227,0.02634396697815533,0.024571978956538402,0.024045464672630513,0.02455246178767099,0.02500763813349215,0.024477139772319703,0.023967580024442856,0.024480167884746218,0.024722456622495427,0.025153100607211574,0.02494046915725292,0.024067120401428273,0.02526091223827382,0.027329006982582598,0.026892930165106806,0.024817931072130865
search_space_enz_15,4.05289888105739,1.3509662936857967,0.810579776211478,3.242319104845912,1.621159552422956,1.8913528111601152,3.242319104845912,2.1615460698972746,1.8913528111601152,3.242319104845912,7.025024727166143,2.1615460698972746,1.3509662936857967,1.8913528111601152,2.9721258461087525,4.05289888105739,1.3509662936857967,1.8913528111601152,1.3509662936857967,3.7827056223202304,0.024225377136693562,0.02300549089382092,0.02450331051022654,0.02513802265060982,0.023340358188116833,0.024218130310264804,0.02405904954527564,0.027127459253072052,0.024916105530588043,0.02395846887833358,0.025107474716899753,0.02095759676249841,0.02411585018519724,0.02340103642312635,0.02510538478129427,0.024240015999054815,0.02541268248936539,0.023703957197711793,0.02658396550218636,0.026158020337122383,0.02563894817894937,0.024474242844527847,0.023006031242948116,0.023557527888708157,0.024726546652020454,0.024308617624682158,0.02433123850007066,0.022257237033013463,0.024726712785182525,0.02350188122127916
search_space_enz_16,8.12243255224006,6.345650431437546,6.85330246595255,8.630084586755062,3.553564241605026,5.076520345150037,9.391562638527569,7.360954500467554,2.79208618983252,7.107128483210052,10.91451874207258,9.899214673042572,1.776782120802513,4.568868310635033,4.822694327892536,8.12243255224006,8.376258569497562,2.5382601725750185,2.2844341553175167,10.153040690300074,0.024701376970838265,0.025151347090469085,0.02516999997920762,0.02427075185671443,0.023913603356368163,0.026620420866539943,0.023753143169598315,0.024955846185029124,0.024579218076402523,0.02482130734386074,0.023655479241433217,0.024299061863842387,0.024927335000490835,0.02572297104633374,0.024189827626390818,0.024404358723018126,0.025129517681912752,0.025171579720138917,0.024860669199924388,0.02528028991143046,0.024785104957886862,0.02410555517707223,0.024449999891790593,0.025482304065620957,0.025941818878501003,0.025551895363821346,0.02445467761536533,0.02590102800695642,0.025025316905266364,0.02489817697027309
search_space_enz_17,3.8505839742321055,5.889128431178514,2.265049396607121,6.115633370839226,0.45300987932142417,2.491554336267833,5.662623491517802,5.662623491517802,2.265049396607121,3.171069155249969,4.756603732874954,1.3590296379642726,1.5855345776249845,2.491554336267833,2.0385444569464086,3.171069155249969,2.265049396607121,0.9060197586428483,3.397574094910681,3.397574094910681,0.023620082062648866,0.028830327859205418,0.026326488983120757,0.022226776013770815,0.0245276445235308,0.02682891812894015,0.025220341900942175,0.027358574000623276,0.02541434435859192,0.023808007190787843,0.024396687052190513,0.027212133129335847,0.026537297582242506,0.02557480386131715,0.02504862422288099,0.026560647597874798,0.027065627420775156,0.025820981520567516,0.02467969061234566,0.02593619631606046,0.027799492292980305,0.026086089992187218,0.024717417908818935,0.026601336043682366,0.02645459418215605,0.02574626834790699,0.027377212786764617,0.02640700334088212,0.02490252359528039,0.02440892751087647
search_space_enz_18,5.383389611645539,4.101630180301363,3.845278294032528,6.40879715672088,2.563518862688352,2.563518862688352,6.92150092925855,4.614333952839034,3.0762226352260225,5.896093384183209,6.665149042989715,8.459612246871561,4.101630180301363,4.8706858391078685,4.614333952839034,6.40879715672088,5.6397414979143745,1.281759431344176,4.8706858391078685,8.715964133140396,0.02489850900636619,0.025707482891414335,0.025734647773879744,0.02564944858705365,0.022442328824772487,0.024984596829783726,0.025551419145420546,0.025160325602690842,0.024743872735203044,0.023741906399586434,0.025373437833163086,0.025193074448303824,0.023969938714471728,0.024960756517029926,0.02392890859952601,0.024365268975220608,0.02591346457038263,0.025346797108816984,0.023525532025202956,0.024441722667684445,0.02421433400051013,0.026176657435628078,0.024663703853167056,0.022511949488728863,0.025022945113730547,0.0257831823157092,0.026369251776705883,0.02381473756180644,0.023833317340861523,0.025624595588343888
search_space_enz_19,13.26816701788883,5.837993487871085,5.572630147513308,11.145260295026617,2.9189967439355424,5.572630147513308,11.410623635384393,16.9832537828977,3.980450105366649,5.572630147513308,11.410623635384393,12.206713656457724,3.4497234246510957,6.103356828228862,11.941350316099946,11.941350316099946,9.553080252879958,2.653633403577766,7.164810189659968,7.960900210733298,0.024277318733134205,0.0247100388059173,0.02556883395570057,0.024616559454369757,0.024071786449782136,0.024829358905879752,0.024378289122462753,0.023436467091713965,0.0241792612528452,0.024176370405048928,0.02588280674817175,0.025196832993817815,0.023303014317675202,0.024205711026761938,0.024441668343641906,0.024933970610892107,0.024791824021021883,0.02389053256998276,0.02338117731013702,0.024647194080651025,0.023501089522132226,0.024764162106872253,0.025065677328713086,0.02410168415679177,0.025737884426782102,0.024293015291164788,0.025009253131921014,0.02449961037633404,0.02449280503108161,0.024252462070822746
search_space_enz_20,5.175721518750545,4.43633273035761,1.9717034357144934,3.696943941964675,0.739388788392935,2.95755515357174,4.682795659821922,4.189869800893298,2.7110922241074284,2.4646292946431165,6.900962025000727,3.9434068714289867,1.47877757678587,3.696943941964675,5.422184448214857,2.7110922241074284,3.4504810125003633,0.739388788392935,2.4646292946431165,4.189869800893298,0.024740892173227887,0.02445489462021244,0.023540709763360198,0.02254598892906839,0.02367524073016841,0.024446099590740886,0.023946102891198084,0.02549578288884122,0.0263141310884531,0.025315163636481116,0.024962536014135686,0.025236926900822892,0.02645376536546798,0.024459376512442406,0.026019526972180348,0.02621584508193227,0.026789099624760455,0.02553908866711805,0.02488836321823608,0.026945019037078556,0.025593703777605975,0.02597190594424397,0.025261457222848213,0.024141536798253295,0.025248681186679126,0.02685233412748008,0.02477328151505893,0.02515378239376857,0.024740902886577005,0.023814930977246757
search_space_enz_21,53.938934536650194,60.16265775241752,9.854228424964939,30.85929427817968,19.708456849929878,28.7847198729239,52.12368193205139,66.12705916752788,15.818629840075296,15.04066443810438,55.754187141249,30.08132887620876,9.594906624307967,17.6338824446741,100.3575368542482,53.42029093533625,28.006754470952984,7.261010418395218,9.335584823650995,40.19487910183067,0.024247070793880793,0.023916471100728236,0.02422846368024122,0.024765842965889916,0.025284685579582064,0.024596294331593896,0.024285836297966882,0.02435393420928237,0.024728497470071074,0.024772629291589025,0.024852545316185408,0.024263106326374,0.02477274882462111,0.024902604574445812,0.024407127840225737,0.024691271279934895,0.024912949077822183,0.025183725396438355,0.024657116344680725,0.025418346393164662,0.025057577513515,0.02471538143944518,0.024770606016527485,0.0251648442682273,0.024694039742016078,0.02468338844527867,0.024275530498309453,0.024841563359999888,0.024690469740542977,0.0245435312244476
search_space_enz_22,16.326740391129324,15.839375006319493,7.066798079742543,11.453086543031018,6.823115387337627,7.797846156957289,20.7130288544178,19.49461539239322,3.4115576936688137,7.554163464552373,12.91518269746051,14.620961544294916,6.092067310122882,7.797846156957289,17.057788468344068,14.37727885189,8.041528849362203,4.62997115569339,5.848384617717967,14.37727885189,0.024115528626258195,0.025134087105646966,0.02453369852777376,0.024973399412092936,0.025912654980515634,0.025557391449695537,0.025879984008949385,0.023294207342794554,0.02481316976741354,0.024900543879548712,0.025939781172667598,0.02579242227943063,0.025187075541870836,0.025565038681984415,0.024923351134072236,0.025205321413076295,0.025698716671073697,0.024802512321618977,0.025005913414569647,0.025125115595058797,0.02515161910852014,0.02575592588188791,0.02604768299480515,0.02517240829684263,0.025033478446512412,0.02502532279435343,0.025759786366900465,0.02467506263059142,0.025383573937574403,0.025952533810984193
search_space_enz_23,7.488165940237031,5.555736020175861,0.7246612200229384,3.6233061001146925,1.9324299200611692,2.8986448800917537,4.589521060145277,5.797289760183507,1.4493224400458768,2.6570911400841077,7.729719680244677,1.690876180053523,0.7246612200229384,2.1739836600688154,4.589521060145277,3.8648598401223384,3.381752360107046,1.207768700038231,1.4493224400458768,4.831074800152924,0.02569263191696225,0.02357047619384046,0.02683211883340192,0.024952906208746694,0.025949451015370287,0.025666975523235755,0.0253134164627135,0.023461139587282947,0.022969372172473225,0.022666230516243994,0.02479296866726801,0.024271640326563208,0.025094294984399117,0.02548121750052769,0.02572897287421556,0.026564861760949007,0.026242880062894186,0.025497469813377093,0.025135027398672613,0.0249411075767951,0.025850440965451443,0.024187859793367,0.025726690670881326,0.028186967055832842,0.028422613593648463,0.026485045375379903,0.022961498887353295,0.02729893888143875,0.024476994633796496,0.024024050739271628
search_space_enz_24,10.433483776719331,5.713574449155825,6.707239570748142,8.694569813932777,1.490497682388476,2.980995364776952,5.216741888359666,5.216741888359666,3.2294116451750314,8.942986094330855,11.923981459107807,8.694569813932777,5.465158168757745,10.185067496321253,5.465158168757745,8.942986094330855,5.713574449155825,2.7325790843788726,3.9746604863692694,5.713574449155825,0.02515789801278167,0.0249582392650721,0.026145966058806192,0.02516937193445556,0.02488279982414213,0.024922743353242283,0.025872293225056037,0.023568603697168792,0.026049179593270255,0.02542377153492957,0.025890507323283813,0.023792044398547384,0.025128028201756577,0.02556182996345113,0.025639421813933787,0.023906428012000287,0.02494907906519865,0.02494924077703809,0.024300932732011553,0.025917573519175695,0.026008868852090593,0.02626324750778319,0.02472487488820276,0.024317815495235283,0.02312859246560048,0.02568909500008839,0.02430084816531378,0.025973833548810187,0.024628310592789433,0.024362280780685332
search_space_enz_25,17.03011034787853,7.6254225438262075,2.541807514608736,6.100338035060966,0.5083615029217472,7.117061040904461,7.371241792365334,7.879603295287081,2.7959882660696094,5.083615029217472,13.725760578887174,4.066892023373978,1.270903757304368,4.575253526295724,5.083615029217472,6.608699537982713,6.608699537982713,1.270903757304368,1.7792652602261152,10.67559156135669,0.023408662425655133,0.025113664335133554,0.024312537584699263,0.023642301742227576,0.02607481893902708,0.026414334413078406,0.026192971430577045,0.025980128366166106,0.02423733690458074,0.02359369045125174,0.024784667883902975,0.024975623561038843,0.023028788781398465,0.023956611080502243,0.024551568182882896,0.025320426673861522,0.025623372087860162,0.024955176656782395,0.026990025738843754,0.025406269419063942,0.02518613181414324,0.024074694233249875,0.025560615836922485,0.024232783130128614,0.02490085148474853,0.024694566852765894,0.023646577531095614,0.0243070694481704,0.026071958927859545,0.024581022621508394
search_space_enz_26,11.457576710985764,8.468643655946,3.487088564213059,6.974177128426118,1.7435442821065295,7.223254883012764,6.226943864666176,9.714032428879236,2.2416997912798236,5.479710600906235,13.699276502265588,3.2380108096264117,2.2416997912798236,3.985244073386353,4.483399582559647,4.981555091732941,4.981555091732941,1.2453887729332354,1.2453887729332354,10.710343447225823,0.023077260069810895,0.026495127158217405,0.025952800527634306,0.02532042205601706,0.026850440183740974,0.025683339235233082,0.025990191636022012,0.025041429560233072,0.02465423520394991,0.02354635369465312,0.02299071973014654,0.02516794183338069,0.024960639888389934,0.02500227625233002,0.024369953641680382,0.025561320783463744,0.02525008984065235,0.024923187797718394,0.02458238593811919,0.02518706908953396,0.024728233098287374,0.024908219228847804,0.024002996250763558,0.02435232052800015,0.02510805751943246,0.026095708745861722,0.02437738876222024,0.02545989029147127,0.026139040692505396,0.025143206175036
search_space_enz_27,11.2216995303722,7.979875221598009,3.9899376107990046,6.982390818898258,1.7455977047245645,6.483648617548383,6.483648617548383,10.22421512767245,1.9949688053995023,6.483648617548383,13.71541053712158,3.9899376107990046,2.493711006749378,3.740566510124067,4.48867981214888,4.738050912823818,5.486164214848632,1.246855503374689,1.4962266040496268,8.97735962429776,0.02345477834220931,0.02671284069067525,0.02535887075833375,0.024891723218836495,0.026413958465554978,0.0258365932677267,0.02603070380467832,0.02482701563235694,0.025020110509524365,0.02446293750926071,0.023525981060792827,0.024919858413242183,0.02478828947597066,0.02464110324700931,0.023762675862848474,0.02589209675922693,0.02553904248066786,0.025637308528235165,0.024976048162062114,0.025296695145430773,0.024543739797695616,0.024308846572847844,0.024278839858496878,0.023962287945718256,0.025143441739311767,0.025987916714603758,0.02466058693844871,0.024701585361394572,0.025783758385862342,0.025269264676039346
search_space_enz_28,2.5924951456867533,4.477946160731665,2.5924951456867533,6.127715798895962,1.8854510150449113,2.828176522567367,4.006583406970437,3.5352206532092088,1.4140882612836836,4.713627537612278,8.248848190821487,4.713627537612278,1.1784068844030695,3.063857899447981,3.063857899447981,2.5924951456867533,1.8854510150449113,0.7070441306418418,2.356813768806139,2.5924951456867533,0.025484403044242578,0.02728959691748685,0.02478516100105148,0.025271870528820812,0.026660666894613137,0.025661463423810437,0.02678578429753559,0.025400128444159592,0.02607010122149432,0.0259360871348179,0.023361052615025083,0.023591797709347946,0.02600079261003024,0.02426605622197731,0.02470182213159247,0.02634680732120042,0.023765892509061217,0.026771141449831632,0.026887411443038342,0.02526412122861617,0.02542260666951557,0.025701711291241706,0.024112821640051706,0.02424203968572602,0.02419635088054468,0.0261656398398118,0.025933153694774735,0.02565207087905634,0.026821998990198964,0.025768071400711055
search_space_enz_29,11.291195722465558,8.3456664035615,3.4364508720547353,6.627440967534132,1.7182254360273677,5.891058637808118,6.627440967534132,9.327509509862853,2.209146989178044,5.154676308082102,13.009421158492925,4.17283320178075,2.209146989178044,4.418293978356088,4.17283320178075,5.154676308082102,5.154676308082102,1.2273038828766911,1.4727646594520294,10.554813392739543,0.02328747728621018,0.026630549631973786,0.02566830042432342,0.025075424918244073,0.026749608171689854,0.026150254496408516,0.025440813072935293,0.025098889399274737,0.02460808015704862,0.024576119635993043,0.023785523009588784,0.025288443158985638,0.02494935668074389,0.024805350404527006,0.024340519136848975,0.02588447572642718,0.02553580591494123,0.025607893984118005,0.024758182302924255,0.025906229368097722,0.025349058976286015,0.024651024389092235,0.02433951884914301,0.024213711337058998,0.02510113066521063,0.02581503132101694,0.025273849434679172,0.024958303063921293,0.02588142279600343,0.02480887571094596
search_space_enz_30,4.503252037142061,3.5025293622216025,2.7519873560312593,7.505420061903434,2.0014453498409157,3.5025293622216025,6.754878055713091,7.505420061903434,1.2509033436505723,6.004336049522747,10.007226749204579,6.754878055713091,2.5018066873011446,2.2516260185710304,3.0021680247613736,5.003613374602289,4.253071368411946,1.2509033436505723,4.753432705872175,6.5046973869829765,0.025976700653804526,0.025884594035409193,0.025008624937487515,0.02510208609343025,0.02600506200724683,0.025918073493437995,0.02305515288540052,0.024659362744254322,0.025872129579757975,0.02595738484290801,0.024001904482844814,0.024474425631682176,0.023662604142177853,0.025325536428631012,0.024313687653468002,0.026657321671200582,0.02593717933702781,0.026297639012496855,0.023144599548462267,0.02364447030419481,0.02332143718147041,0.02406397374243722,0.023891147535434865,0.0256533332576282,0.025874053501213377,0.02501364055157573,0.02417385733987491,0.025145180398492114,0.025814618774472563,0.025969549501962688
search_space_enz_31,15.84702510339906,10.084470520344857,4.081809496330061,4.562022378251244,0.4802128819211836,5.522448142093611,7.683406110738938,10.56468340226604,2.1609579686453264,5.28234170113302,12.965747811871958,4.081809496330061,0.9604257638423672,3.841703055369469,5.042235260172428,5.762554583054204,4.802128819211836,1.200532204802959,1.440638645763551,9.604257638423672,0.023335564044720144,0.025611870391136722,0.024619837595778113,0.025117235690037973,0.026574217135590293,0.02475515290630158,0.025597096686473746,0.026281584440667513,0.02569364626054922,0.025499785207387,0.025620372734301053,0.025294059183813396,0.024889719203958972,0.025160478428396065,0.024991528528651573,0.02534238406161387,0.02528728730017928,0.023530546835839813,0.025653028940965033,0.025339201913648707,0.025202328181931327,0.025586779938469424,0.026063675564387937,0.02534119832951054,0.02582410331759864,0.02494152990666709,0.024750569879314583,0.025603274691236348,0.02743147551465155,0.02495402622563075
search_space_enz_32,11.393102488028612,9.16401721863171,2.229085269396902,4.705846679837904,1.4860568462646015,5.944227385058406,7.925636513411208,10.402397923852211,2.229085269396902,5.944227385058406,12.631483193249112,3.2197898335733033,2.229085269396902,3.4674659746174035,6.439579667146607,5.448875102970206,5.448875102970206,0.7430284231323008,1.7337329873087017,12.879159334293213,0.024079322381388574,0.02547166525600234,0.02550806678605064,0.025423444743126338,0.025436802636694792,0.0263973691574837,0.026211344756790437,0.025752564801820414,0.025205973802824272,0.025176833560254065,0.02581260948139506,0.0245035596797273,0.024391331074523667,0.024896568397671178,0.024296832178439212,0.025165195456411257,0.026234951920724756,0.025708920147009696,0.025421832924651253,0.023549790335717174,0.024623370162347804,0.0238137801403904,0.024136227748999012,0.024928704485519735,0.024526938124899183,0.025972955143933215,0.023977183095145845,0.024219858949184256,0.02663795797703896,0.02484190364973497
search_space_enz_33,14.777890594508987,6.717222997504085,8.866734356705393,8.060667597004903,0.8060667597004902,6.448534077603922,6.448534077603922,10.21017895620621,3.761644878602288,8.59804543680523,15.046579514409151,6.448534077603922,2.4182002791014705,4.836400558202941,6.717222997504085,7.791978677104739,8.59804543680523,0.8060667597004902,2.9555781189017973,10.21017895620621,0.023609181084280888,0.024113286834965282,0.02441680669715099,0.02423741649238694,0.02547041940049036,0.025803174233628715,0.024186757633525742,0.025214959026143954,0.023564449322199095,0.02460756487755032,0.02367152726574341,0.025418083159224017,0.02285587574431416,0.02400893617168768,0.024301684428243958,0.02597217881959144,0.0255608867373906,0.023941365791793186,0.025129511689368444,0.02221732536988134,0.024994439441907143,0.023634147453474853,0.02371182397943867,0.023149923580203558,0.02527818631793675,0.02437645326760423,0.023263033288725404,0.024937933022694446,0.025376189370341334,0.024287559597949527
search_space_enz_34,17.36492738367639,10.882021160437205,1.3891941906941114,6.251373858123501,1.1576618255784261,4.39911493719802,6.0198414930078155,8.79822987439604,2.778388381388223,4.167582572082334,13.428877176709744,2.083791286041167,0.9261294604627409,2.778388381388223,4.6306473023137045,4.6306473023137045,3.7045178418509637,1.1576618255784261,1.6207265558097965,8.566697509280353,0.025422273834365204,0.025678627208492434,0.024767699729923764,0.02521014969592232,0.026184232023361807,0.025650002738490184,0.025794900741438358,0.02667297735243625,0.02489921876126381,0.02666086598715206,0.026015788299869932,0.026197285882157476,0.024617190224285525,0.02535505171257304,0.024544203809172813,0.02552846929782702,0.025833875535332576,0.024622525184956986,0.027588562212938362,0.024422553685022497,0.025903858544570214,0.024373283791985972,0.025582017741106088,0.0245638379026122,0.025267630374065597,0.027638299458693928,0.026649466318351578,0.02613893493402341,0.025356641784854708,0.025327210117068698
search_space_enz_35,12.67223367735168,9.50417525801376,3.4117552208254525,5.117632831238179,1.2184840074376615,4.3865424267755815,8.041994449088566,9.016781655038695,2.6806648163628557,5.117632831238179,12.915930478839213,3.899148823800517,2.924361617850388,3.899148823800517,7.067207243138437,3.4117552208254525,5.605026434213244,0.9747872059501292,2.1932712133877907,10.966356066938955,0.023869464605624186,0.02503507256657532,0.024994718230114947,0.024035522383464108,0.025993570014743148,0.02550063506342745,0.02518637609092754,0.02533322997636527,0.02460136990928211,0.02539346508152251,0.024730549467421557,0.025591928317919357,0.02381713893595043,0.024189377068607118,0.02467613160259976,0.027156808084752182,0.025893102243029025,0.025275376412769363,0.02720372595517126,0.025197639821177474,0.025238831966438297,0.02483887138169913,0.024792288079484786,0.024688949479046377,0.02480624843554912,0.0261844885745199,0.025395016563302845,0.024309715153285054,0.0263030715746855,0.026070515473012465
search_space_enz_36,7.479205898018609,5.342289927156149,1.8698014745046523,4.808060934440535,1.602686978146845,4.006717445367112,6.41074791258738,8.013434890734224,2.13691597086246,4.27383194172492,11.753037839743529,4.27383194172492,1.06845798543123,2.6711449635780746,6.944976905302995,7.2120914016608015,7.2120914016608015,0.8013434890734225,2.13691597086246,8.54766388344984,0.023567065892378086,0.025155509595165087,0.023861234563391637,0.02620119359653161,0.02483931428638241,0.023624636236472506,0.02310280522901433,0.02400018602956893,0.02456035953379421,0.023470018623780717,0.024722974877318185,0.025059957474722797,0.024816713351258263,0.023879515555803112,0.02366242201150197,0.02498649420698571,0.025092218485918666,0.02600342763814105,0.02564687803095762,0.023618481838773082,0.024551607272390284,0.024431970122036913,0.02405860225286931,0.024922599605048657,0.02453950104410275,0.02538844261536335,0.023540188006304256,0.022360599548060633,0.02434306523391326,0.02487752088424313
search_space_enz_37,16.782190450042705,7.725135286527595,9.589823114310118,8.257903237322601,0.7991519261925099,6.393215409540079,7.192367335732588,10.388975040502627,4.528527581757555,9.05705516351511,15.716654548452693,5.860447458745072,2.3974557785775295,5.327679507950066,6.393215409540079,7.458751311130092,9.323439138912615,0.7991519261925099,2.930223729372536,9.323439138912615,0.023464164067043665,0.02374315456343079,0.024200724759562444,0.024343707998275003,0.02573605578355601,0.02565741759070751,0.025008550942216573,0.025385955671829216,0.024141979348175798,0.02464752874649877,0.023719833440911126,0.025056305648265036,0.023195002416554894,0.02429073266647216,0.024249900308767322,0.025685744206286523,0.0251203700917508,0.0246680531362942,0.025311485608022658,0.022304169031999287,0.024485731374834927,0.02351166428245225,0.023841172475751907,0.023494957576530414,0.024644314265358104,0.024403986968221863,0.023773986886601792,0.025506587710634097,0.025484990466132097,0.024537796569359373
search_space_enz_38,8.359939443232385,7.6222977276530575,4.917611437195521,6.884656012073729,2.9505668623173125,3.1964474341770885,10.818745161830146,6.638775440213953,2.7046862904575364,12.785789736708354,12.539909164848579,8.605820015092162,2.4588057185977603,5.163492009055297,2.9505668623173125,8.605820015092162,7.6222977276530575,0.24588057185977605,4.6717308653357446,6.884656012073729,0.02351632789690909,0.02491344866380774,0.025051661473575158,0.024578453958800428,0.027691658630342238,0.025343674939391932,0.02462303029367035,0.026106252283074477,0.026958631694614918,0.026336358933378018,0.02547433951394588,0.025024133019857675,0.024753042439794423,0.0243466566981705,0.024188941647928366,0.02440497958746545,0.024867957495979358,0.024614007108827884,0.02583744573569809,0.02648802761377028,0.02517852170797582,0.025162950902758458,0.023664434024990934,0.023139564497462767,0.02502451397426147,0.02592313690557147,0.025373203297873365,0.02531242543720276,0.02556027241896274,0.024661375344162018
search_space_enz_39,13.701709182391568,7.7227815391661565,3.48770779188149,5.231561687822235,0.24912198513439215,9.21751344997251,7.473659554031765,8.719269479703726,1.9929758810751372,6.7262935986285886,13.701709182391568,6.228049628359804,0.7473659554031765,4.4841957324190584,3.7368297770158825,5.231561687822235,5.978927643225412,1.2456099256719608,1.743853895940745,10.961367345913255,0.02406892612624129,0.025417802019036588,0.024740740750163352,0.025249000990134145,0.026716281969136463,0.025211504467525583,0.025932434829590227,0.025270667826258995,0.024941940797639867,0.0246070649544619,0.024685406323253615,0.024967908954419443,0.023537517712382282,0.02305522148750242,0.023641241049416725,0.02667602228499324,0.024810642036390537,0.025165653278596017,0.02610033111054826,0.025483069663533576,0.026278970691903488,0.02475097282698869,0.025147027900932088,0.02479744349828335,0.024473582162999986,0.024393091246268577,0.0239909621612047,0.025231056152513868,0.026523277085675877,0.025012252507612555
search_space_enz_40,10.442572503481726,7.048736439850165,3.1327717510445177,5.743414876914949,1.827450188109302,10.964701128655813,6.526607814676079,9.920443878307639,4.699157626566777,5.743414876914949,14.619601504874415,4.438093313979733,1.827450188109302,4.1770290013926905,4.699157626566777,8.092993690198337,4.438093313979733,1.3053215629352157,1.5663858755222588,11.486829753829898,0.021967220409517402,0.025144426719223026,0.0241321894419116,0.024040966679232816,0.02576272244754412,0.02593734305643582,0.025466956146423303,0.025414386141644013,0.023958047939306976,0.02391306668537866,0.023113065423697714,0.02477521833293596,0.023215017008654568,0.02360558973713359,0.024359193062349436,0.025858558079275822,0.026226384976985175,0.02474808515153143,0.02518114520536379,0.02571035342480278,0.024677765098067475,0.024025732962725407,0.023933756399550355,0.024011397814000326,0.025231285565688162,0.0252154816732138,0.025176554612560288,0.023827775049317556,0.024668695181548832,0.025637306986936566
search_space_enz_41,11.399248359613267,8.808510096064797,4.145181221677552,5.958698006161481,1.036295305419388,7.254067137935716,5.440550353451787,8.54943626970995,3.8861073953227048,8.290362443355104,13.471838970452044,3.108885916258164,2.331664437193623,4.145181221677552,8.031288617000257,6.4768456588711745,7.254067137935716,0.777221479064541,2.59073826354847,10.103879227839032,0.024292159104327873,0.024729616184061737,0.024756476236624036,0.02420442518551536,0.025250323659835077,0.025701460550022256,0.025482665617273238,0.024156208124814064,0.02462285404004623,0.02490043340185524,0.02506987598057096,0.023888203058852118,0.023471699631687378,0.024234668032272942,0.024060960889808015,0.02491527155400164,0.026468963552914823,0.02526317909681825,0.02551413145894218,0.023806571407279334,0.024224509596082095,0.02413990641121602,0.02358309694697611,0.02347422863043281,0.024972684235956277,0.02474743631301817,0.024865692710961472,0.024143781328762406,0.026127716789433816,0.02585697391479113
search_space_enz_42,4.845870111117782,3.6344025833383364,2.422935055558891,2.907522066670669,0.9691740222235564,1.6960545388912238,4.118989594450115,4.361283100006004,0.7268805166676673,6.057337638897228,6.299631144453117,5.330457122229561,1.6960545388912238,1.2114675277794456,3.3921090777824476,4.845870111117782,1.6960545388912238,1.4537610333353346,1.6960545388912238,4.603576605561893,0.023832911812627866,0.024769887008618634,0.026166770894629855,0.025348033760521547,0.024846520765285228,0.02416391679831577,0.025128934201460718,0.025476777760706202,0.025707569443975207,0.025553704715726936,0.02574752927139861,0.026083114900120184,0.02342608033377084,0.02280640175502586,0.025556758665856823,0.025244737378617526,0.02650709533024907,0.02851464187672988,0.026071863483662538,0.025367925768048707,0.024441732715955733,0.02308470934806579,0.02487284530619503,0.024812348045097566,0.026166477582830597,0.024965105795915314,0.025123200425657403,0.024469119296470263,0.02872925309297817,0.024720526909596956
search_space_enz_43,15.037896633658836,9.21677535611348,2.1829204790795083,6.791308157136248,1.2127335994886157,5.821121277545355,5.578574557647633,11.64224255509071,1.9403737591817851,4.60838767805674,13.09752287447705,2.6680139188749545,1.2127335994886157,3.153107358670401,6.306214717340802,3.395654078568124,3.638200798465847,0.9701868795908926,2.4254671989772314,11.399695835192988,0.025136931329065422,0.026623238687503957,0.024417143711717985,0.025563983117184944,0.026349904123914396,0.026625404721530344,0.025461111448130954,0.026155126590810606,0.02519862334400408,0.0249669995524433,0.023991823614310587,0.025108801210559768,0.02473732084874122,0.02479234169681388,0.02397268452986411,0.026078416061588786,0.02555788845932272,0.024666964052593644,0.025863750864409327,0.02390839180408335,0.026226513431993302,0.024731781053583774,0.02361913850553652,0.024927249826068382,0.025598527528081456,0.02605939637093172,0.02473369762320183,0.024907558133792782,0.02600780204573009,0.02546476581476357
search_space_enz_44,16.77331758578237,9.12665809814629,1.9733314806802789,4.439995831530627,1.2333321754251743,7.893325922721115,6.659993747295942,10.6066567086565,2.2199979157653136,6.906660182380976,13.073321059506847,2.7133307859353835,2.2199979157653136,3.2066636561054533,4.933328701700697,5.426661571870767,4.193329396445592,1.2333321754251743,1.726665045595244,9.61999096831636,0.02390911113663814,0.026131535602241306,0.024748041177002376,0.024519249928580653,0.026439493357319006,0.025645166833096856,0.025934583954555977,0.025810194445661037,0.024327553416528192,0.024035157426832442,0.02455854973681444,0.027223356104544988,0.023947116551169066,0.022713937402766254,0.025252309887790935,0.025470189251868225,0.02525612916836517,0.025566603830416403,0.02683932041635529,0.025197212916057157,0.025006031388121755,0.02403374081266134,0.02506941538916823,0.02448334427269022,0.025515711832182587,0.025831455337176047,0.02475134394712238,0.02476365513792895,0.02529722048487365,0.025056833768436117
search_space_enz_45,12.48403447147764,5.312355094245804,4.781119584821224,6.374826113094966,1.8593242829860317,8.499768150793287,6.640443867807256,8.765385905505578,3.9842663206843536,7.968532641368707,12.749652226189932,7.7029148866564165,2.1249420376983217,4.249884075396643,5.312355094245804,5.8435906036703855,6.109208358382675,0.7968532641368707,2.390559792410612,11.687181207340771,0.02291873717317546,0.024420528436702435,0.024177666555981553,0.022960485839215172,0.02659602969681808,0.0258728339657974,0.025666630005897605,0.024975629058121184,0.024419587707000392,0.023604626407613617,0.024922069440870335,0.02421148614471031,0.02346743641120318,0.023362138834655884,0.025235262796020796,0.0261877274060094,0.02526650431481221,0.02440985023075648,0.026198605922552475,0.024030409880830765,0.024912173461544156,0.02366158829815428,0.02412391152722594,0.02291485629639427,0.025949223617055983,0.022834473532210717,0.02419188096038393,0.024150526667554014,0.02490277821597123,0.0238365864824704
search_space_enz_46,16.61626475241846,10.919259694446415,1.4242512644930108,6.646505900967383,1.8990016859906809,4.035378582730197,6.409130690218548,9.495008429953405,2.1363768967395163,7.5960067439627235,12.818261380437097,2.611127318237186,0.7121256322465054,2.611127318237186,6.171755479469713,3.560628161232527,5.459629847223208,0.9495008429953404,1.4242512644930108,9.020258008455734,0.024649673856969093,0.024729328058455926,0.02486540741760789,0.02583514129597443,0.026312892078047087,0.025532786278906764,0.02595775455151656,0.0249757239693563,0.025685467280441677,0.025752772827607687,0.02449735744453541,0.02453963768135719,0.024418683273259238,0.024757829127156118,0.024495710427941467,0.026530738625639514,0.026234628133974956,0.02597616443223889,0.026407550951611868,0.023823317721551628,0.025934249877051414,0.024979710753939056,0.02541759662278196,0.024888226315196615,0.024796100165034023,0.02656462497775021,0.025771881567616818,0.024873418124103715,0.0265761433703962,0.026844272043145274
search_space_enz_47,10.524745874405399,6.67422909108635,3.5938156644311117,5.390723496646667,1.5402067133276194,7.187631328862223,7.44433244775016,8.471136923301906,2.310310069991429,8.471136923301906,13.605159301060636,4.877321258870794,2.310310069991429,3.0804134266552388,6.417527972198414,6.417527972198414,4.3639190210949215,1.2835055944396827,3.337114545543175,10.011343636629526,0.024351798582107488,0.025303677511571757,0.02481939083381704,0.024995592974012982,0.02544821928581973,0.02676654590990773,0.024938003029775654,0.024145550608664718,0.024165994201682126,0.02567644932952408,0.025746170538903265,0.022965514469672575,0.02318060927899429,0.024234176271765544,0.024203000383330328,0.02552098971392992,0.024690871600509832,0.024370366658262425,0.025348797564043977,0.024794312627482887,0.024702537478270552,0.023265428800417886,0.02413618623503072,0.024680304638713638,0.0255339891817918,0.024873905918002204,0.025035446408362205,0.023838602841034045,0.026709354919783705,0.024857093316878305
search_space_enz_48,12.410859476233657,6.838636854251199,2.786111310991229,6.332071161343703,1.0131313858149924,10.384596704603673,5.825505468436207,9.118182472334931,2.026262771629985,7.091919700704947,12.664142322687406,6.078788314889954,2.279545618083733,4.305808389713718,3.7992426968062216,6.838636854251199,4.812374082621214,1.0131313858149924,2.026262771629985,11.144445243964917,0.02360082455785992,0.025593023690446883,0.024395874972050785,0.02463750085353689,0.02698844156880569,0.026370719594090736,0.026249272884291592,0.02653301184582488,0.024520209472714258,0.023920289115060132,0.02373106846485729,0.024460677291222144,0.02289893207071138,0.023879452012128488,0.025123061453388544,0.025917571271389016,0.02541095910899876,0.024105337616884326,0.02697987642627618,0.02645702269758517,0.025231433709367757,0.02361353752357607,0.024807952115307008,0.023650003013401946,0.023730923929092016,0.024481815888621656,0.02308979465290909,0.02463898979293953,0.026262943665265135,0.025436632287648735
search_space_enz_49,6.36632879338026,4.838409882968998,6.620981945115471,5.347716186439419,1.0186126069408417,5.347716186439419,2.8011846690873146,9.931472917673206,3.055837820822525,14.260576497171783,12.2233512832901,9.422166614202785,2.546531517352104,4.838409882968998,3.3104909725577354,6.11167564164505,4.5837567312337875,1.273265758676052,3.819797276028156,9.676819765937996,0.022011475519553656,0.025715431079826604,0.02547203673389456,0.025102570080310267,0.024938966925671078,0.024451419046731482,0.02538206444891982,0.025597902085098764,0.02428208650631866,0.024841176281429008,0.025404486322319966,0.0248722809946449,0.02255690153210484,0.023501132249352,0.024597272874278812,0.026004654371938128,0.02459358956240562,0.023789474833282146,0.025516646163674023,0.026587624511129053,0.024997530574802092,0.025052634436022663,0.02424583204616038,0.023869196713602294,0.02458983168857212,0.02575039909009464,0.025245897853043046,0.02598716039771844,0.02618627514771728,0.024202898194173303
search_space_enz_50,8.57733180364156,3.9210659673789983,2.6957328525730615,5.63653232810731,0.9802664918447496,2.2055996066506864,6.126665574029685,8.57733180364156,3.185866098495436,4.656265836262561,7.8421319347579965,5.881598951068497,3.185866098495436,4.411199213301373,3.4309327214566236,4.901332459223748,3.185866098495436,1.7154663607283118,2.9407994755342486,6.371732196990872,0.022796371630593636,0.02700911295205523,0.02598021260485294,0.026139936688540935,0.024135370938630954,0.02515631837136885,0.027135175528745312,0.02552786701956726,0.02563894399147458,0.024218655583798744,0.023053092450715157,0.023523024758199073,0.025643975378749625,0.024969226266432377,0.024112316445303122,0.024695835062425522,0.02668300915771868,0.024941467579722477,0.024900539923164055,0.02454214234281746,0.025190633621264686,0.025092565781079466,0.025707486394401128,0.02600734594043291,0.02439256996306212,0.02471210552207512,0.02487007189264394,0.027337969314673628,0.026519585286654858,0.02430044864764887
search_space_enz_51,5.829954101344213,4.129550821785484,1.9433180337814044,5.344124592898862,1.700403279558729,1.9433180337814044,2.9149770506721064,6.315783609789564,2.18623278800408,2.672062296449431,6.55869836401224,4.129550821785484,1.2145737711133777,2.4291475422267554,3.157891804894782,4.37246557600816,3.643721313340133,1.2145737711133777,3.643721313340133,5.829954101344213,0.02454518091998525,0.02511056105020922,0.024651598284849866,0.02537941679947485,0.025030449126733856,0.026152448796119873,0.02549277723139379,0.025199446942845347,0.025578191639685024,0.02533477628821294,0.026745309743290226,0.024555909297458427,0.02421543340327512,0.026790173865816773,0.024426056738051354,0.0253691062903407,0.02386701813519798,0.025444749345428574,0.02528853004817566,0.02408100173251867,0.025745800695209296,0.024176322052676984,0.02570066642516442,0.025954820098427207,0.02419111367149986,0.02418160384506862,0.02670818571577673,0.02606556067889449,0.02663833008184593,0.024464706833697593
search_space_enz_52,6.700153274891889,3.607774840326402,4.123171246087316,5.153964057609145,0.7730946086413718,2.061585623043658,8.50404069505509,9.53483350657692,3.865473043206859,5.927058666250518,8.246342492174632,5.66936046337006,2.061585623043658,5.66936046337006,4.638567651848231,6.957851477772347,5.66936046337006,0.7730946086413718,3.865473043206859,6.700153274891889,0.02570127253497528,0.025610746797370677,0.024837338494127725,0.024333648594139154,0.02517869352135149,0.026266816889471502,0.025244141338332356,0.02347567106363657,0.02184814464733475,0.025219282034696408,0.024037442995411714,0.023154633634479293,0.02487747668463437,0.026001047082575127,0.02424803803734352,0.02350989488830451,0.02414982505596209,0.024320871891636824,0.025163024291855917,0.02453712012612523,0.024705376075953227,0.02660444346636119,0.02403306589118419,0.024887167813815215,0.025230726799167026,0.026310987264564746,0.024465268730849216,0.024478135246604093,0.024434414626197474,0.025437080601081817
search_space_enz_53,6.733658271917953,2.848855422734519,3.6258159925712055,4.143789705795664,1.035947426448916,2.3308817095100607,8.546566268203556,9.582513694652471,3.6258159925712055,6.474671415305724,6.474671415305724,6.9926451285301825,2.071894852897832,5.956697702081266,4.920750275632351,6.2156845586934955,6.2156845586934955,0.7769605698366869,5.179737132244579,6.9926451285301825,0.02525516890546818,0.025511654374161686,0.024558571580603004,0.024504727382013054,0.025910732284097026,0.0255952751863679,0.024643580595893846,0.023504815133804063,0.023327688421146568,0.02486231264637424,0.02449788003383967,0.023681633989884154,0.025167739733905556,0.025123900056397627,0.02341751756018447,0.02375358175383294,0.0240849042502712,0.024910278236136122,0.024928350795358427,0.024072107838700417,0.025772910508408155,0.026047870112535457,0.023773892134233685,0.02504792363886866,0.02543156922586231,0.024890087338465934,0.02428388554365282,0.024705730135058192,0.02504043319699334,0.0247064207952522
search_space_enz_54,9.663798390838112,4.068967743510783,3.560346775571936,7.120693551143872,1.5258629038165439,3.560346775571936,5.340520163357904,8.646556454960416,3.3060362916025117,5.340520163357904,8.137935487021567,4.068967743510783,1.0172419358776958,4.831899195419056,5.08620967938848,4.577588711449632,4.323278227480208,1.5258629038165439,3.3060362916025117,5.594830647327328,0.02560179702573278,0.025503941112311367,0.025246652840727003,0.02590564212110626,0.024591478672764153,0.02604580940947022,0.023564619617229363,0.024954866272671516,0.025613443802100462,0.02289609613418926,0.025494643773839615,0.023689109576853065,0.024790933591763563,0.02479241149319381,0.02392132795286498,0.02488415159841046,0.0256401866470196,0.025600021743324056,0.02379848104224571,0.02317364715808321,0.025948529506004053,0.025235335083267595,0.025834716936299774,0.025602441994619973,0.025825751754854964,0.02516229093814735,0.025086184559723484,0.024320824439522496,0.02208585384782873,0.024878325384407186
search_space_enz_55,11.816021551433527,3.6760955937793196,4.726408620573411,4.463830363874888,0.7877347700955685,2.888360823683751,7.614769444257162,11.028286781337957,5.251565133970456,6.301878160764548,8.665082471051253,4.463830363874888,2.1006260535881824,3.938673850477842,4.726408620573411,4.201252107176365,5.776721647367502,2.1006260535881824,3.150939080382274,8.665082471051253,0.025301677309987735,0.025839464845956298,0.0246935333826515,0.026145244064199637,0.024751140305242423,0.025756628672659463,0.023638478435624357,0.02458920037844793,0.024745547002706602,0.023319198279128414,0.02473268214306779,0.02402520519151429,0.023649041870401264,0.025081408167220685,0.025805055847056405,0.02465998724515799,0.02509638826880554,0.023565802838402074,0.024138291601356048,0.0249064066264715,0.023991760615132404,0.02392452738574386,0.02254196516569911,0.026692091275543773,0.024371505067290432,0.02536693655058657,0.02529216999428149,0.022479845869863204,0.023290682688961697,0.025029876212316726
search_space_enz_56,14.976475829630404,5.086350281761269,10.455275579175941,6.216650344374885,3.1083251721874423,9.890125547869134,7.629525422641904,13.28102573570998,2.8257501565340384,16.671925923550827,16.95450093920423,11.02042561048275,7.346950406988499,14.128750782670192,9.042400500908922,14.411325798323595,11.303000626136154,2.5431751408806345,7.346950406988499,15.824200876590615,0.023260741189978014,0.02243825218707239,0.02172804034499564,0.02153262358755429,0.024401940580505835,0.023750759279784896,0.022331418389895094,0.024171255476948296,0.022922323048929612,0.023796172858815575,0.023898070094139662,0.02454943661573597,0.025135871999823024,0.024767849480190292,0.024876817743622045,0.024473921437134723,0.02522416271589904,0.024645440261919626,0.02414374580400313,0.024326242371966508,0.02368530696458538,0.02376818882453984,0.024813499990956413,0.023607897207109776,0.023940734843452244,0.024506648716957846,0.023682444478558978,0.024466024427035972,0.02390500960110448,0.02467414382338171
search_space_enz_57,6.028064034554264,3.7675400215964148,2.0093546781847547,5.525725365008075,2.0093546781847547,2.7628626825040374,3.014032017277132,6.2792333693273585,2.5116933477309433,2.7628626825040374,7.283910708419736,4.269878691142604,1.507016008638566,2.2605240129578488,3.014032017277132,4.772217360688792,3.7675400215964148,1.2558466738654717,3.5163706868233207,5.776894699781169,0.024440974438065522,0.024819931908273148,0.024181896160462138,0.02421645256357738,0.025246530227279344,0.025998271039214597,0.02500779755008142,0.02505554065322567,0.02536600168255218,0.02561599527257793,0.02624905720646059,0.024058346703264295,0.024152131712008185,0.026820260088825373,0.024293951376237702,0.02507776868777404,0.024088230467803055,0.025140265474307078,0.025514635714683005,0.023150123706293695,0.025305832659435996,0.024024738066201336,0.02622493860820634,0.02584031111839324,0.0227226258237949,0.024537014453024506,0.025897526278343578,0.025103129006260834,0.026380563081625626,0.024299823498652978
search_space_enz_58,16.56925305074429,10.964946871816075,4.38597874872643,13.88893270430036,2.9239858324842865,6.822633609130002,10.47761589973536,15.107260134502148,4.8733097208071445,11.208612357856433,12.18327430201786,6.09163715100893,2.9239858324842865,5.116975206847502,7.553630067251074,7.309964581210717,8.284626525372145,2.4366548604035723,5.360640692887859,14.619929162421434,0.0245411231021025,0.026603140960080613,0.024443793650502737,0.02452567676014756,0.026514363924130965,0.025680367774149775,0.026382657522797004,0.025165972306052838,0.026229457232874474,0.024184155318921992,0.025047097175238193,0.025451313381034464,0.026157415931822713,0.024874121227635344,0.025068368461964342,0.02475913766279505,0.024565297922698976,0.024735152223799954,0.025756986448679412,0.02529800812319504,0.026009775818790975,0.025069242706203976,0.025236674144896255,0.025845037097407136,0.02597025600160252,0.024495450641144917,0.024107153701343007,0.02399390767779564,0.024654614543462423,0.024968794516372045
search_space_enz_59,9.439552470651435,4.129804205910003,5.60473427944929,4.424790220617861,3.2448461617864313,3.2448461617864313,4.7197762353257176,8.259608411820006,2.654874132370716,12.684398632437867,21.53397907367359,6.194706308865005,5.014762250033575,7.669636382404292,7.374650367696434,11.799440588314296,8.259608411820006,1.474930073539287,4.129804205910003,10.619496529482864,0.02383262761593458,0.023520114102478996,0.020830891123794736,0.02200247494796816,0.0247582893196767,0.02230187792715373,0.022684739698196323,0.0233492734154107,0.024373088424121236,0.02237592671412076,0.022637174980143237,0.024339521837694673,0.024194726841757087,0.023866338300536836,0.023270296890786475,0.023667448108332947,0.02376175039456818,0.02344873716664008,0.023803717352845238,0.023671039901165584,0.023919716162768622,0.024469766007505375,0.02361798564302904,0.024695755683151598,0.02453389570720208,0.023561047048596087,0.02287516069167908,0.02473799648246412,0.023468841226009857,0.02244376557641048
search_space_enz_60,10.095207343150973,3.2741213004813967,1.3642172085339153,2.1827475336542643,0.27284344170678304,1.9099040919474815,4.092651625601746,4.365495067308529,1.3642172085339153,1.3642172085339153,7.366772926083143,0.27284344170678304,1.0913737668271322,1.3642172085339153,3.0012778587746136,3.2741213004813967,3.819808183894963,1.0913737668271322,0.0,4.365495067308529,0.023317561119170403,0.027213580888756455,0.026303877316327582,0.02446236010344885,0.023059945368585404,0.02276521627636892,0.023825394264893867,0.023571395300138943,0.02450273339792315,0.023382171207399903,0.023430806446050667,0.026257978485585795,0.02574395949305882,0.025442681779347436,0.022290193739655042,0.023911028398195713,0.02320232742423404,0.025704636029298893,0.02506466576312701,0.023016000083741925,0.0243845960112078,0.02479554607668517,0.024668852427264205,0.023218983553830282,0.021994924992177027,0.022203861523750548,0.02495393367515135,0.025868260602451017,0.02605469904133666,0.022544387504054082
search_space_enz_61,33.46686451250368,15.188807740290134,6.950810321827689,16.73343225625184,1.0297496773078056,9.010309676443299,14.41649548230928,22.397055481444774,5.921060644519883,9.525184515097203,21.36730580413697,6.435935483173785,4.891310967212077,7.20824774115464,9.010309676443299,15.961119998270988,16.73343225625184,3.60412387057732,4.891310967212077,23.68424257807953,0.024416923953740715,0.024879565873075875,0.024791788469512074,0.025366097266308788,0.024844870805823115,0.024805969511710164,0.025385800965789334,0.02448179137772308,0.024859935618888798,0.024461016497527178,0.024885456860371868,0.025649254757684675,0.024491357150852888,0.024592612551137018,0.025501223520787084,0.02458765221578318,0.023844168912536594,0.025156765744197538,0.02399037376667,0.023938412139611186,0.025929562789896558,0.024867381102333348,0.023599252703975015,0.024346621935867542,0.02484175908165413,0.02450293366421274,0.02597646147820579,0.02525813552893293,0.023778947885302604,0.02453048654293684
search_space_enz_62,1.6945445796695733,1.90636265212827,1.27090843475218,0.8472722898347866,0.63545421737609,0.21181807245869666,2.1181807245869666,2.1181807245869666,0.4236361449173933,0.4236361449173933,1.0590903622934833,1.27090843475218,0.4236361449173933,1.0590903622934833,1.0590903622934833,1.0590903622934833,0.63545421737609,0.63545421737609,1.27090843475218,0.8472722898347866,0.0248100571786129,0.028242300980120743,0.028587506836856402,0.025327661101313043,0.027436942629156254,0.02669723109310895,0.024683585258656698,0.02615768567891214,0.025057606857374463,0.026936662717592545,0.02599803832519154,0.026692794979634473,0.027547103067106237,0.026919535253278663,0.02351978538365112,0.026910378761334352,0.026988551085783533,0.024612265676276654,0.02595534811719454,0.028465172752142828,0.0293540155579738,0.025106106370581496,0.02323871515993059,0.023108984780153396,0.02650914647023538,0.02661737982642534,0.023471103146303456,0.02582778402392471,0.02964557146814842,0.02775690700432853
search_space_enz_63,11.274153854677618,3.6706547433834102,4.981602866020342,3.9328443679107967,0.7865688735821593,2.6218962452738643,8.12787836034898,11.01196423015023,5.243792490547729,6.292550988657275,8.914447233931138,4.719413241492956,2.0975169962190914,3.6706547433834102,4.981602866020342,3.9328443679107967,6.030361364129888,2.0975169962190914,3.4084651188560238,8.390067984876366,0.025071380735568336,0.02599343602245253,0.02466914748480337,0.02600671843065335,0.024623857477350103,0.025748769909159815,0.02369025372830011,0.024136666805029475,0.02452090055063629,0.023510961594579587,0.024714398328014253,0.02427527405991621,0.02394225137462694,0.025168632537050338,0.026036506793458182,0.02475263876840107,0.02519675104706196,0.023334436385149235,0.024296573097779692,0.024866141611859953,0.02381253451951545,0.024289443787358152,0.022708084904632865,0.02663432619489078,0.024450765220058544,0.02542693209761155,0.025347269738668448,0.022419610428472427,0.02317640541136919,0.024989306428185254
search_space_enz_64,13.43671307314952,12.459497576920464,6.351900725488863,9.527851088233296,1.2215193702863198,8.062027843889712,15.391144065607632,19.544309924581118,5.374685229259808,11.726585954748671,20.765829294867437,11.970889828805936,3.6645581108589598,6.596204599546128,12.459497576920464,11.970889828805936,11.726585954748671,3.9088619849162236,9.527851088233296,13.681016947206784,0.026260469872270722,0.026290853045417516,0.025208366478916912,0.02502407636730101,0.025738961447330084,0.025349926790093066,0.025818869141105285,0.024593953673324377,0.025301177639709994,0.024674082200758174,0.025313301947547162,0.024930872851647114,0.023832627228902448,0.02499522431222471,0.025190471314691643,0.026408814320472623,0.023509233256629535,0.024300680385322883,0.025465260471088928,0.025339297864742195,0.026098480077553412,0.024406921317386417,0.02542352081210365,0.025550612849714396,0.024851624797668503,0.025124842194091047,0.02565412544476837,0.025690831342377898,0.02471515883303916,0.024633487664536612
search_space_enz_65,20.244377586303074,15.495696424083834,6.498195274615801,12.74645996174638,5.2485423371896855,9.497362324438479,13.246321136716826,21.74396111121441,8.497639974497586,6.748125862101024,21.993891698699635,6.748125862101024,4.748681162219239,8.247709387012364,11.99666819929071,12.996390549231602,11.746737611805488,3.748958812278347,8.497639974497586,18.994724648876957,0.025084427685043025,0.02557896765931843,0.025921842091999815,0.026167761341642296,0.02475294087233394,0.02549197840858996,0.025049939607551242,0.025421220847705008,0.024252672240519316,0.024589919099966443,0.0250982439497573,0.02369333483388755,0.024172570080897796,0.025492383101321396,0.02508781473109454,0.025455557984742617,0.0248391795776395,0.024914750863842993,0.02502086313387745,0.02447163773936132,0.02427646784684132,0.02399072225483741,0.02469702248381683,0.025552076388869454,0.02522889974014569,0.025632730682175534,0.02546588478712647,0.025274638975959753,0.024665689117602856,0.02472727438630965
search_space_enz_66,3.779371150400833,6.224846600660196,2.667791400282941,5.780214700613039,0.4446319000471568,3.112423300330098,4.4463190004715685,4.8909509005187255,2.667791400282941,2.0008435502122057,5.113266850542304,1.556211650165049,1.1115797501178921,4.2240030504479895,1.3338957001414704,3.112423300330098,2.667791400282941,0.6669478500707352,2.8901073503065193,4.0016871004244114,0.02660350398702774,0.0260789706369109,0.02444078273633536,0.023572070695195332,0.027619092227997483,0.026533537886798405,0.02561641580642589,0.02683560197717595,0.026955046592937047,0.024235219223226453,0.026711026142774395,0.026219973380992044,0.02669323083183998,0.025236931115262092,0.026868493571009434,0.025511668868252374,0.02566125456937429,0.025202022910369687,0.02738410508265582,0.025539475767673438,0.02584794167524824,0.02486211483647503,0.02486563774476319,0.024233852657516194,0.025519428060358663,0.025752401653217908,0.026185717039901038,0.027492568002319917,0.02552013909996704,0.027885825196420414
search_space_enz_67,4.125329487212915,3.3973301659400477,2.9119972850914695,5.58132812975865,0.9706657616971566,3.639996606364337,4.853328808485783,5.823994570182939,2.4266644042428913,2.9119972850914695,5.338661689334361,3.3973301659400477,1.6986650829700238,2.6693308446671806,2.183997963818602,4.125329487212915,1.6986650829700238,1.4559986425457347,3.3973301659400477,4.610662368061494,0.02606960681635485,0.02780655933060368,0.02544945347050539,0.02444388116478694,0.02530539336324344,0.027940430481181815,0.02498261086043719,0.025219961644770663,0.025103798683156424,0.0231310411081993,0.025378898531640607,0.026735614311167284,0.023035074382607667,0.025024758483440362,0.025776643346819634,0.02543902086162692,0.024967580153223243,0.024628642324041133,0.025898156600029233,0.026247641931076374,0.025974595827855038,0.025222052727226763,0.023444162237744343,0.025651653247252673,0.024436511086254206,0.02347578358486235,0.0259717023629411,0.026829517500123096,0.024861061321192663,0.022881751831346366
search_space_enz_68,3.253433413390957,3.9505977162604475,1.8591048076519752,6.042090624868919,0.4647762019129938,2.556269110521466,5.344926321999429,3.4858215143474536,3.0210453124344596,3.4858215143474536,4.415373918173441,3.7182096153039503,0.6971643028694907,3.9505977162604475,1.1619405047824845,3.0210453124344596,2.788657211477963,0.6971643028694907,3.4858215143474536,4.182985817216944,0.025114379415959818,0.027272498606480258,0.02572122548686318,0.023576431418396167,0.02675547559954203,0.027515417197772493,0.026685827116785528,0.024684899018567335,0.026685816629529763,0.02460535601187654,0.0246715586633408,0.025972512098322444,0.024325014065668775,0.025588335400688177,0.02563130260715085,0.027256903116168688,0.024530927408029642,0.026058564079472123,0.027196533490417552,0.02507345791715733,0.022083129886985166,0.02477642420039406,0.024825262310504487,0.02420936989425362,0.025940344639544546,0.02664655040159143,0.0273498196856879,0.026763488150960475,0.02435603074750942,0.025739043777882418
search_space_enz_69,9.925560984633211,4.210844054086817,5.113167779962563,4.210844054086817,3.30852032821107,4.812393204670648,3.30852032821107,9.023237258757463,2.406196602335324,11.429433861092788,22.257318571601743,5.714716930546394,4.511618629378732,6.316266081130225,7.519364382297887,12.933306737552366,8.120913532881717,1.5038728764595775,4.210844054086817,12.933306737552366,0.023571639163681615,0.023304403802759523,0.02031303757446732,0.02227019572174939,0.024979218977088453,0.022651327603090188,0.02301802948321774,0.02312817417815351,0.024261077522606565,0.023083101401754146,0.022307389717465806,0.023803943376976656,0.023597490174304826,0.023467794098086334,0.02359930989834432,0.02370665140228956,0.023536739675931614,0.023484095145779725,0.02320523151550273,0.02361524443789461,0.023676434004829983,0.023857940277058162,0.023412681991092775,0.024904702980783972,0.024722075931013013,0.023163612205449626,0.022566233994798842,0.02387680355958856,0.022589015206961143,0.021551829685363778
search_space_enz_70,17.148485599336926,9.79913462819253,5.171765498212724,3.538576393513969,3.26637820939751,7.077152787027938,4.627369129979805,12.248918285240663,2.1775854729316735,7.6215491552608565,22.86464746578257,1.9053872888152141,4.082972761746888,8.710341891726694,11.432323732891286,12.521116469357121,4.082972761746888,3.26637820939751,5.171765498212724,11.432323732891286,0.022281634028216576,0.02370631049942995,0.023024970989044012,0.02284433983095361,0.024497657153278504,0.024017916659256535,0.024217849022220617,0.024133682474284452,0.02440958807797135,0.023301435774927028,0.024027273191692233,0.02509616001333489,0.024616863979120055,0.024283052478335017,0.02501011799697612,0.02482995623004769,0.023947907081970008,0.02418912756160526,0.02524186524876057,0.024268406781291805,0.024524096818261135,0.025534455238606205,0.02521578544969242,0.02433924756149718,0.02387436625192318,0.023575177727349166,0.025199208601634476,0.024896592022598498,0.024280232916958543,0.02441653822230358
search_space_enz_71,9.34194615187091,4.218943423425572,4.821649626772083,4.218943423425572,3.314884118405807,4.821649626772083,3.314884118405807,9.643299253544166,3.0135310167325517,11.752770965256952,21.697423320474375,5.424355830118594,4.520296525098828,6.328415135138359,7.533827541831379,13.259536473623228,8.7392399485244,1.5067655083662759,3.9175903217523174,13.560889575296484,0.02321920699937373,0.023039389423906313,0.020650773212422188,0.022394282419888674,0.024920843686716116,0.022437353483679572,0.022770372100708102,0.022550993294747516,0.024038397615012707,0.023036725784268262,0.0224349093552341,0.024172842373619753,0.023728842753857064,0.023515447245967557,0.023585554001746258,0.0237557782775183,0.023735281223380866,0.023384033348020958,0.0230951785779288,0.02369713718239857,0.023961673014558586,0.023842099428042392,0.023743546845352934,0.024412888061391615,0.024749783989604746,0.023256191958005396,0.02262313293701516,0.024038256645633645,0.022160099207633236,0.021695883879111713
search_space_enz_72,8.909919656059214,9.6133343657481,4.9239029678221975,12.426993204503642,0.7034147096888854,3.9860166882370174,11.020163785125872,11.020163785125872,4.9239029678221975,5.158374537718493,11.254635355022167,4.454959828029607,2.8136588387555417,6.330732387199968,3.517073548444427,7.737561806577739,6.330732387199968,1.8757725591703611,7.268618666785149,8.20650494637033,0.02557354511332052,0.026817042617301348,0.02510612838171434,0.024566806639648008,0.026734476929724426,0.02664425588082958,0.026948383206953072,0.025740543298314465,0.025519713005215088,0.024700787919402445,0.02486528119121585,0.0264560611274254,0.025512824093033553,0.024211473858212693,0.025458353278697533,0.027394443866443813,0.025672766441423096,0.02562441628327917,0.02590657558990287,0.02488872226786812,0.02469279413068132,0.0245655431719625,0.02435793493220767,0.02527059912503473,0.02555353228196572,0.02545810580402047,0.026417099816556877,0.02639180625391101,0.02429613457953007,0.02418227901790893
search_space_enz_73,3.8505839742321055,5.889128431178514,2.265049396607121,6.115633370839226,0.45300987932142417,2.491554336267833,5.662623491517802,5.662623491517802,2.265049396607121,3.171069155249969,4.756603732874954,1.3590296379642726,1.5855345776249845,2.491554336267833,2.0385444569464086,3.171069155249969,2.265049396607121,0.9060197586428483,3.397574094910681,3.397574094910681,0.023620082062648866,0.028830327859205418,0.026326488983120757,0.022226776013770815,0.0245276445235308,0.02682891812894015,0.025220341900942175,0.027358574000623276,0.02541434435859192,0.023808007190787843,0.024396687052190513,0.027212133129335847,0.026537297582242506,0.02557480386131715,0.02504862422288099,0.026560647597874798,0.027065627420775156,0.025820981520567516,0.02467969061234566,0.02593619631606046,0.027799492292980305,0.026086089992187218,0.024717417908818935,0.026601336043682366,0.02645459418215605,0.02574626834790699,0.027377212786764617,0.02640700334088212,0.02490252359528039,0.02440892751087647
search_space_enz_74,3.8147797448936207,4.487976170463083,2.0195892767083876,7.180761872740933,0.44879761704630833,1.1219940426157708,4.263577361939929,4.7123749789862375,2.2439880852315417,2.4683868937546958,4.263577361939929,3.1415833193241585,0.8975952340926167,4.039178553416775,1.1219940426157708,2.69278570227785,3.5903809363704666,0.8975952340926167,3.5903809363704666,3.1415833193241585,0.02572680591588488,0.02549435286501042,0.026378836835651367,0.023185875023115678,0.027408920391312583,0.027879737800922105,0.0270254423852453,0.025662321333491066,0.026676034803297253,0.026107903072029707,0.02455712229630455,0.027184616366934318,0.024794829180381246,0.02702799852664813,0.02661047681332667,0.026887431699316285,0.024639783237682983,0.026259386346298024,0.02697019117974963,0.02636805162201107,0.022146479506433316,0.024391861013415863,0.024279706777552926,0.025460822736378945,0.025548446104043658,0.025212328705586172,0.02743427009783001,0.02734983325248799,0.02483841420778708,0.02609291138071667
search_space_enz_75,14.045782335134872,3.9328190538377643,7.022891167567436,3.9328190538377643,3.9328190538377643,5.337397287351251,6.461059874162041,11.798457161513292,1.404578233513487,10.674794574702503,21.630504796107704,5.899228580756646,5.0564816406485535,9.551131987891713,6.180144227459343,13.764866688432175,8.989300694486317,4.494650347243159,9.83204763459441,12.360288454918686,0.02285158848141554,0.022880949395211906,0.022199250268749894,0.022930438718292725,0.024128996908453278,0.02318068439580588,0.02378077657095428,0.023668288456422625,0.02400591987774535,0.024382617910411478,0.024422154354793627,0.02314956932357383,0.023756731123407617,0.02485251504551938,0.02291915442353991,0.024173630484957537,0.023907927303498763,0.024490699279985203,0.02485609468774976,0.02487599974033851,0.023319585242221292,0.025304219430073115,0.02420813442611817,0.023721719336286546,0.024549141179499027,0.025122949075667204,0.02379986996726873,0.02484933075012917,0.024699878053161033,0.024095539086050975
search_space_enz_76,6.034184774293202,6.285609139888752,2.5142436559555006,4.0227898495288015,2.0113949247644007,5.2799116775065515,5.531336043102102,8.045579699057603,4.274214215124351,6.285609139888752,11.816945182990853,4.525638580719901,2.2628192903599507,3.268516752742151,5.782760408697651,5.531336043102102,4.274214215124351,1.2571218279777503,4.0227898495288015,5.028487311911001,0.0254348260602502,0.025648411565073928,0.024612848137791424,0.024811983013839314,0.023919154912685422,0.0268334626534546,0.024478151963868777,0.02547742787052562,0.025054617653300103,0.023444290760795714,0.025484716176596412,0.026063075259974092,0.025097598280313712,0.022463922972322536,0.024595838113881573,0.025496614952577712,0.02441644113955625,0.0268150740189913,0.02436144244011703,0.023128033532828766,0.025063744881481,0.026371932110475404,0.025373331065753315,0.023096169047824223,0.02550619147288659,0.0240650907789463,0.025539887129902676,0.024443089274608202,0.02446053927466558,0.027017727889162214
search_space_enz_77,5.120584656273218,4.145235197935462,2.1945362812599507,5.608259385442096,1.9506989166755118,1.7068615520910728,2.6822110104288286,6.095934114610974,2.1945362812599507,2.43837364584439,7.07128357294873,4.145235197935462,1.4630241875066339,2.43837364584439,2.9260483750132678,4.87674729168878,3.6575604687665844,1.219186822922195,3.6575604687665844,5.8520967500265355,0.024989675522102708,0.02459022246593089,0.024102887685707116,0.0255960467494502,0.02552240719222828,0.025914888732429035,0.025693343928784706,0.024940962129524943,0.02521262429348595,0.024933133219801156,0.026860478632654755,0.024790421395780974,0.024420181442732235,0.02677834406205454,0.024390308060908233,0.024895127749177504,0.024074766832182473,0.024929116860464687,0.025530143857125848,0.02429019458045087,0.025829601666555756,0.024281204659076586,0.025652507572896426,0.026126020130701748,0.02390351590436532,0.023996543136136077,0.027370199339338715,0.025503412119769482,0.026663283692178016,0.02438107180156601
search_space_enz_78,13.64236681588789,10.913893452710312,7.441290990484304,9.177592221597308,1.7363012311130042,9.177592221597308,15.874754113033182,20.339528707323762,4.9608606603228695,10.913893452710312,21.083657806372194,14.138452881920177,4.712817627306726,6.945204924452017,12.15410861779103,11.658022551758743,11.409979518742599,3.9686885282582955,9.177592221597308,15.378668047000895,0.025779082177511542,0.026166077269487994,0.025089154060505783,0.024654642488414726,0.02537722418769601,0.025506777478226595,0.025672257392726223,0.024867817322807965,0.025283885007609145,0.024296521430341844,0.025280259675298886,0.025211092674293126,0.0239123226513218,0.024783754506702175,0.02466818320975268,0.02562820951873228,0.02313486107759644,0.024475055560048503,0.025347416481828408,0.02509096975040737,0.025910116752287823,0.024170982176055667,0.025482148247557023,0.025933784659834622,0.02501659088096162,0.025010344864792707,0.02534218401401779,0.025585148675011972,0.024354949138221206,0.02492515365380652
search_space_enz_79,21.682534507691066,15.769116005593503,5.174241189335368,11.33405212902033,4.188671438985774,7.145380690034556,13.058799192132119,22.42171182045326,9.85569750349594,7.638165565209353,20.696964757341473,7.3917731276219545,5.667026064510165,8.130950440384149,12.812406754544721,14.290761380069112,10.594874816258134,3.9422790013983757,8.130950440384149,16.261900880768298,0.024916227281131353,0.025982310281484195,0.026181163210522607,0.02614327494853402,0.02492018162772251,0.025450181182174177,0.024811520128397165,0.025438835546155534,0.024462169283788207,0.02483228070340004,0.024756665550888103,0.024566852461471396,0.024397169805192017,0.025330151664577163,0.02544184046004764,0.026082068060804382,0.024979953344489287,0.0251154878099468,0.024921481575471607,0.024866808669269404,0.024892110014433567,0.024130528142222003,0.02412789953994213,0.025749103357369827,0.025369488319934963,0.025550459988658084,0.025729263976124205,0.025280597722263005,0.0243149387081135,0.024866549048072676
search_space_enz_80,34.044347562629,15.87029736002254,6.911258527751752,15.87029736002254,1.535835228389278,7.93514868001127,15.87029736002254,23.03752842583917,5.1194507612975935,8.959038832270789,20.989748121320133,4.863478223232714,4.095560609038075,6.655285989686871,9.215011370335668,13.822517055503504,17.918077664541578,3.5836155329083157,5.375423299362473,25.853226344552848,0.024611093867036575,0.024874529821929912,0.024734931466143608,0.02584868504593256,0.0247457924852183,0.024510838126582744,0.02555062913938118,0.0249410320418822,0.024695388205395193,0.024691316038173178,0.02493468320108378,0.025805416429739172,0.0247780274058082,0.024822631973872026,0.02602823134048793,0.024633950554076106,0.024094194470288797,0.024904877013742496,0.024155438049675758,0.02373979021895647,0.0254568559772851,0.024843497844901842,0.023772255517963373,0.024450060155390137,0.024543229690825542,0.02421783727248259,0.025847520418149323,0.025416660940260093,0.02372235954518889,0.024655707677267037
search_space_enz_81,9.444911358634252,2.5758849159911597,1.1448377404405152,1.4310471755506442,0.2862094351101288,2.0034660457709017,4.579350961762061,5.151769831982319,1.1448377404405152,2.0034660457709017,6.869026442643092,0.2862094351101288,0.8586283053303865,1.717256610660773,3.7207226564316747,4.293141526651932,3.7207226564316747,1.1448377404405152,0.2862094351101288,5.437979267092448,0.0232002037313863,0.02600794710230341,0.026036466916329645,0.022836537155259316,0.024730663942758004,0.025265884173589086,0.023699419143331627,0.02264427603435702,0.024197007696131624,0.023026946821827484,0.021512812094039293,0.02489011834419336,0.025779584729053055,0.023956092358123265,0.02140017912113101,0.02367885563136199,0.025776122749028647,0.022971016084106607,0.02630113373214845,0.023747195778779793,0.020951391224843834,0.02311032773996541,0.021154927118726442,0.02427750873395647,0.023782068022327282,0.02337435763358584,0.02396891842863316,0.022848920410841692,0.024655719768848745,0.024007962468903396
search_space_enz_82,13.358704915910648,2.4536396784325682,3.544146202180376,4.362026094991232,0.545253261873904,1.090506523747808,8.451425559045513,12.540825023099792,1.090506523747808,7.360919035297704,7.088292404360752,7.633545666234657,4.362026094991232,2.181013047495616,2.72626630936952,5.997785880612945,7.088292404360752,0.272626630936952,2.9988929403064724,9.814558713730273,0.025725523144928285,0.02614981456239886,0.024139728406038875,0.022620003640680744,0.02545561222370775,0.024140977089302757,0.02407636238357137,0.022508642706746317,0.02513634542519011,0.025119894824293085,0.024268368170179272,0.024560437456354556,0.023335935460116215,0.02605861604094474,0.024314787671855454,0.022589956945172584,0.02357957114937513,0.02535842903473741,0.023929738995870427,0.02336426825011122,0.02422520263856237,0.025006743544103364,0.024364690437127693,0.02395168091826581,0.0248312691305061,0.022590256052263676,0.024977151505176157,0.023785068913380704,0.024568461376293222,0.022639830965793726
search_space_enz_83,5.97508239620324,5.1957238227854265,2.0782895291141705,5.1957238227854265,2.8576481025319844,4.676151440506884,5.1957238227854265,8.05337192531741,4.676151440506884,6.234868587342512,11.95016479240648,5.1957238227854265,2.338075720253442,3.89679286708907,6.234868587342512,5.455510013924698,5.715296205063969,1.0391447645570853,4.156579058228341,5.1957238227854265,0.025334878246573225,0.025740831541072064,0.02467786276737286,0.024483431260579776,0.025103273616515775,0.025682287690738506,0.02509350537529027,0.02308611647199875,0.02392008543358377,0.02384110531638362,0.025044255631049644,0.024778135098551722,0.025170409143715437,0.02241249933539044,0.02466796737338569,0.02470835046238653,0.024416987621587852,0.024781943451091998,0.02411825894055518,0.022787690674686785,0.02537286693004524,0.025990888964593947,0.025040125752913554,0.023344167540434682,0.025774039542191363,0.025686621609345164,0.024426378212460208,0.023591886392165484,0.023946771821079595,0.027190186642989434
search_space_enz_84,30.504782909986734,16.23641671015423,6.642170472335821,11.070284120559702,2.460063137902156,4.674119962014096,14.760378827412936,26.568681889343285,6.15015784475539,9.102233610237978,23.124593496280266,9.348239924028192,4.920126275804312,9.348239924028192,13.038334630881426,13.038334630881426,12.792328317091211,3.690094706853234,6.396164158545606,18.942486161846602,0.02533908079275763,0.026081906860867105,0.026165507991377013,0.025052522727988896,0.024997618021420934,0.02446426458718621,0.02544335598576336,0.024090440211986353,0.024790658736778198,0.025186360402215724,0.025405418083877012,0.0251130413196456,0.025022734329464624,0.024594950582051092,0.026092880846345905,0.024915392020955412,0.024550676052891844,0.02514952362306985,0.024718746343422447,0.02526511383872647,0.026255258833374602,0.025608207855517175,0.02444077215868139,0.023971313927688778,0.025255175278913713,0.024814828974900012,0.025539005782576285,0.025347960320635465,0.024975331504462527,0.02534563821424271
search_space_enz_85,2.7507181437250225,2.3275307369980958,0.4231874067269265,1.2695622201807795,1.0579685168173163,0.0,1.692749626907706,1.0579685168173163,0.6347811100903897,0.6347811100903897,0.846374813453853,0.6347811100903897,0.21159370336346325,0.4231874067269265,1.0579685168173163,1.0579685168173163,0.846374813453853,0.6347811100903897,0.846374813453853,1.0579685168173163,0.023767235045583115,0.023992672056607493,0.027609166096454266,0.02410084030784247,0.027954961309367827,0.023006908527302077,0.0279941443081397,0.026875150756891796,0.02838123122671741,0.02646883212331136,0.027200976973069974,0.02392383635054684,0.027305415826378205,0.027245653433172885,0.025829179431276304,0.02627377486280769,0.021413161188780633,0.02113237575353938,0.026070302979537427,0.03093581178580598,0.027476284537143663,0.02732099823596295,0.02608344144504622,0.02610234034744822,0.0277048347488712,0.029064897202302927,0.02607985166276493,0.030091034523267893,0.025516727479020996,0.02548425611157479
search_space_enz_86,8.680585507531864,2.6304804568278377,3.945720685241757,4.471816776607325,0.7891441370483514,2.893528502510622,8.94363355321465,9.469729644580216,4.2087687309245405,4.471816776607325,7.365345279117946,6.050105050704027,2.1043843654622703,5.52400895933846,4.2087687309245405,6.050105050704027,6.050105050704027,0.7891441370483514,5.52400895933846,7.62839332480073,0.0251346173262234,0.02621308273734926,0.0243985899229419,0.024393287923176625,0.024421306319550865,0.025552498632366652,0.024928871032527625,0.023625362841355364,0.023210952757856996,0.024340022377316632,0.024381065845795823,0.023231698585742394,0.02416199108239652,0.025464687447720662,0.024059182121601432,0.023988609830059574,0.023997343249219195,0.024359986165594982,0.02454167836752928,0.023905750733629553,0.024774272279623314,0.025740169282457915,0.024186055032224298,0.024483019980378568,0.025413028273653306,0.025021082634904934,0.024366708735348172,0.02423657247083807,0.024811544625863036,0.025608915701969902
search_space_enz_87,11.498819714163432,6.749307223530709,1.2498717080612425,4.749512490632721,0.999897366448994,2.499743416122485,6.499332881918461,9.499024981265443,4.249563807408224,3.7496151241837277,7.999178931591952,2.2497690745102363,2.2497690745102363,3.999589465795976,7.749204589979703,3.7496151241837277,5.9993841986939636,1.2498717080612425,2.7497177577347336,7.499230248367455,0.02473015930346235,0.02619856429510797,0.024630450458026736,0.02521366471893097,0.02452797097845875,0.025732003943009625,0.0236689441515802,0.02422855128440099,0.023767430721604404,0.024376661175920418,0.02573868424647603,0.02442300004414527,0.025400828447749015,0.024936197407237917,0.025145041023754967,0.0248150303211883,0.025381877595632263,0.023580623760079324,0.024891454488754607,0.02398970415040122,0.026062040236219445,0.026991115935451452,0.026393154164404638,0.02441649025979379,0.025634341711020244,0.02533491021636286,0.023895667044773236,0.02484576282738708,0.024384942336602364,0.026690391139814914
search_space_enz_88,1.7438148620685696,1.9617917198271408,1.3078611465514274,0.6539305732757137,0.6539305732757137,0.4359537155171424,2.1797685775857123,1.9617917198271408,0.4359537155171424,0.4359537155171424,1.0898842887928561,0.8719074310342848,0.4359537155171424,1.0898842887928561,1.3078611465514274,1.3078611465514274,0.8719074310342848,0.6539305732757137,1.3078611465514274,0.6539305732757137,0.02366615659322808,0.027526571444105263,0.028617496213022703,0.026197198393525398,0.026281208014433833,0.026398115115577096,0.027090740432211716,0.025093821459990374,0.024030323771808523,0.025013309001891384,0.025284992096178755,0.026554505977009812,0.02923621764321823,0.026913162386245054,0.02164843480730684,0.027735091937195887,0.026194535530845133,0.02311521640015692,0.025391183109683992,0.029684779365074764,0.028159045183275288,0.026375283192318896,0.023481972222266133,0.02414582761139893,0.02447825924895885,0.025094979604052717,0.024266972365840914,0.028105140984625642,0.028952417757139054,0.02729018437884258
search_space_enz_89,9.328047844965445,6.1368735822141085,3.682124149328465,3.682124149328465,0.736424829865693,2.7002243761742077,5.891398638925544,12.519222107716782,2.7002243761742077,5.891398638925544,7.855198185234059,4.909498865771287,3.1911742627513364,2.7002243761742077,3.9275990926170294,6.382348525502673,4.6640239224827225,2.209274489597079,3.9275990926170294,8.591623015099753,0.026141532680411795,0.02627638923396335,0.025574603225467778,0.026000225191998794,0.02501341856966081,0.02615327757741599,0.02602861331215156,0.024571598105686022,0.02601851438368118,0.024279146982641418,0.025106863458221926,0.025453108794117274,0.024211536947690137,0.027407431762428942,0.025372774097709376,0.024446298258168797,0.022988970202197107,0.025524729487695297,0.023351173744654747,0.025735079256945667,0.02546710119235406,0.02448976763550675,0.02443356576146766,0.026816191375284525,0.026141480937333903,0.02488552103805827,0.02520488302885346,0.023641910498119905,0.02348294254782722,0.024306407423721837
search_space_enz_90,20.03617568264321,15.831052391224265,6.926085421160616,11.625929099805319,4.4524834850318245,9.152327163676528,13.852170842321232,21.520336844320486,8.162886389225012,6.926085421160616,21.767697037933363,6.678725227547737,4.947203872257583,8.162886389225012,11.625929099805319,12.615369874256837,12.120649487031077,3.9577630978060663,8.41024658283789,18.552014520965937,0.02514652313871798,0.025741667823607997,0.026100198550518178,0.02613057796687393,0.02467715819877619,0.0255807769753337,0.025011217058337146,0.025381959844392076,0.024452068987799613,0.024912699417340055,0.024952723485264866,0.024348417766553193,0.024108638527835236,0.02568702412663259,0.02512544674579676,0.025549447353674346,0.02485333563426445,0.024802212455117302,0.025321433074854,0.024654371711960058,0.02445826087158772,0.023991827906423145,0.024770634755994368,0.025903315442472697,0.02482451030056954,0.025586970900458403,0.02577104568095866,0.02530046314049191,0.024624882393035563,0.024869996151479185
search_space_enz_91,10.222575409744437,2.839604280484566,1.1358417121938262,1.1358417121938262,0.28396042804845656,1.7037625682907394,3.975445992678392,5.679208560969132,1.419802140242283,1.987722996339196,6.815050273162957,0.28396042804845656,0.8518812841453697,1.7037625682907394,3.6914855646299354,3.6914855646299354,3.6914855646299354,1.1358417121938262,0.28396042804845656,5.111287704872218,0.02256298717652405,0.026399021260666875,0.026029186184103024,0.023269786145471455,0.024132452198732945,0.023498302951962022,0.0237570744191213,0.022024092959828274,0.024811534390680217,0.022525970939913164,0.02320361612847232,0.026543697584954708,0.02678758613211098,0.023233079438026605,0.02066432873644571,0.022463449180755348,0.02544462750529942,0.023998577568020034,0.026019764013204983,0.02394311913878869,0.022437414442787358,0.02321564172252601,0.02239809354164438,0.024159354398579438,0.022276780662528754,0.022671067533995653,0.024465306756131965,0.023815478421813363,0.025425026451959116,0.023863153966495045
search_space_enz_92,35.82081433263657,16.51314135901686,6.859304872207003,16.00504470181634,1.0161933144010376,7.113353200807263,13.718609744414007,22.864349574023347,5.335014900605447,8.63764317240882,20.83196294522127,5.589063229205707,4.06477325760415,6.859304872207003,8.89169150100908,14.734803058815045,17.5293346734179,3.5566766004036316,5.080966572005188,24.64268787422516,0.024587961109720734,0.02514589503069964,0.02488851316368854,0.025826784443377864,0.024928698271346472,0.025194295752543942,0.025619430350841764,0.0247572308868804,0.024995383460397067,0.024702442683866323,0.02483705596993977,0.02561634497093358,0.02473250631021676,0.024820202272513175,0.025898238393071028,0.0244740116761928,0.024311328992276688,0.024709668716987855,0.024180037227351302,0.02390097760222119,0.025760834223577563,0.025151868564402293,0.023499357014234043,0.024298464426265348,0.024499303112574904,0.02425103775343852,0.025983264981707974,0.02556913825488367,0.024293015044398954,0.024518380739190597
search_space_enz_93,1.5308943741303391,1.9682927667390075,1.312195177826005,0.6560975889130025,0.6560975889130025,0.43739839260866836,1.9682927667390075,2.186991963043342,0.43739839260866836,0.43739839260866836,1.093495981521671,0.8747967852173367,0.43739839260866836,1.093495981521671,1.312195177826005,1.312195177826005,1.093495981521671,0.6560975889130025,1.312195177826005,0.6560975889130025,0.024408289931376437,0.02757784551079749,0.028811376801583445,0.025299536792482077,0.026045608176814672,0.026743793102445356,0.02674019925722826,0.025391289886455864,0.02490010357999789,0.025785390642146057,0.025104870114756987,0.026587609052666036,0.02868681142099002,0.026068568769150428,0.021228077528528788,0.02740195717287011,0.027040155600754283,0.02420910703007477,0.025334227982520382,0.02959457656449591,0.027616382506229935,0.025425124278473658,0.02318195731789678,0.024386576195755103,0.02506602010211239,0.02429395888270362,0.02329418503613693,0.02815357630531397,0.029194619567270878,0.0277290085856373
search_space_enz_94,11.811683051131688,3.674745838129858,4.724673220452675,4.462191374871971,0.7874455367421125,2.8873003013877456,7.6119735218404205,11.024237514389574,5.2496369116140835,6.562046139517604,8.924382749743941,4.462191374871971,2.099854764645633,3.9372276837105624,4.724673220452675,3.674745838129858,6.037082448356196,2.099854764645633,3.14978214696845,8.399419058582533,0.02533994173776688,0.025868561368148666,0.02464660287098402,0.026180626194818788,0.024906508350285444,0.025854225873510335,0.02362849132553312,0.024473076172947045,0.02482883757361083,0.023407348164314116,0.02457461656032542,0.023986687952069628,0.02371423071025725,0.025084715959265327,0.02577151948972779,0.024687167145082733,0.02496978037904165,0.023721375676648507,0.02415145313505176,0.02485146101733544,0.023928687048685705,0.02390135897861667,0.022533422181484738,0.02664809701649704,0.024442792322404445,0.025347734689919767,0.02531060978101358,0.02251841748635685,0.02333355511592915,0.02490625214166294
